frequency_GHz,capacitance_pF,L_tot_nH,Z_ohm,beta,phi_ext_over_phi0,alpha_GHz,chi_GHz,abs_chi_GHz,state_0_0_GHz,state_1_0_GHz,state_2_0_GHz,state_0_1_GHz,state_1_1_GHz,state_0_2_GHz,tracked_level_0_GHz,tracked_level_1_GHz,tracked_level_2_GHz,tracked_level_3_GHz,tracked_level_4_GHz,tracked_level_5_GHz,tracked_level_6_GHz,tracked_level_7_GHz,tracked_level_8_GHz,tracked_level_9_GHz,tracked_level_10_GHz,tracked_level_11_GHz,tracked_level_0_label,tracked_level_1_label,tracked_level_2_label,tracked_level_3_label,tracked_level_4_label,tracked_level_5_label,tracked_level_6_label,tracked_level_7_label,tracked_level_8_label,tracked_level_9_label,tracked_level_10_label,tracked_level_11_label
6.922,4.0,0.132045,5.74554174991358,0.5,-0.5,-0.9732784154377185,-0.0009403606494657879,0.0009403606494657879,0.0,0.9700453048160256,0.9668121941943326,6.922432512451053,7.891537456617613,18.175709324316173,0.0,0.9700453048160256,6.9211570532775255,0.9668121941943326,7.891537456617613,3.8736320921384078,7.887878124618027,3.8736330866773443,10.795650499338123,10.795649502645418,8.715053790228083,8.71505379192304,unlabeled,unlabeled,unlabeled,unlabeled,unlabeled,unlabeled,unlabeled,unlabeled,unlabeled,unlabeled,unlabeled,unlabeled
6.922,4.0,0.132045,5.74554174991358,0.5,-0.49,-0.9632806120901449,-0.0009422471900393248,0.0009422471900393248,0.0,1.0173942166014598,1.0715078211127746,6.922432512451053,7.938884481862473,18.175709324316173,0.0,1.0173942166014598,6.921169067287039,1.0715078211127746,7.938884481862473,3.935000871724114,7.992562797454227,3.9350265979272905,10.857035073681686,10.857012627377642,8.774150611128775,8.774150945947312,unlabeled,unlabeled,unlabeled,unlabeled,unlabeled,unlabeled,unlabeled,unlabeled,unlabeled,unlabeled,unlabeled,unlabeled
6.922,4.0,0.132045,5.74554174991358,0.5,-0.48,-0.9341935006114568,-0.0009467202176551837,0.0009467202176551837,0.0,1.1343214317120953,1.3344493628127339,6.922432512451053,8.055807223945493,18.175709324316173,0.0,1.1343214317120953,6.921198698209466,1.3344493628127339,8.055807223945493,4.0934213276852915,8.255474649013678,4.0941341152143025,11.016115244982089,11.015416606724187,8.926022847870072,8.926029795536024,unlabeled,unlabeled,unlabeled,unlabeled,unlabeled,unlabeled,unlabeled,unlabeled,unlabeled,unlabeled,unlabeled,unlabeled
6.922,4.0,0.132045,5.74554174991358,0.5,-0.47,-0.8886225579806819,-0.0009508450549162717,0.0009508450549162717,0.0,1.2824531794111351,1.6762838008415883,6.922432512451053,8.203934846807272,18.175709324316173,0.0,1.2824531794111351,6.921237836932704,1.6762838008415883,8.203934846807272,4.308902543201228,8.59725656342323,4.312729117454637,11.234663036331312,11.230871868666455,9.131441313982734,9.131481013155025,unlabeled,unlabeled,unlabeled,unlabeled,unlabeled,unlabeled,unlabeled,unlabeled,unlabeled,unlabeled,unlabeled,unlabeled
6.922,4.0,0.132045,5.74554174991358,0.5,-0.46,-0.8305452789583967,-0.0009513107617777905,0.0009513107617777905,0.0,1.439761830904203,2.0489783828500094,6.922432512451053,8.361243032593478,18.175709324316173,0.0,1.439761830904203,6.921283105337167,2.0489783828500094,8.361243032593478,4.556968355830563,8.969848022699026,4.569028810224438,11.490893750689864,11.47890414898896,9.367074696474276,9.36721933727516,unlabeled,unlabeled,unlabeled,unlabeled,unlabeled,unlabeled,unlabeled,unlabeled,unlabeled,unlabeled,unlabeled,unlabeled
6.922,4.0,0.132045,5.74554174991358,0.5,-0.45,-0.7648032190400613,-0.0009455991350932891,0.0009455991350932891,0.0,1.596415835202265,2.4280284513644688,6.922432512451053,8.517902748518225,18.175709324316173,0.0,1.596415835202265,6.921333542030553,2.4280284513644688,8.517902748518225,4.8247993501184965,9.3486660650847,4.853466250691994,11.775238898369196,11.74669611970269,9.62148252130963,9.621909799178965,"|0,0>","|1,0>","|0,1>","|2,0>","|1,1>","|2,1>","|0,2>","|3,0>",unlabeled,"|3,1>","|5,0>","|4,0>"
6.922,4.0,0.132045,5.74554174991358,0.5,-0.44,-0.696461852812817,-0.0009324411736315596,0.0009324411736315596,0.0,1.7482540632861827,2.8000462737595484,6.922432512451053,8.669754134563604,18.175709324316173,0.0,1.7482540632861827,6.92138934229537,2.8000462737595484,8.669754134563604,5.161954732310008,9.72010189619516,5.105000679420073,12.02685490358401,12.083611504505512,9.888731369720631,9.889883771241784,"|0,0>","|1,0>","|0,1>","|2,0>","|1,1>","|2,1>","|0,2>","|3,0>",unlabeled,"|3,1>","|5,0>","|4,0>"
6.922,4.0,0.132045,5.74554174991358,0.5,-0.43,-0.6301215571886019,-0.0009116717948387532,0.0009116717948387532,0.0,1.8936385660567794,3.157155574924957,6.922432512451053,8.815159406712993,18.175709324316173,0.0,1.8936385660567794,6.921451979602267,3.157155574924957,8.815159406712993,5.492406316089202,10.07556650245148,5.392698881044879,12.314508698465303,12.413924995048333,10.165363624001827,10.168464929125705,"|0,0>","|1,0>","|0,1>","|2,0>","|1,1>","|2,1>","|0,2>","|3,0>",unlabeled,"|3,1>","|5,0>","|4,0>"
6.922,4.0,0.132045,5.74554174991358,0.5,-0.42,-0.5693216291309255,-0.0008838339206533874,0.0008838339206533874,0.0,2.0320885006434963,3.494855372156067,6.922432512451053,8.953637179173896,18.175709324316173,0.0,2.0320885006434963,6.92152583232874,3.494855372156067,8.953637179173896,5.843017325498835,10.408268849058771,5.684348970282215,12.606113795848117,12.764376964765248,10.449111838343669,10.457778310909958,"|0,0>","|1,0>","|0,1>","|2,0>","|1,1>","|2,1>","|0,2>","|3,0>",unlabeled,"|3,1>","|5,0>","|4,0>"
6.922,4.0,0.132045,5.74554174991358,0.5,-0.41000000000000003,-0.5162065217881491,-0.0008497954352009174,0.0008497954352009174,0.0,2.1636605760659364,3.8111146303437238,6.922432512451053,9.085243293081788,18.175709324316173,0.0,2.1636605760659364,6.921625650276539,3.8111146303437238,9.085243293081788,6.211454866671886,10.73832605760093,5.977219051040464,12.898939197533892,13.132627058890677,10.756786388298849,10.71571080132125,"|0,0>","|1,0>","|0,1>","|2,0>","|1,1>","|2,1>","|0,2>","|3,0>",unlabeled,"|3,1>","|5,0>","|4,0>"
6.922,4.0,0.132045,5.74554174991358,0.5,-0.4,-0.4715471881228126,-0.0008104819965382148,0.0008104819965382148,0.0,2.2886520586435353,4.105756929164258,6.922432512451053,9.21027408909805,18.175709324316173,0.0,2.2886520586435353,6.921838233402241,4.105756929164258,9.21027408909805,6.594587036507988,11.031697911353277,6.269142455695999,13.515464499325248,13.190818803390513,11.053486929760794,11.008605396632476,"|0,0>","|1,0>","|0,1>","|2,0>","|1,1>","|2,1>","|0,2>","|3,0>",unlabeled,"|3,1>","|5,0>","|4,0>"
6.922,4.0,0.132045,5.74554174991358,0.5,-0.39,-0.4350539927691415,-0.0007667269116211628,0.0007667269116211628,0.0,2.4074534987786933,4.379853004788245,6.922432512451053,9.329119284318125,18.175709324316173,0.0,2.4074534987786933,6.920232379036989,4.379853004788245,9.329119284318125,6.990752594556923,11.32811757665553,6.558381356563487,13.84067110484628,13.480015082700064,11.346330161153361,11.288712996334056,"|0,0>","|1,0>","|0,1>","|2,0>","|1,1>","|2,1>","|0,2>","|3,0>",unlabeled,"|3,1>","|5,0>","|4,0>"
6.922,4.0,0.132045,5.74554174991358,0.5,-0.38,-0.40580558412423784,-0.0007192033191074643,0.0007192033191074643,0.0,2.5204753414506627,4.6351450987770875,6.922432512451053,9.442188650582608,18.175709324316173,0.0,2.5204753414506627,6.921462929530875,4.6351450987770875,9.442188650582608,7.391495459066803,11.62659533249932,6.843540562587478,13.843109576975706,13.76513292509371,11.643161931212973,11.549242958763642,"|0,0>","|1,0>","|0,1>","|2,0>","|1,1>","|2,1>","|0,2>","|3,0>",unlabeled,"|3,1>","|5,0>","|4,0>"
6.922,4.0,0.132045,5.74554174991358,0.5,-0.37,-0.3826289474135365,-0.0006684029398655866,0.0006684029398655866,0.0,2.6281124480042877,4.873595948595039,6.922432512451053,9.549876557515475,18.175709324316173,0.0,2.6281124480042877,6.921618129657986,4.873595948595039,9.549876557515475,7.797030621583218,11.92621711797058,7.123506229827669,13.843420747662492,14.045058391782604,11.945154996134775,11.790420651888354,"|0,0>","|1,0>","|0,1>","|2,0>","|1,1>","|2,1>","|0,2>","|3,0>",unlabeled,"|3,1>","|5,0>","|4,0>"
6.922,4.0,0.132045,5.74554174991358,0.5,-0.36,-0.3643536838861223,-0.0006146356480769555,0.0006146356480769555,0.0,2.7307284051305487,5.097103126374975,6.922432512451053,9.652546281933525,18.175709324316173,0.0,2.7307284051305487,6.921716540978764,5.097103126374975,9.652546281933525,8.202950906084936,12.226119305456706,7.397398436665995,13.843618096460176,14.318911315939033,12.250607983626594,12.015366491601014,"|0,0>","|1,0>","|0,1>","|2,0>","|1,1>","|2,1>","|0,2>","|3,0>",unlabeled,"|3,1>","|5,0>","|4,0>"
6.922,4.0,0.132045,5.74554174991358,0.5,-0.35,-0.3499430201177489,-0.0005580336985957501,0.0005580336985957501,0.0,2.8286501254009835,5.307357230684218,6.922432512451053,9.75052460415344,18.175709324316173,0.0,2.8286501254009835,6.921801420578504,5.307357230684218,9.75052460415344,8.606225892760307,12.52547495380459,7.664532452380584,13.843788394511591,14.586006581173208,12.558407519715715,12.226462846675531,"|0,0>","|1,0>","|0,1>","|2,0>","|1,1>","|2,1>","|0,2>","|3,0>",unlabeled,"|3,1>","|5,0>","|4,0>"
6.922,4.0,0.132045,5.74554174991358,0.5,-0.33999999999999997,-0.3385389136430348,-0.000498550963385469,0.000498550963385469,0.0,2.922167660003794,5.505796406364553,6.922432512451053,9.844101621491461,18.175709324316173,0.0,2.922167660003794,6.921883399905582,5.505796406364553,9.844101621491461,9.004277461392292,12.823487154904655,7.92438609246345,13.843952965005798,14.845821472211753,12.8678713551148,12.425439751820903,"|0,0>","|1,0>","|0,1>","|2,0>","|1,1>","|2,1>","|0,2>","|3,0>",unlabeled,"|3,1>","|5,0>","|4,0>"
6.922,4.0,0.132045,5.74554174991358,0.5,-0.32999999999999996,-0.3294597513100257,-0.00043595058076562054,0.00043595058076562054,0.0,3.011536490354544,5.6936132293990624,6.922432512451053,9.933533052224831,18.175709324316173,0.0,3.011536490354544,6.921967400234294,5.6936132293990624,9.933533052224831,9.394932599882068,13.11938678440228,8.176571744807106,13.844121718971934,15.09796768132206,13.178485700849677,12.613620490358784,"|0,0>","|1,0>","|0,1>","|2,0>","|1,1>","|2,1>","|0,2>","|3,0>",unlabeled,"|3,1>","|5,0>","|4,0>"
6.922,4.0,0.132045,5.74554174991358,0.5,-0.32,-0.322177599978545,-0.000369774691762359,0.000369774691762359,0.0,3.0969808386403344,5.871784077302124,6.922432512451053,10.019043576399625,18.175709324316173,0.0,3.0969808386403344,6.922057369144596,5.871784077302124,10.019043576399625,9.776384748216188,13.489788337982347,8.420812236418442,13.844302863930807,15.342167137215213,13.412432896977435,12.792044963925349,"|0,0>","|1,0>","|0,1>","|2,0>","|1,1>","|2,1>","|0,2>","|3,0>",unlabeled,"|3,1>","|5,0>","|4,0>"
6.922,4.0,0.132045,5.74554174991358,0.5,-0.31,-0.3162903396573853,-0.00029928744980622923,0.00029928744980622923,0.0,3.1786972352815326,6.04110413090568,6.922432512451053,10.10083046028278,18.175709324316173,0.0,3.1786972352815326,6.922158176171877,6.04110413090568,10.10083046028278,10.147157310338144,13.801302468242724,8.656920006755541,13.844516253509397,15.578231115520666,13.70191456548416,12.961540204103954,"|0,0>","|1,0>","|0,1>","|2,0>","|1,1>","|2,1>","|0,2>","|3,0>",unlabeled,"|3,1>","|5,0>","|4,0>"
6.922,4.0,0.132045,5.74554174991358,0.5,-0.3,-0.31149628105491445,-0.00022337664343297092,0.00022337664343297092,0.0,3.256857964037806,6.202219647020698,6.922432512451053,10.179067099845426,18.175709324316173,0.0,3.256857964037806,6.922277604229336,6.202219647020698,10.179067099845426,10.506071487499796,14.112561413339307,8.884779199772524,13.844740246511108,15.806042229188705,13.987153333040467,13.122766224919332,"|0,0>","|1,0>","|0,1>","|2,0>","|1,1>","|2,1>","|0,2>","|3,0>",unlabeled,"|3,1>","|5,0>","|4,0>"
6.922,4.0,0.132045,5.74554174991358,0.5,-0.29000000000000004,-0.3075752965698655,-0.0001403869932374846,0.0001403869932374846,0.0,3.331614213501723,6.355653130433581,6.922432512451053,10.253906338959538,18.175709324316173,0.0,3.331614213501723,6.922430387169598,6.355653130433581,10.253906338959538,10.85221807542915,14.422961973753104,9.104330347647576,13.845046607439087,16.025538945794835,14.267505712170276,13.276244361858986,"|0,0>","|1,0>","|0,1>","|2,0>","|1,1>","|2,1>","|0,2>","|3,0>",unlabeled,"|3,1>","|5,0>","|4,0>"
6.922,4.0,0.132045,5.74554174991358,0.5,-0.28,-0.3043818832428258,-4.783355404924805e-05,4.783355404924805e-05,0.0,3.40309887471021,6.501815866177594,6.922432512451053,10.325483553607214,18.175709324316173,0.0,3.40309887471021,6.922649449305723,6.501815866177594,10.325483553607214,11.184931431733645,14.731893208150723,9.315557326122246,13.845483242198739,16.236702261648873,14.542365363898128,13.42236254884969,"|0,0>","|1,0>","|0,1>","|2,0>","|1,1>","|2,1>","|0,2>","|3,0>",unlabeled,"|3,1>","|5,0>","|4,0>"
6.922,4.0,0.132045,5.74554174991358,0.5,-0.27,-0.301872890358311,5.8109402644390684e-05,5.8109402644390684e-05,0.0,3.4714289814502166,6.640985072542122,6.922432512451053,10.393919603303914,18.175709324316173,0.0,3.4714289814502166,6.923027620641477,6.640985072542122,10.393919603303914,11.503763698934804,14.811164740540733,9.518476220486846,13.846232011314626,16.439544071188635,15.038656873687003,13.561315370851347,"|0,0>","|1,0>","|0,1>","|2,0>","|1,1>","|2,1>","|0,2>","|3,0>",unlabeled,"|3,1>","|5,0>","|4,0>"
6.922,4.0,0.132045,5.74554174991358,0.5,-0.26,-0.3003454331244626,0.00018357091376230983,0.00018357091376230983,0.0,3.5367078172175894,6.773070201310716,6.922432512451053,10.459323900582405,18.175709324316173,0.0,3.5367078172175894,6.9239661258470875,6.773070201310716,10.459323900582405,11.80845801813362,15.07337608896195,9.713125625051745,13.84805533754286,16.634096538611956,15.34249031412719,13.692655217355565,"|0,0>","|1,0>","|0,1>","|2,0>","|1,1>","|2,1>","|0,2>","|3,0>",unlabeled,"|3,1>","|5,0>","|4,0>"
6.922,4.0,0.132045,5.74554174991358,0.5,-0.25,-0.30585970979568344,0.00033893335536561153,0.00033893335536561153,0.0,3.5990267238106384,6.892193737825593,6.922432512451053,10.521798169617057,18.175709324316173,0.0,3.5990267238106384,6.931605319280322,6.892193737825593,10.521798169617057,12.098920400341598,15.328511792433943,9.89955759655966,13.807716111923838,16.820401188678787,15.642576884117688,13.859884955438218,"|0,0>","|1,0>","|0,1>","|2,0>","|1,1>","|2,1>","|0,2>","|3,0>",unlabeled,"|3,1>","|5,0>","|4,0>"
6.922,4.0,0.132045,5.74554174991358,0.5,-0.24,-0.29178648744036195,0.0005431838036713543,0.0005431838036713543,0.0,3.658466649344703,7.025146811249044,6.922432512451053,10.581442345599427,18.175709324316173,0.0,3.658466649344703,6.919378071431552,7.025146811249044,10.581442345599427,12.375190777628902,15.576124084938769,10.07782761513775,13.839054523335236,16.998494766172968,15.938061112566103,13.949390531105777,"|0,0>","|1,0>","|0,1>","|2,0>","|1,1>","|2,1>","|0,2>","|3,0>",unlabeled,"|3,1>","|5,0>","|4,0>"
6.922,4.0,0.132045,5.74554174991358,0.5,-0.22999999999999998,-0.2916550761472365,0.0008349822733606516,0.0008349822733606516,0.0,3.715099471875746,7.138543867604255,6.922432512451053,10.63836696660016,18.175709324316173,0.0,3.715099471875746,6.920862134767404,7.138543867604255,10.63836696660016,12.637414315081116,15.815804206519175,10.247979020184118,13.841928594357213,17.168383459612798,16.22806632583311,14.061507730046543,"|0,0>","|1,0>","|0,1>","|2,0>","|1,1>","|2,1>","|0,2>","|3,0>",unlabeled,"|3,1>","|5,0>","|4,0>"
6.922,4.0,0.132045,5.74554174991358,0.5,-0.21999999999999997,-0.2907081493096797,0.0013066134606134483,0.0013066134606134483,0.0,3.7689891314823,7.2472701136549205,6.922432512451053,10.692728257393966,18.175709324316173,0.0,3.7689891314823,6.921338235588081,7.2472701136549205,10.692728257393966,12.885814251492803,16.511712777145192,10.410005556706793,13.842875143835201,17.329975316394453,16.04718108732068,14.169866920210922,"|0,0>","|1,0>","|0,1>","|2,0>","|1,1>","|2,1>","|0,2>","|3,0>",unlabeled,"|3,1>","|5,0>","|4,0>"
6.922,4.0,0.132045,5.74554174991358,0.5,-0.21000000000000002,-0.28969389996163386,0.0022437170757143576,0.0022437170757143576,0.0,3.8201925995946198,7.350691299227606,6.922432512451053,10.744868829121387,18.175709324316173,0.0,3.8201925995946198,6.921584673686894,7.350691299227606,10.744868829121387,13.120667396687978,16.788134652505732,10.56370896089912,13.843367833793991,17.482824166698748,16.269919655133577,14.27313950775688,"|0,0>","|1,0>","|0,1>","|2,0>","|1,1>","|2,1>","|0,2>","|3,0>",unlabeled,"|3,1>","|5,0>","|4,0>"
6.922,4.0,0.132045,5.74554174991358,0.5,-0.2,-0.2887291496272866,0.0051184758817868214,0.0051184758817868214,0.0,3.868760710341647,7.448792271056007,6.922432512451053,10.796311698674486,18.175709324316173,0.0,3.868760710341647,6.9217422624354015,7.448792271056007,10.796311698674486,13.342283061167223,17.056494793416363,10.707703752118476,13.843683780686291,17.624544583981773,16.48371886027992,14.371174921195589,"|0,0>","|1,0>","|0,1>","|2,0>","|1,1>","|2,1>","|0,2>","|3,0>",unlabeled,"|3,1>","|5,0>","|4,0>"
6.922,4.0,0.132045,5.74554174991358,0.5,-0.19,-0.28783939204116393,-0.014971853782213884,0.014971853782213884,0.0,3.9147388749544803,7.541638357867797,6.922432512451053,10.82219953362332,18.175709324316173,0.0,3.9147388749544803,6.9218557509993985,7.541638357867797,10.82219953362332,13.550985733266586,17.315996486809937,10.866977214981958,13.843911943088003,17.73594855065906,16.688309505435598,14.463995175595258,"|0,0>","|1,0>","|0,1>","|2,0>","|1,1>","|2,1>","|0,2>","|3,0>",unlabeled,"|3,1>","|5,0>","|4,0>"
6.922,4.0,0.132045,5.74554174991358,0.5,-0.18,-0.28702769098826764,-0.004279061686617069,0.004279061686617069,0.0,3.9581676969792454,7.629307702970223,6.922432512451053,10.876321147743681,18.175709324316173,0.0,3.9581676969792454,6.92194376487528,7.629307702970223,10.876321147743681,13.74710068220773,17.565892125442446,10.987862453502188,13.84409057939709,17.79490364900353,16.88345195852375,14.551660686771882,"|0,0>","|1,0>","|0,1>","|2,0>","|1,1>","|2,1>","|0,2>","|3,0>",unlabeled,"|3,1>","|5,0>","|4,0>"
6.922,4.0,0.132045,5.74554174991358,0.5,-0.16999999999999998,-0.28629050655740684,-0.0024726872325260274,0.0024726872325260274,0.0,3.99908350323372,7.7118764999100335,6.922432512451053,10.919043328452247,18.175709324316173,0.0,3.99908350323372,6.922015424973139,7.7118764999100335,10.919043328452247,13.93095470808207,17.8054888824052,11.11010635907671,13.844229340229532,17.839244714903813,17.068933815805977,14.634239364759665,"|0,0>","|1,0>","|0,1>","|2,0>","|1,1>","|2,1>","|0,2>","|3,0>",unlabeled,"|3,1>","|5,0>","|4,0>"
6.922,4.0,0.132045,5.74554174991358,0.5,-0.15999999999999998,-0.28562245607182035,-0.0017630090158462508,0.0017630090158462508,0.0,4.0375188029476305,7.789415149823441,6.922432512451053,10.958188306382837,18.175709324316173,0.0,4.0375188029476305,6.9220757147217995,7.789415149823441,10.958188306382837,14.102836353225541,17.879074549584374,11.225992119215789,13.844352710885673,18.034151757287674,17.2445675706836,14.711797569492617,"|0,0>","|1,0>","|0,1>","|2,0>","|1,1>","|2,1>","|0,2>","|3,0>",unlabeled,"|3,1>","|5,0>","|4,0>"
6.922,4.0,0.132045,5.74554174991358,0.5,-0.14999999999999997,-0.28501794826897253,-0.0013804877675624994,0.0013804877675624994,0.0,4.073502685569878,7.861987422870783,6.922432512451053,10.994554710253368,18.175709324316173,0.0,4.073502685569878,6.922127580276737,7.861987422870783,10.994554710253368,14.263037845899802,17.91581764682249,11.334818373565412,13.844457664716444,18.251304454541227,17.410188332356512,14.784397317947736,"|0,0>","|1,0>","|0,1>","|2,0>","|1,1>","|2,1>","|0,2>","|3,0>",unlabeled,"|3,1>","|5,0>","|4,0>"
6.922,4.0,0.132045,5.74554174991358,0.5,-0.14,-0.28447176225355975,-0.0011386249329490283,0.0011386249329490283,0.0,4.107061166016862,7.929650569780165,6.922432512451053,11.028355053534966,18.175709324316173,0.0,4.107061166016862,6.922172869796725,7.929650569780165,11.028355053534966,14.411818668351401,17.94985822158415,11.436461930591875,13.844549221434733,18.358870885940917,17.565651626882442,14.852095666638789,"|0,0>","|1,0>","|0,1>","|2,0>","|1,1>","|2,1>","|0,2>","|3,0>",unlabeled,"|3,1>","|5,0>","|4,0>"
6.922,4.0,0.132045,5.74554174991358,0.5,-0.13,-0.28397923104336087,-0.0009704311554514788,0.0009704311554514788,0.0,4.138217484602393,7.992455738161425,6.922432512451053,11.059679565897994,18.175709324316173,0.0,4.138217484602393,6.9222127971871,7.992455738161425,11.059679565897994,14.549415504743735,17.98135063178995,11.530914200563018,13.844629946219754,18.45313626897837,17.71083129866207,14.914945028924848,"|0,0>","|1,0>","|0,1>","|2,0>","|1,1>","|2,1>","|0,2>","|3,0>",unlabeled,"|3,1>","|5,0>","|4,0>"
6.922,4.0,0.132045,5.74554174991358,0.5,-0.12,-0.28353626970076107,-0.000846024685699831,0.000846024685699831,0.0,4.1669923678710745,8.050448466041388,6.922432512451053,11.088578855636428,18.175709324316173,0.0,4.1669923678710745,6.922248189314402,8.050448466041388,11.088578855636428,14.676040351155436,18.010374693286465,11.618198834343374,13.844701526931729,18.5402715743993,17.84561748920534,14.972994125018644,"|0,0>","|1,0>","|0,1>","|2,0>","|1,1>","|2,1>","|0,2>","|3,0>",unlabeled,"|3,1>","|5,0>","|4,0>"
6.922,4.0,0.132045,5.74554174991358,0.5,-0.10999999999999999,-0.2831393432176128,-0.0007500979346559689,0.0007500979346559689,0.0,4.193404255443653,8.103669167669693,6.922432512451053,11.11508666996005,18.175709324316173,0.0,4.193404255443653,6.922279626082357,8.103669167669693,11.11508666996005,14.791879510408734,18.03698000046697,11.698349282451986,13.84476513425291,18.620295348524223,17.96991422231406,15.026289828679978,"|0,0>","|1,0>","|0,1>","|2,0>","|1,1>","|2,1>","|0,2>","|3,0>",unlabeled,"|3,1>","|5,0>","|4,0>"
6.922,4.0,0.132045,5.74554174991358,0.5,-0.09999999999999998,-0.2827854139171535,-0.0006740173750188205,0.0006740173750188205,0.0,4.217469497180375,8.152153580443596,6.922432512451053,11.139227992256409,18.175709324316173,0.0,4.217469497180375,6.922307523869804,8.152153580443596,11.139227992256409,14.897090962061952,18.061188312437466,11.771401021177155,13.844821604307683,18.693234895875236,18.083650986643775,15.074881143209879,"|0,0>","|1,0>","|0,1>","|2,0>","|1,1>","|2,1>","|0,2>","|3,0>",unlabeled,"|3,1>","|5,0>","|4,0>"
6.922,4.0,0.132045,5.74554174991358,0.5,-0.08999999999999997,-0.2824718853216268,-0.0006125583803537893,0.0006125583803537893,0.0,4.239202524315687,8.195933163309746,6.922432512451053,11.161022478386386,18.175709324316173,0.0,4.239202524315687,6.922332187324869,8.195933163309746,11.161022478386386,14.991795352661697,18.083050012816955,11.837388433137448,13.844871546847571,18.75912005368434,18.18673135795663,15.118829782790456,"|0,0>","|1,0>","|0,1>","|2,0>","|1,1>","|2,1>","|0,2>","|3,0>",unlabeled,"|3,1>","|5,0>","|4,0>"
6.922,4.0,0.132045,5.74554174991358,0.5,-0.08000000000000002,-0.28219654953007023,-0.0005623867134545435,0.0005623867134545435,0.0,4.258615997597033,8.235035445663996,6.922432512451053,11.180486123334632,18.175709324316173,0.0,4.258615997597033,6.922353842660328,8.235035445663996,11.180486123334632,15.07604037536754,18.102564725831414,11.896343443228474,13.844915413520638,18.81798039704212,18.27911417561164,15.158247430208263,"|0,0>","|1,0>","|0,1>","|2,0>","|1,1>","|2,1>","|0,2>","|3,0>",unlabeled,"|3,1>","|5,0>","|4,0>"
6.922,4.0,0.132045,5.74554174991358,0.5,-0.07,-0.28195754065973233,-0.0005212865818009504,0.0005212865818009504,0.0,4.2757209349802,8.269484329300667,6.922432512451053,11.197632160849452,18.175709324316173,0.0,4.2757209349802,6.922372659684385,8.269484329300667,11.197632160849452,15.149601539822967,18.11975235623447,11.948294901665236,13.844953542649094,18.869843902772402,18.360742968312863,15.193496567641517,"|0,0>","|1,0>","|0,1>","|2,0>","|1,1>","|2,1>","|0,2>","|3,0>",unlabeled,"|3,1>","|5,0>","|4,0>"
6.922,4.0,0.132045,5.74554174991358,0.5,-0.06,-0.2817532950043784,-0.00048774008259044876,0.00048774008259044876,0.0,4.290526821006381,8.299300347008383,6.922432512451053,11.212471593374843,18.175709324316173,0.0,4.290526821006381,6.922388766729867,8.299300347008383,11.212471593374843,15.209696286181952,18.13462568860494,11.993268312731502,13.844986189438487,18.914736274752144,18.431573281325996,15.227477861108255,"|0,0>","|1,0>","|0,1>","|2,0>","|1,1>","|2,1>","|0,2>","|3,0>",unlabeled,"|3,1>","|5,0>","|4,0>"
6.922,4.0,0.132045,5.74554174991358,0.5,-0.04999999999999999,-0.2815825177188316,-0.00046068514895125645,0.00046068514895125645,0.0,4.303041699673827,8.324500881628822,6.922432512451053,11.225013526975928,18.175709324316173,0.0,4.303041699673827,6.922402260969122,8.324500881628822,11.225013526975928,15.244165131348723,18.147194951029192,12.031285731831659,13.84501354680178,18.95268056797765,18.49156785373792,15.272450370209071,"|0,0>","|1,0>","|0,1>","|2,0>","|1,1>","|2,1>","|0,2>","|3,0>",unlabeled,"|3,1>","|5,0>","|4,0>"
6.922,4.0,0.132045,5.74554174991358,0.5,-0.03999999999999998,-0.2814441554242677,-0.0004393700896230257,0.0004393700896230257,0.0,4.313272252231826,8.345100349039384,6.922432512451053,11.235265394593256,18.175709324316173,0.0,4.313272252231826,6.922413215649399,8.345100349039384,11.235265394593256,15.266040411442276,18.157468348068207,12.06236574546709,13.845035759913458,18.983696930190817,18.54069581318717,15.31546399555468,"|0,0>","|1,0>","|0,1>","|2,0>","|1,1>","|2,1>","|0,2>","|3,0>",unlabeled,"|3,1>","|5,0>","|4,0>"
6.922,4.0,0.132045,5.74554174991358,0.5,-0.02999999999999997,-0.28133737421997296,-0.0004232633334879665,0.0004232633334879665,0.0,4.321223861149832,8.361110348079691,6.922432512451053,11.243233110267397,18.175709324316173,0.0,4.321223861149832,6.922421685190955,8.361110348079691,11.243233110267397,15.282450054138664,18.16545233332255,12.086523490291455,13.845052936475668,19.00780236872201,18.57893220221068,15.349456717832595,"|0,0>","|1,0>","|0,1>","|2,0>","|1,1>","|2,1>","|0,2>","|3,0>",unlabeled,"|3,1>","|5,0>","|4,0>"
6.922,4.0,0.132045,5.74554174991358,0.5,-0.020000000000000018,-0.2812615424589495,-0.0004119963027449103,0.0004119963027449103,0.0,4.326900661193733,8.372539779928516,6.922432512451053,11.24892117734204,18.175709324316173,0.0,4.326900661193733,6.922427708766179,8.372539779928516,11.24892117734204,15.294055600460013,18.171151782240926,12.103770687362825,13.845065153924608,19.025010504447266,18.60625770637303,15.373817403458176,"|0,0>","|1,0>","|0,1>","|2,0>","|1,1>","|2,1>","|0,2>","|3,0>",unlabeled,"|3,1>","|5,0>","|4,0>"
6.922,4.0,0.132045,5.74554174991358,0.5,-0.010000000000000009,-0.281216217861342,-0.0004053272352564363,0.0004053272352564363,0.0,4.330305578407263,8.379394938953183,6.922432512451053,11.252332763623059,18.175709324316173,0.0,4.330305578407263,6.922431312775117,8.379394938953183,11.252332763623059,15.300991838820337,18.174570106011117,12.114115678155557,13.845072464389204,19.035331315273226,18.622658535008924,15.388446812507866,"|0,0>","|1,0>","|0,1>","|2,0>","|1,1>","|2,1>","|0,2>","|3,0>",unlabeled,"|3,1>","|5,0>","|4,0>"
6.922,4.0,0.132045,5.74554174991358,0.5,0.0,-0.2812011385668427,-0.00040311902546363854,0.00040311902546363854,0.0,4.331440357550861,8.381679576534879,6.922432512451053,11.25346975097645,18.175709324316173,0.0,4.331440357550861,6.922432512451053,8.381679576534879,11.25346975097645,15.303300458639782,18.175709324316173,12.117563454517835,13.845074897934367,19.03877090099101,18.62812640012089,15.39332440230423,"|0,0>","|1,0>","|0,1>","|2,0>","|1,1>","|2,1>","|0,2>","|3,0>",unlabeled,"|3,1>","|5,0>","|4,0>"
6.922,4.0,0.132045,5.74554174991358,0.5,0.010000000000000009,-0.28121621786127093,-0.0004053272348869541,0.0004053272348869541,0.0,4.330305578407248,8.379394938953226,6.922432512451053,11.252332763623414,18.175709324316173,0.0,4.330305578407248,6.9224313127747905,8.379394938953226,11.252332763623414,15.300991838819755,18.174570106011615,12.11411567815584,13.845072464389602,19.03533131527294,18.622658535009094,15.388446812508136,"|0,0>","|1,0>","|0,1>","|2,0>","|1,1>","|2,1>","|0,2>","|3,0>",unlabeled,"|3,1>","|5,0>","|4,0>"
6.922,4.0,0.132045,5.74554174991358,0.5,0.020000000000000018,-0.2812615424566616,-0.0004119963032422902,0.0004119963032422902,0.0,4.326900661191658,8.372539779926655,6.922432512451053,11.248921177339469,18.175709324316173,0.0,4.326900661191658,6.922427708764488,8.372539779926655,11.248921177339469,15.294055600458222,18.17115178223868,12.103770687360068,13.845065153922135,19.025010504445817,18.60625770637239,15.3738174034564,"|0,0>","|1,0>","|0,1>","|2,0>","|1,1>","|2,1>","|0,2>","|3,0>",unlabeled,"|3,1>","|5,0>","|4,0>"
6.922,4.0,0.132045,5.74554174991358,0.5,0.030000000000000027,-0.28133737421640603,-0.00042326333279163464,0.00042326333279163464,0.0,4.321223861148198,8.36111034807999,6.922432512451053,11.243233110266459,18.175709324316173,0.0,4.321223861148198,6.9224216851895335,8.36111034807999,11.243233110266459,15.282450054138607,18.165452333321852,12.086523490289949,13.845052936475554,19.007802368723716,18.57893220221152,15.349456717834016,"|0,0>","|1,0>","|0,1>","|2,0>","|1,1>","|2,1>","|0,2>","|3,0>",unlabeled,"|3,1>","|5,0>","|4,0>"
6.922,4.0,0.132045,5.74554174991358,0.5,0.040000000000000036,-0.2814441554233156,-0.00043937009124306314,0.00043937009124306314,0.0,4.3132722522323945,8.345100349041473,6.922432512451053,11.235265394592204,18.175709324316173,0.0,4.3132722522323945,6.922413215650579,8.345100349041473,11.235265394592204,15.266040411443129,18.157468348070296,12.062365745468256,13.84503575991468,18.983696930192536,18.540695813188677,15.315463995555504,"|0,0>","|1,0>","|0,1>","|2,0>","|1,1>","|2,1>","|0,2>","|3,0>",unlabeled,"|3,1>","|5,0>","|4,0>"
6.922,4.0,0.132045,5.74554174991358,0.5,0.050000000000000044,-0.2815825177164868,-0.0004606851487523045,0.0004606851487523045,0.0,4.303041699671738,8.324500881626989,6.922432512451053,11.225013526974038,18.175709324316173,0.0,4.303041699671738,6.922402260967061,8.324500881626989,11.225013526974038,15.24416513134804,18.147194951027686,12.031285731829627,13.845013546799962,18.95268056797515,18.49156785373654,15.272450370207537,"|0,0>","|1,0>","|0,1>","|2,0>","|1,1>","|2,1>","|0,2>","|3,0>",unlabeled,"|3,1>","|5,0>","|4,0>"
6.922,4.0,0.132045,5.74554174991358,0.5,0.06000000000000005,-0.28175329500288626,-0.00048774008224938825,0.00048774008224938825,0.0,4.290526821005642,8.299300347008398,6.922432512451053,11.212471593374445,18.175709324316173,0.0,4.290526821005642,6.922388766727522,8.299300347008398,11.212471593374445,15.20969628618198,18.134625688604658,11.993268312730777,13.84498618943772,18.91473627475179,18.431573281326166,15.227477861108241,"|0,0>","|1,0>","|0,1>","|2,0>","|1,1>","|2,1>","|0,2>","|3,0>",unlabeled,"|3,1>","|5,0>","|4,0>"
6.922,4.0,0.132045,5.74554174991358,0.5,0.07000000000000006,-0.28195754065899337,-0.0005212865823693846,0.0005212865823693846,0.0,4.2757209349795176,8.269484329300042,6.922432512451053,11.197632160848201,18.175709324316173,0.0,4.2757209349795176,6.922372659683205,8.269484329300042,11.197632160848201,15.149601539822186,18.11975235623268,11.948294901662564,13.844953542647161,18.86984390277398,18.360742968313005,15.193496567640238,"|0,0>","|1,0>","|0,1>","|2,0>","|1,1>","|2,1>","|0,2>","|3,0>",unlabeled,"|3,1>","|5,0>","|4,0>"
6.922,4.0,0.132045,5.74554174991358,0.5,0.07999999999999996,-0.282196549527967,-0.0005623867134545435,0.0005623867134545435,0.0,4.258615997595911,8.235035445663854,6.922432512451053,11.180486123333509,18.175709324316173,0.0,4.258615997595911,6.922353842659362,8.235035445663854,11.180486123333509,15.0760403753672,18.10256472583076,11.89634344322782,13.844915413519445,18.81798039704097,18.279114175611113,15.158247430207425,"|0,0>","|1,0>","|0,1>","|2,0>","|1,1>","|2,1>","|0,2>","|3,0>",unlabeled,"|3,1>","|5,0>","|4,0>"
6.922,4.0,0.132045,5.74554174991358,0.5,0.08999999999999997,-0.2824718853228063,-0.0006125583808511692,0.0006125583808511692,0.0,4.239202524315786,8.195933163308766,6.922432512451053,11.161022478385988,18.175709324316173,0.0,4.239202524315786,6.92233218732531,8.195933163308766,11.161022478385988,14.991795352660787,18.08305001281647,11.837388433137448,13.844871546847273,18.75912005368484,18.186731357957868,15.118829782789618,"|0,0>","|1,0>","|0,1>","|2,0>","|1,1>","|2,1>","|0,2>","|3,0>",unlabeled,"|3,1>","|5,0>","|4,0>"
6.922,4.0,0.132045,5.74554174991358,0.5,0.09999999999999998,-0.282785413915704,-0.0006740173744930189,0.0006740173744930189,0.0,4.217469497179124,8.152153580442544,6.922432512451053,11.139227992255684,18.175709324316173,0.0,4.217469497179124,6.922307523867886,8.152153580442544,11.139227992255684,14.897090962061299,18.06118831243674,11.77140102117481,13.844821604306546,18.69323489587468,18.08365098664447,15.074881143209112,"|0,0>","|1,0>","|0,1>","|2,0>","|1,1>","|2,1>","|0,2>","|3,0>",unlabeled,"|3,1>","|5,0>","|4,0>"
6.922,4.0,0.132045,5.74554174991358,0.5,0.10999999999999999,-0.2831393432188918,-0.0007500979343006975,0.0007500979343006975,0.0,4.1934042554436814,8.103669167668471,6.922432512451053,11.115086669960434,18.175709324316173,0.0,4.1934042554436814,6.922279626081661,8.103669167668471,11.115086669960434,14.791879510408805,18.0369800004667,11.698349282451233,13.844765134252583,18.620295348524166,17.9699142223145,15.026289828680788,"|0,0>","|1,0>","|0,1>","|2,0>","|1,1>","|2,1>","|0,2>","|3,0>",unlabeled,"|3,1>","|5,0>","|4,0>"
6.922,4.0,0.132045,5.74554174991358,0.5,0.12,-0.2835362697009316,-0.0008460246864672172,0.0008460246864672172,0.0,4.166992367871416,8.0504484660419,6.922432512451053,11.088578855636001,18.175709324316173,0.0,4.166992367871416,6.922248189315084,8.0504484660419,11.088578855636001,14.67604035115518,18.01037469328682,11.61819883434194,13.844701526932766,18.54027157439961,17.845617489206518,14.972994125018317,"|0,0>","|1,0>","|0,1>","|2,0>","|1,1>","|2,1>","|0,2>","|3,0>",unlabeled,"|3,1>","|5,0>","|4,0>"
6.922,4.0,0.132045,5.74554174991358,0.5,0.13,-0.2839792310440714,-0.0009704311561478107,0.0009704311561478107,0.0,4.138217484601341,7.992455738158611,6.922432512451053,11.059679565896246,18.175709324316173,0.0,4.138217484601341,6.922212797184926,7.992455738158611,11.059679565896246,14.549415504740836,17.981350631789226,11.530914200560844,13.844629946217296,18.453136268976536,17.71083129866183,14.91494502892364,"|0,0>","|1,0>","|0,1>","|2,0>","|1,1>","|2,1>","|0,2>","|3,0>",unlabeled,"|3,1>","|5,0>","|4,0>"
6.922,4.0,0.132045,5.74554174991358,0.5,0.14,-0.28447176225434134,-0.0011386249338443122,0.0011386249338443122,0.0,4.107061166016862,7.929650569779383,6.922432512451053,11.02835505353407,18.175709324316173,0.0,4.107061166016862,6.922172869795801,7.929650569779383,11.02835505353407,14.411818668349127,17.949858221584194,11.436461930591022,13.844549221433226,18.35887088594032,17.565651626882172,14.852095666636487,"|0,0>","|1,0>","|0,1>","|2,0>","|1,1>","|2,1>","|0,2>","|3,0>",unlabeled,"|3,1>","|5,0>","|4,0>"
6.922,4.0,0.132045,5.74554174991358,0.5,0.15000000000000002,-0.2850179482685604,-0.0013804877679746141,0.0013804877679746141,0.0,4.073502685570617,7.861987422872673,6.922432512451053,10.994554710253695,18.175709324316173,0.0,4.073502685570617,6.92212758027803,7.861987422872673,10.994554710253695,14.263037845899262,17.91581764682539,11.334818373567003,13.844457664718917,18.251304454543785,17.410188332359155,14.784397317945874,"|0,0>","|1,0>","|0,1>","|2,0>","|1,1>","|2,1>","|0,2>","|3,0>",unlabeled,"|3,1>","|5,0>","|4,0>"
6.922,4.0,0.132045,5.74554174991358,0.5,0.16000000000000003,-0.2856224560674576,-0.0017630090137146226,0.0017630090137146226,0.0,4.037518802944646,7.789415149821835,6.922432512451053,10.958188306381984,18.175709324316173,0.0,4.037518802944646,6.922075714719028,7.789415149821835,10.958188306381984,14.102836353223125,17.879074549586434,11.225992119216613,13.844352710884749,18.03415175728803,17.24456757068556,14.71179756948996,"|0,0>","|1,0>","|0,1>","|2,0>","|1,1>","|2,1>","|0,2>","|3,0>",unlabeled,"|3,1>","|5,0>","|4,0>"
6.922,4.0,0.132045,5.74554174991358,0.5,0.17000000000000004,-0.28629050655834476,-0.0024726872323270754,0.0024726872323270754,0.0,3.9990835032332797,7.7118764999082146,6.922432512451053,10.919043328452005,18.175709324316173,0.0,3.9990835032332797,6.922015424973154,7.7118764999082146,10.919043328452005,13.930954708080549,17.805488882403722,11.110106359075715,13.844229340227855,17.839244714903344,17.06893381580582,14.634239364758969,"|0,0>","|1,0>","|0,1>","|2,0>","|1,1>","|2,1>","|0,2>","|3,0>",unlabeled,"|3,1>","|5,0>","|4,0>"
6.922,4.0,0.132045,5.74554174991358,0.5,0.18000000000000005,-0.28702769098921976,-0.004279061687313401,0.004279061687313401,0.0,3.958167696979956,7.629307702970692,6.922432512451053,10.876321147743695,18.175709324316173,0.0,3.958167696979956,6.921943764874598,7.629307702970692,10.876321147743695,13.747100682207744,17.56589212544378,10.987862453503254,13.84409057939807,17.79490364900353,16.88345195852483,14.551660686772635,"|0,0>","|1,0>","|0,1>","|2,0>","|1,1>","|2,1>","|0,2>","|3,0>",unlabeled,"|3,1>","|5,0>","|4,0>"
6.922,4.0,0.132045,5.74554174991358,0.5,0.19000000000000006,-0.2878393920389044,-0.014971853781716504,0.014971853781716504,0.0,3.914738874951837,7.54163835786477,6.922432512451053,10.822199533621173,18.175709324316173,0.0,3.914738874951837,6.92185575099856,7.54163835786477,10.822199533621173,13.550985733263715,17.31599648680607,10.866977214977098,13.8439119430858,17.73594855065359,16.688309505432386,14.46399517559307,"|0,0>","|1,0>","|0,1>","|2,0>","|1,1>","|2,1>","|0,2>","|3,0>",unlabeled,"|3,1>","|5,0>","|4,0>"
6.922,4.0,0.132045,5.74554174991358,0.5,0.20000000000000007,-0.2887291496255955,0.005118475880180995,0.005118475880180995,0.0,3.8687607103409505,7.4487922710563055,6.922432512451053,10.796311698672184,18.175709324316173,0.0,3.8687607103409505,6.9217422624362825,7.4487922710563055,10.796311698672184,13.342283061164721,17.056494793414885,10.707703752117638,13.843683780684685,17.62454458397903,16.483718860277875,14.371174921194537,"|0,0>","|1,0>","|0,1>","|2,0>","|1,1>","|2,1>","|0,2>","|3,0>",unlabeled,"|3,1>","|5,0>","|4,0>"
6.922,4.0,0.132045,5.74554174991358,0.5,0.20999999999999996,-0.28969389995859274,0.0022437170770075454,0.0022437170770075454,0.0,3.8201925995926587,7.350691299226725,6.922432512451053,10.744868829120719,18.175709324316173,0.0,3.8201925995926587,6.9215846736869935,7.350691299226725,10.744868829120719,13.120667396687224,16.788134652503174,10.563708960898765,13.843367833793636,17.482824166698535,16.269919655132185,14.273139507758131,"|0,0>","|1,0>","|0,1>","|2,0>","|1,1>","|2,1>","|0,2>","|3,0>",unlabeled,"|3,1>","|5,0>","|4,0>"
6.922,4.0,0.132045,5.74554174991358,0.5,0.21999999999999997,-0.2907081493078607,0.0013066134604287072,0.0013066134604287072,0.0,3.768989131480666,7.247270113653471,6.922432512451053,10.692728257392147,18.175709324316173,0.0,3.768989131480666,6.921338235587783,7.247270113653471,10.692728257392147,12.885814251489833,16.511712777142066,10.41000555670584,13.842875143834732,17.32997531639215,16.047181087317384,14.169866920208833,"|0,0>","|1,0>","|0,1>","|2,0>","|1,1>","|2,1>","|0,2>","|3,0>",unlabeled,"|3,1>","|5,0>","|4,0>"
6.922,4.0,0.132045,5.74554174991358,0.5,0.22999999999999998,-0.2916550761499934,0.0008349822720958855,0.0008349822720958855,0.0,3.7150994718769823,7.138543867603971,6.922432512451053,10.638366966600131,18.175709324316173,0.0,3.7150994718769823,6.920862134768015,7.138543867603971,10.638366966600131,12.637414315081216,15.81580420651835,10.247979020184076,13.841928594357299,17.168383459613864,16.228066325832657,14.06150773004724,"|0,0>","|1,0>","|0,1>","|2,0>","|1,1>","|2,1>","|0,2>","|3,0>",unlabeled,"|3,1>","|5,0>","|4,0>"
6.922,4.0,0.132045,5.74554174991358,0.5,0.24,-0.2917864874423799,0.0005431838043534754,0.0005431838043534754,0.0,3.6584666493448026,7.025146811247225,6.922432512451053,10.581442345600209,18.175709324316173,0.0,3.6584666493448026,6.919378071431112,7.025146811247225,10.581442345600209,12.375190777627552,15.576124084937732,10.077827615138233,13.839054523335165,16.998494766171575,15.938061112563673,13.949390531106204,"|0,0>","|1,0>","|0,1>","|2,0>","|1,1>","|2,1>","|0,2>","|3,0>",unlabeled,"|3,1>","|5,0>","|4,0>"
6.922,4.0,0.132045,5.74554174991358,0.5,0.25,-0.3058597098015525,0.0003389333538734718,0.0003389333538734718,0.0,3.5990267238119458,6.892193737822339,6.922432512451053,10.521798169616872,18.175709324316173,0.0,3.5990267238119458,6.931605319283193,6.892193737822339,10.521798169616872,12.098920400343133,15.328511792435023,9.899557596559916,13.807716111922915,16.820401188679952,15.642576884119052,13.859884955441629,"|0,0>","|1,0>","|0,1>","|2,0>","|1,1>","|2,1>","|0,2>","|3,0>",unlabeled,"|3,1>","|5,0>","|4,0>"
6.922,4.0,0.132045,5.74554174991358,0.5,0.26,-0.30034543312454787,0.0001835709142739006,0.0001835709142739006,0.0,3.536707817216424,6.7730702013083,6.922432512451053,10.45932390058175,18.175709324316173,0.0,3.536707817216424,6.923966125845979,6.7730702013083,10.45932390058175,11.808458018134218,15.07337608896114,9.713125625050708,13.84805533754269,16.63409653860876,15.342490314126195,13.692655217353348,"|0,0>","|1,0>","|0,1>","|2,0>","|1,1>","|2,1>","|0,2>","|3,0>",unlabeled,"|3,1>","|5,0>","|4,0>"
6.922,4.0,0.132045,5.74554174991358,0.5,0.27,-0.3018728903590784,5.810940295702949e-05,5.810940295702949e-05,0.0,3.471428981450771,6.640985072542463,6.922432512451053,10.39391960330478,18.175709324316173,0.0,3.471428981450771,6.9230276206422445,6.640985072542463,10.39391960330478,11.503763698935828,14.811164740542438,9.518476220487045,13.846232011316161,16.43954407118987,15.038656873687827,13.561315370851517,"|0,0>","|1,0>","|0,1>","|2,0>","|1,1>","|2,1>","|0,2>","|3,0>",unlabeled,"|3,1>","|5,0>","|4,0>"
6.922,4.0,0.132045,5.74554174991358,0.5,0.28,-0.30438188324512794,-4.783355498716446e-05,4.783355498716446e-05,0.0,3.4030988747100537,6.501815866174979,6.922432512451053,10.32548355360612,18.175709324316173,0.0,3.4030988747100537,6.922649449304217,6.501815866174979,10.32548355360612,11.184931431733787,14.731893208149515,9.315557326122303,13.845483242198128,16.23670226164748,14.542365363897915,13.422362548848426,"|0,0>","|1,0>","|0,1>","|2,0>","|1,1>","|2,1>","|0,2>","|3,0>",unlabeled,"|3,1>","|5,0>","|4,0>"
6.922,4.0,0.132045,5.74554174991358,0.5,0.29000000000000004,-0.30757529657061866,-0.00014038699197271853,0.00014038699197271853,0.0,3.3316142135016236,6.3556531304326285,6.922432512451053,10.253906338960704,18.175709324316173,0.0,3.3316142135016236,6.9224303871680775,6.3556531304326285,10.253906338960704,10.852218075427672,14.42296197375164,9.104330347647007,13.845046607438036,16.025538945794224,14.267505712168855,13.276244361856598,"|0,0>","|1,0>","|0,1>","|2,0>","|1,1>","|2,1>","|0,2>","|3,0>",unlabeled,"|3,1>","|5,0>","|4,0>"
6.922,4.0,0.132045,5.74554174991358,0.5,0.30000000000000004,-0.3114962810566766,-0.00022337664388771827,0.00022337664388771827,0.0,3.256857964037664,6.2022196470186515,6.922432512451053,10.17906709984483,18.175709324316173,0.0,3.256857964037664,6.922277604228242,6.2022196470186515,10.17906709984483,10.506071487498787,14.112561413337914,8.884779199771259,13.844740246509787,15.806042229187057,13.987153333038734,13.122766224918095,"|0,0>","|1,0>","|0,1>","|2,0>","|1,1>","|2,1>","|0,2>","|3,0>",unlabeled,"|3,1>","|5,0>","|4,0>"
6.922,4.0,0.132045,5.74554174991358,0.5,0.31000000000000005,-0.31629033965759845,-0.000299287449436747,0.000299287449436747,0.0,3.178697235281817,6.041104130906035,6.922432512451053,10.100830460283433,18.175709324316173,0.0,3.178697235281817,6.922158176170811,6.041104130906035,10.100830460283433,10.147157310338443,13.801302468242426,8.656920006756152,13.84451625350944,15.578231115520126,13.701914565483804,12.96154020410384,"|0,0>","|1,0>","|0,1>","|2,0>","|1,1>","|2,1>","|0,2>","|3,0>",unlabeled,"|3,1>","|5,0>","|4,0>"
6.922,4.0,0.132045,5.74554174991358,0.5,0.32000000000000006,-0.3221775999801366,-0.00036977469143550934,0.00036977469143550934,0.0,3.096980838640633,5.871784077301129,6.922432512451053,10.01904357640025,18.175709324316173,0.0,3.096980838640633,6.922057369143758,5.871784077301129,10.01904357640025,9.776384748216785,13.489788337983072,8.420812236419053,13.844302863931347,15.342167137214574,13.41243289697644,12.79204496392478,"|0,0>","|1,0>","|0,1>","|2,0>","|1,1>","|2,1>","|0,2>","|3,0>",unlabeled,"|3,1>","|5,0>","|4,0>"
6.922,4.0,0.132045,5.74554174991358,0.5,0.33000000000000007,-0.329459751309372,-0.0004359505811493136,0.0004359505811493136,0.0,3.0115364903540325,5.693613229398693,6.922432512451053,9.933533052223936,18.175709324316173,0.0,3.0115364903540325,6.9219674002332,5.693613229398693,9.933533052223936,9.394932599881642,13.119386784399296,8.176571744807376,13.844121718970783,15.097967681321009,13.178485700848327,12.613620490357732,"|0,0>","|1,0>","|0,1>","|2,0>","|1,1>","|2,1>","|0,2>","|3,0>",unlabeled,"|3,1>","|5,0>","|4,0>"
6.922,4.0,0.132045,5.74554174991358,0.5,0.33999999999999997,-0.33853891364326216,-0.0004985509622201789,0.0004985509622201789,0.0,2.922167660003055,5.5057964063628475,6.922432512451053,9.844101621491887,18.175709324316173,0.0,2.922167660003055,6.921883399905795,5.5057964063628475,9.844101621491887,9.004277461394253,12.823487154903958,7.924386092464317,13.843952965005684,14.845821472211625,12.867871355115042,12.425439751821528,"|0,0>","|1,0>","|0,1>","|2,0>","|1,1>","|2,1>","|0,2>","|3,0>",unlabeled,"|3,1>","|5,0>","|4,0>"
6.922,4.0,0.132045,5.74554174991358,0.5,0.35,-0.34994302011872946,-0.0005580336990220758,0.0005580336990220758,0.0,2.828650125400614,5.3073572306824985,6.922432512451053,9.750524604152645,18.175709324316173,0.0,2.828650125400614,6.9218014205782765,5.3073572306824985,9.750524604152645,8.60622589276052,12.525474953804192,7.664532452381849,13.843788394510966,14.58600658117173,12.55840751971634,12.22646284667438,"|0,0>","|1,0>","|0,1>","|2,0>","|1,1>","|2,1>","|0,2>","|3,0>",unlabeled,"|3,1>","|5,0>","|4,0>"
6.922,4.0,0.132045,5.74554174991358,0.5,0.36,-0.3643536838880692,-0.0006146356492280347,0.0006146356492280347,0.0,2.7307284051311314,5.0971031263741935,6.922432512451053,9.652546281932956,18.175709324316173,0.0,2.7307284051311314,6.9217165409783945,5.0971031263741935,9.652546281932956,8.202950906084737,12.226119305455256,7.397398436665981,13.843618096459707,14.318911315936845,12.25060798362611,12.01536649160046,"|0,0>","|1,0>","|0,1>","|2,0>","|1,1>","|2,1>","|0,2>","|3,0>",unlabeled,"|3,1>","|5,0>","|4,0>"
6.922,4.0,0.132045,5.74554174991358,0.5,0.37,-0.3826289474154976,-0.0006684029402777014,0.0006684029402777014,0.0,2.6281124480056945,4.8735959485958915,6.922432512451053,9.54987655751647,18.175709324316173,0.0,2.6281124480056945,6.921618129659237,4.8735959485958915,9.54987655751647,7.79703062158373,11.926217117970609,7.123506229828891,13.843420747662876,14.045058391782675,11.945154996135372,11.79042065188915,"|0,0>","|1,0>","|0,1>","|2,0>","|1,1>","|2,1>","|0,2>","|3,0>",unlabeled,"|3,1>","|5,0>","|4,0>"
6.922,4.0,0.132045,5.74554174991358,0.5,0.38,-0.4058055841250905,-0.0007192033192495728,0.0007192033192495728,0.0,2.5204753414513306,4.635145098777571,6.922432512451053,9.442188650583134,18.175709324316173,0.0,2.5204753414513306,6.92146292953187,4.635145098777571,9.442188650583134,7.3914954590673005,11.626595332500258,6.843540562589041,13.84310957697491,13.765132925091848,11.643161931211878,11.549242958765078,"|0,0>","|1,0>","|0,1>","|2,0>","|1,1>","|2,1>","|0,2>","|3,0>",unlabeled,"|3,1>","|5,0>","|4,0>"
6.922,4.0,0.132045,5.74554174991358,0.5,0.39,-0.43505399277123047,-0.0007667269129569831,0.0007667269129569831,0.0,2.4074534987797875,4.379853004788345,6.922432512451053,9.329119284317883,18.175709324316173,0.0,2.4074534987797875,6.92023237903696,4.379853004788345,9.329119284317883,6.990752594555659,11.328117576656553,6.558381356564439,13.840671104847829,13.48001508270086,11.346330161153617,11.288712996334539,"|0,0>","|1,0>","|0,1>","|2,0>","|1,1>","|2,1>","|0,2>","|3,0>",unlabeled,"|3,1>","|5,0>","|4,0>"
6.922,4.0,0.132045,5.74554174991358,0.5,0.4,-0.47154718812313945,-0.000810481997305601,0.000810481997305601,0.0,2.288652058644118,4.105756929165096,6.922432512451053,9.210274089097865,18.175709324316173,0.0,2.288652058644118,6.921838233401743,4.105756929165096,9.210274089097865,6.594587036505317,11.031697911354343,6.269142455696155,13.515464499326399,13.190818803390272,11.053486929759345,11.008605396633257,"|0,0>","|1,0>","|0,1>","|2,0>","|1,1>","|2,1>","|0,2>","|3,0>",unlabeled,"|3,1>","|5,0>","|4,0>"
6.922,4.0,0.132045,5.74554174991358,0.5,0.41000000000000003,-0.5162065217867564,-0.0008497954346893266,0.0008497954346893266,0.0,2.163660576065354,3.811114630343951,6.922432512451053,9.085243293081717,18.175709324316173,0.0,2.163660576065354,6.921625650277363,3.811114630343951,9.085243293081717,6.21145486667055,10.738326057600432,5.977219051040294,12.898939197532968,13.132627058890051,10.756786388296703,10.715710801320611,"|0,0>","|1,0>","|0,1>","|2,0>","|1,1>","|2,1>","|0,2>","|3,0>",unlabeled,"|3,1>","|5,0>","|4,0>"
6.922,4.0,0.132045,5.74554174991358,0.5,0.42000000000000004,-0.5693216291308403,-0.0008838339197438927,0.0008838339197438927,0.0,2.0320885006440363,3.4948553721572324,6.922432512451053,8.953637179175345,18.175709324316173,0.0,2.0320885006440363,6.9215258323286974,3.4948553721572324,8.953637179175345,5.843017325497399,10.408268849059397,5.684348970282656,12.606113795848415,12.76437696476502,10.44911183834445,10.457778310910243,"|0,0>","|1,0>","|0,1>","|2,0>","|1,1>","|2,1>","|0,2>","|3,0>",unlabeled,"|3,1>","|5,0>","|4,0>"
6.922,4.0,0.132045,5.74554174991358,0.5,0.43000000000000005,-0.6301215571878345,-0.0009116717935881979,0.0009116717935881979,0.0,1.8936385660571915,3.1571555749265485,6.922432512451053,8.815159406714656,18.175709324316173,0.0,1.8936385660571915,6.921451979603589,3.1571555749265485,8.815159406714656,5.49240631609058,10.075566502453341,5.392698881046158,12.314508698465147,12.413924995048347,10.165363624003433,10.168464929126273,"|0,0>","|1,0>","|0,1>","|2,0>","|1,1>","|2,1>","|0,2>","|3,0>",unlabeled,"|3,1>","|5,0>","|4,0>"
6.922,4.0,0.132045,5.74554174991358,0.5,0.44000000000000006,-0.6964618528127602,-0.0009324411740152527,0.0009324411740152527,0.0,1.748254063286197,2.8000462737596337,6.922432512451053,8.669754134563235,18.175709324316173,0.0,1.748254063286197,6.921389342295427,2.8000462737596337,8.669754134563235,5.1619547323095105,9.720101896194777,5.105000679419021,12.026854903582986,12.083611504504688,9.88873136971992,9.889883771241259,"|0,0>","|1,0>","|0,1>","|2,0>","|1,1>","|2,1>","|0,2>","|3,0>",unlabeled,"|3,1>","|5,0>","|4,0>"
6.922,4.0,0.132045,5.74554174991358,0.5,0.45000000000000007,-0.7648032190377592,-0.0009455991347948611,0.0009455991347948611,0.0,1.5964158352012703,2.4280284513647814,6.922432512451053,8.517902748517528,18.175709324316173,0.0,1.5964158352012703,6.921333542030894,2.4280284513647814,8.517902748517528,4.82479935011871,9.348666065084757,4.853466250693089,11.775238898368741,11.746696119700943,9.621482521309588,9.62190979917942,"|0,0>","|1,0>","|0,1>","|2,0>","|1,1>","|2,1>","|0,2>","|3,0>",unlabeled,"|3,1>","|5,0>","|4,0>"
6.922,4.0,0.132045,5.74554174991358,0.5,0.45999999999999996,-0.8305452789586667,-0.0009513107622041161,0.0009513107622041161,0.0,1.4397618309047004,2.048978382850734,6.922432512451053,8.36124303259355,18.175709324316173,0.0,1.4397618309047004,6.921283105337096,2.048978382850734,8.36124303259355,4.556968355830364,8.969848022697533,4.569028810225404,11.490893750689011,11.478904148988121,9.367074696473551,9.367219337274761,unlabeled,unlabeled,unlabeled,unlabeled,unlabeled,unlabeled,unlabeled,unlabeled,unlabeled,unlabeled,unlabeled,unlabeled
6.922,4.0,0.132045,5.74554174991358,0.5,0.47,-0.8886225579810372,-0.0009508450546462655,0.0009508450546462655,0.0,1.2824531794115188,1.6762838008420005,6.922432512451053,8.203934846807925,18.175709324316173,0.0,1.2824531794115188,6.921237836932633,1.6762838008420005,8.203934846807925,4.308902543200219,8.597256563423315,4.312729117454339,11.234663036331582,11.230871868667236,9.131441313983572,9.131481013155621,unlabeled,unlabeled,unlabeled,unlabeled,unlabeled,unlabeled,unlabeled,unlabeled,unlabeled,unlabeled,unlabeled,unlabeled
6.922,4.0,0.132045,5.74554174991358,0.5,0.48,-0.9341935006118973,-0.0009467202163193633,0.0009467202163193633,0.0,1.1343214317127348,1.3344493628135723,6.922432512451053,8.055807223947468,18.175709324316173,0.0,1.1343214317127348,6.921198698210887,1.3344493628135723,8.055807223947468,4.09342132768613,8.255474649014815,4.094134115216406,11.016115244981918,11.015416606724528,8.926022847871167,8.926029795536806,unlabeled,unlabeled,unlabeled,unlabeled,unlabeled,unlabeled,unlabeled,unlabeled,unlabeled,unlabeled,unlabeled,unlabeled
6.922,4.0,0.132045,5.74554174991358,0.5,0.49,-0.9632806120905428,-0.0009422471911477714,0.0009422471911477714,0.0,1.0173942166013887,1.0715078211122346,6.922432512451053,7.938884481861294,18.175709324316173,0.0,1.0173942166013887,6.921169067286584,1.0715078211122346,7.938884481861294,3.9350008717237728,7.992562797454667,3.9350265979269494,10.857035073680507,10.857012627377102,8.774150611128604,8.774150945946928,unlabeled,unlabeled,unlabeled,unlabeled,unlabeled,unlabeled,unlabeled,unlabeled,unlabeled,unlabeled,unlabeled,unlabeled
6.922,4.0,0.132045,5.74554174991358,0.5,0.5,-0.9732784154377185,-0.0009403606494657879,0.0009403606494657879,0.0,0.9700453048160256,0.9668121941943326,6.922432512451053,7.891537456617613,18.175709324316173,0.0,0.9700453048160256,6.9211570532775255,0.9668121941943326,7.891537456617613,3.8736320921384078,7.887878124618027,3.8736330866773443,10.795650499338123,10.795649502645418,8.715053790228083,8.71505379192304,unlabeled,unlabeled,unlabeled,unlabeled,unlabeled,unlabeled,unlabeled,unlabeled,unlabeled,unlabeled,unlabeled,unlabeled
6.922,3.5,0.150812,6.56423208434489,0.5,-0.5,-0.9739549178742664,-0.0010748563656477472,0.0010748563656477472,0.0,0.9702630388049158,0.9665711597355653,6.92426227951718,7.893450461956448,18.178805137305474,0.0,0.9702630388049158,6.922804955234298,0.9665711597355653,7.893450461956448,3.8735733556351306,7.88927215907627,3.873574652892472,10.797361028292812,10.797359728018534,8.714834619352203,8.714834621872711,unlabeled,unlabeled,unlabeled,unlabeled,unlabeled,unlabeled,unlabeled,unlabeled,unlabeled,unlabeled,unlabeled,unlabeled
6.922,3.5,0.150812,6.56423208434489,0.5,-0.49,-0.9639548752705878,-0.0010770205317385262,0.0010770205317385262,0.0,1.0176129886965697,1.0712711021225516,6.92426227951718,7.940798247682011,18.178805137305474,0.0,1.0176129886965697,6.922818691339458,1.0712711021225516,7.940798247682011,3.934941125707809,7.993959572171605,3.934963289961985,10.858739475378513,10.858721046405734,8.773931041523127,8.773931407639068,unlabeled,unlabeled,unlabeled,unlabeled,unlabeled,unlabeled,unlabeled,unlabeled,unlabeled,unlabeled,unlabeled,unlabeled
6.922,3.5,0.150812,6.56423208434489,0.5,-0.48,-0.9348607651118499,-0.0010821533197002964,0.0010821533197002964,0.0,1.1345377982839295,1.3342148314560092,6.92426227951718,8.057717924481409,18.178805137305474,0.0,1.1345377982839295,6.922852561180719,1.3342148314560092,8.057717924481409,4.093353147591813,8.25686934318324,4.094050566667718,11.017795571401223,11.01711426978693,8.925796390045406,8.925804236563266,unlabeled,unlabeled,unlabeled,unlabeled,unlabeled,unlabeled,unlabeled,unlabeled,unlabeled,unlabeled,unlabeled,unlabeled
6.922,3.5,0.150812,6.56423208434489,0.5,-0.47,-0.8892773126230082,-0.0010868928466152283,0.0010868928466152283,0.0,1.282660133711417,1.6760429547998257,6.92426227951718,8.205835520381981,18.178805137305474,0.0,1.282660133711417,6.922897286135921,1.6760429547998257,8.205835520381981,4.3088152627589125,8.598637365559284,4.312606162121597,11.236297334062655,11.232546773571087,9.131197497321779,9.131242373939173,unlabeled,unlabeled,unlabeled,unlabeled,unlabeled,unlabeled,unlabeled,unlabeled,unlabeled,unlabeled,unlabeled,unlabeled
6.922,3.5,0.150812,6.56423208434489,0.5,-0.46,-0.83118106243586,-0.0010874483489686781,0.0010874483489686781,0.0,1.4399541079979628,2.0487271535600655,6.92426227951718,8.363128939166174,18.178805137305474,0.0,1.4399541079979628,6.922949002805751,2.0487271535600655,8.363128939166174,4.556853522749549,8.971203403853579,4.568848832926406,11.492461347482873,11.480546774608868,9.366804345446567,9.366967448196476,unlabeled,unlabeled,unlabeled,unlabeled,unlabeled,unlabeled,unlabeled,unlabeled,unlabeled,unlabeled,unlabeled,unlabeled
6.922,3.5,0.150812,6.56423208434489,0.5,-0.45,-0.7654128552273107,-0.0010809393777719833,0.0010809393777719833,0.0,1.5965903175204659,2.427767779813621,6.92426227951718,8.519771657659874,18.178805137305474,0.0,1.5965903175204659,6.9230066103886685,2.427767779813621,8.519771657659874,4.824651210625987,9.349977483818861,4.853213954847689,11.776721218665372,11.748299937351263,9.621178319515309,9.621659303180095,"|0,0>","|1,0>","|0,1>","|2,0>","|1,1>","|2,1>","|0,2>","|3,0>",unlabeled,"|3,1>","|5,0>","|4,0>"
6.922,3.5,0.150812,6.56423208434489,0.5,-0.44,-0.6970381893046493,-0.0010659170991829114,0.0010659170991829114,0.0,1.7484090310436784,2.7997798727827075,6.92426227951718,8.671605393461675,18.178805137305474,0.0,1.7484090310436784,6.923070326729373,2.7997798727827075,8.671605393461675,5.1616171282973795,9.721317998296627,5.104815440365442,12.028415622776038,12.084992236516456,9.888387345013584,9.88968660112846,"|0,0>","|1,0>","|0,1>","|2,0>","|1,1>","|2,1>","|0,2>","|3,0>",unlabeled,"|3,1>","|5,0>","|4,0>"
6.922,3.5,0.150812,6.56423208434489,0.5,-0.43,-0.6306585691565232,-0.0010421962522713102,0.0010421962522713102,0.0,1.893773117030193,3.156887664903863,6.92426227951718,8.816993200295101,18.178805137305474,0.0,1.893773117030193,6.923141821872932,3.156887664903863,8.816993200295101,5.491973095553362,10.076514954100915,5.392474090806417,12.316023604614628,12.415190699457852,10.16497478322755,10.168495200011023,"|0,0>","|1,0>","|0,1>","|2,0>","|1,1>","|2,1>","|0,2>","|3,0>",unlabeled,"|3,1>","|5,0>","|4,0>"
6.922,3.5,0.150812,6.56423208434489,0.5,-0.42,-0.5698154952819294,-0.0010104009626985544,0.0010104009626985544,0.0,2.032202206809842,3.4945889183377545,6.92426227951718,8.955454085364323,18.178805137305474,0.0,2.032202206809842,6.923226058184767,3.4945889183377545,8.955454085364323,5.842481167519253,10.408434064412575,5.684083105864062,12.60758128350038,12.765517391904439,10.448673976443331,10.458552051472921,"|0,0>","|1,0>","|0,1>","|2,0>","|1,1>","|2,1>","|0,2>","|3,0>",unlabeled,"|3,1>","|5,0>","|4,0>"
6.922,3.5,0.150812,6.56423208434489,0.5,-0.41000000000000003,-0.5166561960263891,-0.0009715261443403733,0.0009715261443403733,0.0,2.1637532892645197,3.8108503825026503,6.92426227951718,9.087044042637359,18.178805137305474,0.0,2.1637532892645197,6.92333971918535,3.8108503825026503,9.087044042637359,6.210810398116294,10.73783565170973,5.976911240640149,12.90035843985288,13.133632999400675,10.758429740969632,10.714964313027522,"|0,0>","|1,0>","|0,1>","|2,0>","|1,1>","|2,1>","|0,2>","|3,0>",unlabeled,"|3,1>","|5,0>","|4,0>"
6.922,3.5,0.150812,6.56423208434489,0.5,-0.4,-0.4719542373598955,-0.0009266320151652963,0.0009266320151652963,0.0,2.288723800282824,4.105493363205753,6.92426227951718,9.212059447784839,18.178805137305474,0.0,2.288723800282824,6.923580362339408,4.105493363205753,9.212059447784839,6.59382165893318,11.03115205058721,6.268792283761002,13.516309941784328,13.192189510859293,11.055243038418979,11.007698784711465,"|0,0>","|1,0>","|0,1>","|2,0>","|1,1>","|2,1>","|0,2>","|3,0>",unlabeled,"|3,1>","|5,0>","|4,0>"
6.922,3.5,0.150812,6.56423208434489,0.5,-0.39,-0.4354218759298334,-0.0008766727344067249,0.0008766727344067249,0.0,2.4075043962993874,4.379586916668941,6.92426227951718,9.33089000308216,18.178805137305474,0.0,2.4075043962993874,6.921696842856363,4.379586916668941,9.33089000308216,6.9901763217168025,11.327513907590031,6.55798872130498,13.843579013473516,13.481337322683927,11.347533564533506,11.28830422686903,"|0,0>","|1,0>","|0,1>","|2,0>","|1,1>","|2,1>","|0,2>","|3,0>",unlabeled,"|3,1>","|5,0>","|4,0>"
6.922,3.5,0.150812,6.56423208434489,0.5,-0.38,-0.4061387669350722,-0.0008224191861785357,0.0008224191861785357,0.0,2.520505591112112,4.634872415289152,6.92426227951718,9.443945451443113,18.178805137305474,0.0,2.520505591112112,6.923153381760088,4.634872415289152,9.443945451443113,7.390610597771101,11.625932012893912,6.843105569149785,13.846455728062892,13.766406984744364,11.643602741528824,11.549533263517318,"|0,0>","|1,0>","|0,1>","|2,0>","|1,1>","|2,1>","|0,2>","|3,0>",unlabeled,"|3,1>","|5,0>","|4,0>"
6.922,3.5,0.150812,6.56423208434489,0.5,-0.37,-0.3829321733778528,-0.0007644350212387963,0.0007644350212387963,0.0,2.6281222927648145,4.873312412151776,6.92426227951718,9.551620137260755,18.178805137305474,0.0,2.6281222927648145,6.923331403699649,4.873312412151776,9.551620137260755,7.796047143777415,11.925492775601214,7.123029109068739,13.846812691788045,14.046284672364564,11.945108756168864,11.791125583485268,"|0,0>","|1,0>","|0,1>","|2,0>","|1,1>","|2,1>","|0,2>","|3,0>",unlabeled,"|3,1>","|5,0>","|4,0>"
6.922,3.5,0.150812,6.56423208434489,0.5,-0.36,-0.3646315230921431,-0.0007030764357267572,0.0007030764357267572,0.0,2.730718121333453,5.096804719574763,6.92426227951718,9.654277324414906,18.178805137305474,0.0,2.730718121333453,6.923443908524888,5.096804719574763,9.654277324414906,8.201884647724171,12.225333000363946,7.396879482956209,13.847038314615162,14.320090249832518,12.250269762847964,12.016282403136103,"|0,0>","|1,0>","|0,1>","|2,0>","|1,1>","|2,1>","|0,2>","|3,0>",unlabeled,"|3,1>","|5,0>","|4,0>"
6.922,3.5,0.150812,6.56423208434489,0.5,-0.35,-0.35019967112746997,-0.0006384972935791211,0.0006384972935791211,0.0,2.8286200147122713,5.307040358297073,6.92426227951718,9.752243796935872,18.178805137305474,0.0,2.8286200147122713,6.923540828562125,5.307040358297073,9.752243796935872,8.605086026344608,12.52462614283786,7.663971975514059,13.847232774059094,14.587138564581068,12.55786883551238,12.227490227171216,"|0,0>","|1,0>","|0,1>","|2,0>","|1,1>","|2,1>","|0,2>","|3,0>",unlabeled,"|3,1>","|5,0>","|4,0>"
6.922,3.5,0.150812,6.56423208434489,0.5,-0.33999999999999997,-0.3387781836470225,-0.0005706486225136587,0.0005706486225136587,0.0,2.9221180445468633,5.505457905446704,6.92426227951718,9.84580967544153,18.178805137305474,0.0,2.9221180445468633,6.923634372082603,5.505457905446704,9.84580967544153,9.003071476422903,12.822575657849228,7.92378437951875,13.84742056323634,14.846906807461394,12.867176294790411,12.426527131519109,"|0,0>","|1,0>","|0,1>","|2,0>","|1,1>","|2,1>","|0,2>","|3,0>",unlabeled,"|3,1>","|5,0>","|4,0>"
6.922,3.5,0.150812,6.56423208434489,0.5,-0.32999999999999996,-0.32968515080719385,-0.0004992649707702412,0.0004992649707702412,0.0,3.0114677098056006,5.693250268804007,6.92426227951718,9.93523072435201,18.178805137305474,0.0,3.0114677098056006,6.9237301632346515,5.693250268804007,9.93523072435201,9.393667165480096,13.118412751338468,8.17592902804374,13.847613019181011,15.099006522846437,13.177657189605782,12.614738039662,"|0,0>","|1,0>","|0,1>","|2,0>","|1,1>","|2,1>","|0,2>","|3,0>",unlabeled,"|3,1>","|5,0>","|4,0>"
6.922,3.5,0.150812,6.56423208434489,0.5,-0.32,-0.3223925230310982,-0.0004238305268984277,0.0004238305268984277,0.0,3.0968932485502876,5.871393974069477,6.92426227951718,10.020731697540569,18.178805137305474,0.0,3.0968932485502876,6.923832689677823,5.871393974069477,10.020731697540569,9.775065942888844,13.488839077331917,8.420128663031122,13.84781951433638,15.343159434776993,13.411396776841329,12.793173237096127,"|0,0>","|1,0>","|0,1>","|2,0>","|1,1>","|2,1>","|0,2>","|3,0>",unlabeled,"|3,1>","|5,0>","|4,0>"
6.922,3.5,0.150812,6.56423208434489,0.5,-0.31,-0.31649834633084595,-0.0003435151304813644,0.0003435151304813644,0.0,3.178591206164768,6.04068406599869,6.92426227951718,10.102509970551466,18.178805137305474,0.0,3.178591206164768,6.923947464121781,6.04068406599869,10.102509970551466,10.145790684479138,13.800238481111762,8.65619560555264,13.8480626820066,15.579176546626684,13.700817075978378,12.96266474619378,"|0,0>","|1,0>","|0,1>","|2,0>","|1,1>","|2,1>","|0,2>","|3,0>",unlabeled,"|3,1>","|5,0>","|4,0>"
6.922,3.5,0.150812,6.56423208434489,0.5,-0.3,-0.31170157180405056,-0.00025706371056344324,0.00025706371056344324,0.0,3.256733880928394,6.201766190052737,6.92426227951718,10.18073909673501,18.178805137305474,0.0,3.256733880928394,6.9240832708244255,6.201766190052737,10.18073909673501,10.50466206562966,14.111392451659626,8.884013838340977,13.848316407046966,15.806940109575535,13.985995432200184,13.123874311618692,"|0,0>","|1,0>","|0,1>","|2,0>","|1,1>","|2,1>","|0,2>","|3,0>",unlabeled,"|3,1>","|5,0>","|4,0>"
6.922,3.5,0.150812,6.56423208434489,0.5,-0.29000000000000004,-0.30778364109153244,-0.000162609020961213,0.000162609020961213,0.0,3.331472475823702,6.3551613105558715,6.92426227951718,10.25557214631992,18.178805137305474,0.0,3.331472475823702,6.924256690786507,6.3551613105558715,10.25557214631992,10.850770336385963,14.421688229681024,9.103523670579591,13.848664234380976,16.02638810086151,14.26628857192101,13.277321981798082,"|0,0>","|1,0>","|0,1>","|2,0>","|1,1>","|2,1>","|0,2>","|3,0>",unlabeled,"|3,1>","|5,0>","|4,0>"
6.922,3.5,0.150812,6.56423208434489,0.5,-0.28,-0.3046028190263428,-5.735003006179795e-05,5.735003006179795e-05,0.0,3.402939896285588,6.501276973544833,6.92426227951718,10.327144825772706,18.178805137305474,0.0,3.402939896285588,6.924504632176578,6.501276973544833,10.327144825772706,11.183449287182867,14.730517850375193,9.314708658958224,13.84915818428081,16.23750083017437,14.541090345858152,13.423389501088877,"|0,0>","|1,0>","|0,1>","|2,0>","|1,1>","|2,1>","|0,2>","|3,0>",unlabeled,"|3,1>","|5,0>","|4,0>"
6.922,3.5,0.150812,6.56423208434489,0.5,-0.27,-0.3021263386264508,6.302072139874326e-05,6.302072139874326e-05,0.0,3.4712531906127424,6.640380042599034,6.92426227951718,10.395578490851321,18.178805137305474,0.0,3.4712531906127424,6.924930477879755,6.640380042599034,10.395578490851321,11.502250483359418,14.809833374300368,9.517584412256724,13.850000423022621,16.4402891898105,15.037182661866524,13.562252427033243,"|0,0>","|1,0>","|0,1>","|2,0>","|1,1>","|2,1>","|0,2>","|3,0>",unlabeled,"|3,1>","|5,0>","|4,0>"
6.922,3.5,0.150812,6.56423208434489,0.5,-0.26,-0.300690133028894,0.0002053931837338041,0.0002053931837338041,0.0,3.5365156569520195,6.772341180875145,6.92426227951718,10.460983329652933,18.178805137305474,0.0,3.5365156569520195,6.925974403693388,6.772341180875145,10.460983329652933,11.806916498031654,15.071990052938432,9.712188776883238,13.852023206606034,16.6347838073318,15.34092003688805,13.693394112894708,"|0,0>","|1,0>","|0,1>","|2,0>","|1,1>","|2,1>","|0,2>","|3,0>",unlabeled,"|3,1>","|5,0>","|4,0>"
6.922,3.5,0.150812,6.56423208434489,0.5,-0.25,-0.3063918258291807,0.0003814136733240048,0.0003814136733240048,0.0,3.59881865189071,6.891245477952239,6.92426227951718,10.523462345081214,18.178805137305474,0.0,3.59881865189071,6.93381429480695,6.891245477952239,10.523462345081214,12.097352805279357,15.327072897327753,9.898572565766358,13.808111038259725,16.821023709170177,15.640913525027074,13.86419638513948,"|0,0>","|1,0>","|0,1>","|2,0>","|1,1>","|2,1>","|0,2>","|3,0>",unlabeled,"|3,1>","|5,0>","|4,0>"
6.922,3.5,0.150812,6.56423208434489,0.5,-0.24,-0.29143919771483695,0.0006123169188896327,0.0006123169188896327,0.0,3.6582431384366316,7.025047079158426,6.92426227951718,10.583117734872701,18.178805137305474,0.0,3.6582431384366316,6.920720119309522,7.025047079158426,10.583117734872701,12.37359885125565,15.574634259675449,10.076789037719806,13.841746551768665,16.99904127691083,15.936307917827278,13.951403173305394,"|0,0>","|1,0>","|0,1>","|2,0>","|1,1>","|2,1>","|0,2>","|3,0>",unlabeled,"|3,1>","|5,0>","|4,0>"
6.922,3.5,0.150812,6.56423208434489,0.5,-0.22999999999999998,-0.29154792459951295,0.0009411489408392981,0.0009411489408392981,0.0,3.714861009604732,7.138174094609951,6.92426227951718,10.640064438062751,18.178805137305474,0.0,3.714861009604732,6.922456062689193,7.138174094609951,10.640064438062751,12.635799380954609,15.814265486536598,10.246877177726319,13.845087098484967,17.16883435682422,16.226226814315197,14.06305126552094,"|0,0>","|1,0>","|0,1>","|2,0>","|1,1>","|2,1>","|0,2>","|3,0>",unlabeled,"|3,1>","|5,0>","|4,0>"
6.922,3.5,0.150812,6.56423208434489,0.5,-0.21999999999999997,-0.29066494098404405,0.001469937184467085,0.001469937184467085,0.0,3.7687362204374324,7.246807499890821,6.92426227951718,10.69446843713908,18.178805137305474,0.0,3.7687362204374324,6.9230071663920825,7.246807499890821,10.69446843713908,12.884177286701274,16.50979071525559,10.408821023918165,13.84618100774533,17.330293060284546,16.045595604952354,14.171259782834923,"|0,0>","|1,0>","|0,1>","|2,0>","|1,1>","|2,1>","|0,2>","|3,0>",unlabeled,"|3,1>","|5,0>","|4,0>"
6.922,3.5,0.150812,6.56423208434489,0.5,-0.21000000000000002,-0.28967777295049757,0.0025102762494810804,0.0025102762494810804,0.0,3.8199257572777583,7.350173741605019,6.92426227951718,10.74669831304442,18.178805137305474,0.0,3.8199257572777583,6.923291106882417,7.350173741605019,10.74669831304442,13.119009105590592,16.786134009572407,10.562396396766601,13.84674826627763,17.48292686636661,16.26828963175423,14.2744540236462,"|0,0>","|1,0>","|0,1>","|2,0>","|1,1>","|2,1>","|0,2>","|3,0>",unlabeled,"|3,1>","|5,0>","|4,0>"
6.922,3.5,0.150812,6.56423208434489,0.5,-0.2,-0.2887267171562229,0.005612080711358658,0.005612080711358658,0.0,3.868480469044613,7.448234220933003,6.92426227951718,10.798354829273151,18.178805137305474,0.0,3.868480469044613,6.923472208039385,7.448234220933003,10.798354829273151,13.34060394068375,17.05441968882684,10.706140125393944,13.847111206949066,17.62425284357238,16.48204659984846,14.372438388343255,"|0,0>","|1,0>","|0,1>","|2,0>","|1,1>","|2,1>","|0,2>","|3,0>",unlabeled,"|3,1>","|5,0>","|4,0>"
6.922,3.5,0.150812,6.56423208434489,0.5,-0.19,-0.28784443721363573,-0.017241913014132138,0.017241913014132138,0.0,3.914445781571999,7.541047125930362,6.92426227951718,10.821466148075046,18.178805137305474,0.0,3.914445781571999,6.923602417691882,7.541047125930362,10.821466148075046,13.549286111776738,17.31385113659367,10.868154057543236,13.84737293763557,17.736218810405262,16.68659738902865,14.465220930378521,"|0,0>","|1,0>","|0,1>","|2,0>","|1,1>","|2,1>","|0,2>","|3,0>",unlabeled,"|3,1>","|5,0>","|4,0>"
6.922,3.5,0.150812,6.56423208434489,0.5,-0.18,-0.2870369015815726,-0.004960252100246976,0.004960252100246976,0.0,3.9578623127641777,7.628687723946783,6.92426227951718,10.87716434018111,18.178805137305474,0.0,3.9578623127641777,6.9237032894804855,7.628687723946783,10.87716434018111,13.745380585620637,17.56368079305676,10.987428098703816,13.847577719725777,17.796946559767676,16.88170243926517,14.552856419062252,"|0,0>","|1,0>","|0,1>","|2,0>","|1,1>","|2,1>","|0,2>","|3,0>",unlabeled,"|3,1>","|5,0>","|4,0>"
6.922,3.5,0.150812,6.56423208434489,0.5,-0.16999999999999998,-0.286301962733404,-0.0028489027877043327,0.0028489027877043327,0.0,3.9987664034753436,7.711230844217283,6.92426227951718,10.920179780204819,18.178805137305474,0.0,3.9987664034753436,6.92378535592519,7.711230844217283,10.920179780204819,13.92921642085716,17.803215836274177,11.109345611461805,13.847735694682655,17.841816483836197,17.067149413633487,14.635410097960687,"|0,0>","|1,0>","|0,1>","|2,0>","|1,1>","|2,1>","|0,2>","|3,0>",unlabeled,"|3,1>","|5,0>","|4,0>"
6.922,3.5,0.150812,6.56423208434489,0.5,-0.15999999999999998,-0.28563498476991356,-0.0020253337320497167,0.0020253337320497167,0.0,4.037190576584166,7.7887461683984185,6.92426227951718,10.959427522369296,18.178805137305474,0.0,4.037190576584166,6.923854362982013,7.7887461683984185,10.959427522369296,14.101077621061975,17.8818534988947,11.225097017427274,13.847877371301209,18.03182123601495,17.242750866106448,14.712946947147444,"|0,0>","|1,0>","|0,1>","|2,0>","|1,1>","|2,1>","|0,2>","|3,0>",unlabeled,"|3,1>","|5,0>","|4,0>"
6.922,3.5,0.150812,6.56423208434489,0.5,-0.14999999999999997,-0.28503081045438705,-0.001583327710719118,0.001583327710719118,0.0,4.07316393476583,7.861297059077273,6.92426227951718,10.99584288657229,18.178805137305474,0.0,4.07316393476583,6.923913703756128,7.861297059077273,10.99584288657229,14.261259505155337,17.918702668596367,11.333844321562083,13.847997493174077,18.248920639726606,17.40834195824617,14.7855282426181,"|0,0>","|1,0>","|0,1>","|2,0>","|1,1>","|2,1>","|0,2>","|3,0>",unlabeled,"|3,1>","|5,0>","|4,0>"
6.922,3.5,0.150812,6.56423208434489,0.5,-0.14,-0.2844844867562841,-0.0013046059541039767,0.0013046059541039767,0.0,4.106712505634988,7.928940524513692,6.92426227951718,11.029670179198064,18.178805137305474,0.0,4.106712505634988,6.923965504898831,7.928940524513692,11.029670179198064,14.410020928576856,17.952806262396322,11.435432594211377,13.848102214663953,18.359668386409325,17.56377825673698,14.853210661785937,"|0,0>","|1,0>","|0,1>","|2,0>","|1,1>","|2,1>","|0,2>","|3,0>",unlabeled,"|3,1>","|5,0>","|4,0>"
6.922,3.5,0.150812,6.56423208434489,0.5,-0.13,-0.28399151991442295,-0.0011111325041923692,0.0011111325041923692,0.0,4.137859541667581,7.9917275634207385,6.92426227951718,11.061010688680568,18.178805137305474,0.0,4.137859541667581,6.924011162280678,7.9917275634207385,11.061010688680568,14.54759843200388,17.984339666239023,11.529842239617864,13.848194514651453,18.453863477087452,17.70893362853262,14.916046480187461,"|0,0>","|1,0>","|0,1>","|2,0>","|1,1>","|2,1>","|0,2>","|3,0>",unlabeled,"|3,1>","|5,0>","|4,0>"
6.922,3.5,0.150812,6.56423208434489,0.5,-0.12,-0.28354794123886506,-0.0009682125821512955,0.0009682125821512955,0.0,4.166625780958668,8.049703620678471,6.92426227951718,11.089919847893697,18.178805137305474,0.0,4.166625780958668,6.924051626181509,8.049703620678471,11.089919847893697,14.674203820439075,18.013392053798967,11.61709213435634,13.848276339905112,18.54094216491802,17.843698204440273,14.97408448197659,"|0,0>","|1,0>","|0,1>","|2,0>","|1,1>","|2,1>","|0,2>","|3,0>",unlabeled,"|3,1>","|5,0>","|4,0>"
6.922,3.5,0.150812,6.56423208434489,0.5,-0.10999999999999999,-0.28315029607456665,-0.0008581154738322994,0.0008581154738322994,0.0,4.193029674018277,8.102909051961987,6.92426227951718,11.116433838061624,18.178805137305474,0.0,4.193029674018277,6.924087562771774,8.102909051961987,11.116433838061624,14.790023064645553,18.040017859540782,11.697213342506672,13.848349037735744,18.620918315479017,17.96797590794553,15.027371824279243,"|0,0>","|1,0>","|0,1>","|2,0>","|1,1>","|2,1>","|0,2>","|3,0>",unlabeled,"|3,1>","|5,0>","|4,0>"
6.922,3.5,0.150812,6.56423208434489,0.5,-0.09999999999999998,-0.2827956036649226,-0.0007708590236887858,0.0007708590236887858,0.0,4.217087580893065,8.151379558121207,6.92426227951718,11.140579001386556,18.178805137305474,0.0,4.217087580893065,6.924119450186325,8.151379558121207,11.140579001386556,14.895213570227085,18.064236295824756,11.77024002610547,13.848413569404869,18.693816667660286,18.081701396210917,15.07595808085054,"|0,0>","|1,0>","|0,1>","|2,0>","|1,1>","|2,1>","|0,2>","|3,0>",unlabeled,"|3,1>","|5,0>","|4,0>"
6.922,3.5,0.150812,6.56423208434489,0.5,-0.08999999999999997,-0.2824813086656235,-0.0007004109328079267,0.0007004109328079267,0.0,4.238813942263889,8.195146575862154,6.92426227951718,11.16237581084826,18.178805137305474,0.0,4.238813942263889,6.924147638160804,8.195146575862154,11.16237581084826,14.989895110174501,18.086113250896844,11.836205792005046,13.848470635494252,18.759665587090623,18.18476426489684,15.119905862207489,"|0,0>","|1,0>","|0,1>","|2,0>","|1,1>","|2,1>","|0,2>","|3,0>",unlabeled,"|3,1>","|5,0>","|4,0>"
6.922,3.5,0.150812,6.56423208434489,0.5,-0.08000000000000002,-0.2822052333545457,-0.000642925784134718,0.000642925784134718,0.0,4.2582214275368955,8.234237621719245,6.92426227951718,11.18184078126994,18.178805137305474,0.0,4.2582214275368955,6.924172386324713,8.234237621719245,11.18184078126994,15.074115189992398,18.105636850873253,11.895142083211766,13.84852075472449,18.818493802093073,18.277135747577518,15.15932707606926,"|0,0>","|1,0>","|0,1>","|2,0>","|1,1>","|2,1>","|0,2>","|3,0>",unlabeled,"|3,1>","|5,0>","|4,0>"
6.922,3.5,0.150812,6.56423208434489,0.5,-0.07,-0.28196553427940785,-0.0005958503724770026,0.0005958503724770026,0.0,4.275321062512546,8.268676590745685,6.92426227951718,11.198987491657249,18.178805137305474,0.0,4.275321062512546,6.924193889538131,8.268676590745685,11.198987491657249,15.147667059363869,18.122831226938544,11.947077439028888,13.848564315553816,18.87032883156118,18.35875564979746,15.194566508687714,"|0,0>","|1,0>","|0,1>","|2,0>","|1,1>","|2,1>","|0,2>","|3,0>",unlabeled,"|3,1>","|5,0>","|4,0>"
6.922,3.5,0.150812,6.56423208434489,0.5,-0.06,-0.2817606645181314,-0.0005574369106540189,0.0005574369106540189,0.0,4.290122338722512,8.298484012926892,6.92426227951718,11.213827181329037,18.178805137305474,0.0,4.290122338722512,6.924212295034835,8.298484012926892,11.213827181329037,15.208272223722062,18.13770974124118,11.99203715750427,13.848601610949572,18.91519618056124,18.429579179067446,15.228020806670102,"|0,0>","|1,0>","|0,1>","|2,0>","|1,1>","|2,1>","|0,2>","|3,0>",unlabeled,"|3,1>","|5,0>","|4,0>"
6.922,3.5,0.150812,6.56423208434489,0.5,-0.04999999999999999,-0.2815893418373179,-0.0005264632044088557,0.0005264632044088557,0.0,4.302633306282175,8.323677270727032,6.92426227951718,11.226369122594946,18.178805137305474,0.0,4.302633306282175,6.9242277142985245,8.323677270727032,11.226369122594946,15.244575410518337,18.150282970383785,12.030043154580937,13.848632862342782,18.95311888441934,18.4895687819496,15.271144863269043,"|0,0>","|1,0>","|0,1>","|2,0>","|1,1>","|2,1>","|0,2>","|3,0>",unlabeled,"|3,1>","|5,0>","|4,0>"
6.922,3.5,0.150812,6.56423208434489,0.5,-0.03999999999999998,-0.2814505223100383,-0.000502064647264433,0.000502064647264433,0.0,4.312860651661552,8.344270781013066,6.92426227951718,11.236620866531467,18.178805137305474,0.0,4.312860651661552,6.924240231352385,8.344270781013066,11.236620866531467,15.266785877957872,18.16055935691456,12.061113921456212,13.848658236357466,18.984117192548894,18.53869327773849,15.313811697155302,"|0,0>","|1,0>","|0,1>","|2,0>","|1,1>","|2,1>","|0,2>","|3,0>",unlabeled,"|3,1>","|5,0>","|4,0>"
6.922,3.5,0.150812,6.56423208434489,0.5,-0.02999999999999997,-0.28134337900625894,-0.00048363004428608747,0.00048363004428608747,0.0,4.320809761618094,8.360276144229928,6.92426227951718,11.244588411090987,18.178805137305474,0.0,4.320809761618094,6.924249908609099,8.360276144229928,11.244588411090987,15.283276980511687,18.168545520661795,12.085264529652292,13.848677856591891,19.00820828604877,18.57692739497729,15.347713896722667,"|0,0>","|1,0>","|0,1>","|2,0>","|1,1>","|2,1>","|0,2>","|3,0>",unlabeled,"|3,1>","|5,0>","|4,0>"
6.922,3.5,0.150812,6.56423208434489,0.5,-0.020000000000000018,-0.28126728528305023,-0.0004707357356181774,0.0004707357356181774,0.0,4.326484774280928,8.371702263278806,6.92426227951718,11.25027631806249,18.178805137305474,0.0,4.326484774280928,6.92425679100603,8.371702263278806,11.25027631806249,15.294913131702785,18.174246451788505,12.102506656477189,13.848691811914776,19.025405985256867,18.604251525552243,15.372037483642103,"|0,0>","|1,0>","|0,1>","|2,0>","|1,1>","|2,1>","|0,2>","|3,0>",unlabeled,"|3,1>","|5,0>","|4,0>"
6.922,3.5,0.150812,6.56423208434489,0.5,-0.010000000000000009,-0.28122180222361237,-0.0004631038857922931,0.0004631038857922931,0.0,4.329888618100895,8.378555433978178,6.92426227951718,11.253687793732283,18.178805137305474,0.0,4.329888618100895,6.924260908815626,8.378555433978178,11.253687793732283,15.301862130143434,18.177665636587776,12.112848615453231,13.848700162152667,19.03572044952817,18.620651637031074,15.386650228078693,"|0,0>","|1,0>","|0,1>","|2,0>","|1,1>","|2,1>","|0,2>","|3,0>",unlabeled,"|3,1>","|5,0>","|4,0>"
6.922,3.5,0.150812,6.56423208434489,0.5,0.0,-0.28120666989271115,-0.0004605769525909409,0.0004605769525909409,0.0,4.331023039284418,8.380839408676124,6.92426227951718,11.254824741849006,18.178805137305474,0.0,4.331023039284418,6.92426227951718,8.380839408676124,11.254824741849006,15.30417434349792,18.178805137305474,12.116295382873915,13.848702941807545,19.03915790470741,18.626119281718132,15.391522921451596,"|0,0>","|1,0>","|0,1>","|2,0>","|1,1>","|2,1>","|0,2>","|3,0>",unlabeled,"|3,1>","|5,0>","|4,0>"
6.922,3.5,0.150812,6.56423208434489,0.5,0.010000000000000009,-0.2812218022226176,-0.00046310388520964807,0.00046310388520964807,0.0,4.329888618100668,8.378555433978718,6.92426227951718,11.253687793732638,18.178805137305474,0.0,4.329888618100668,6.924260908817118,8.378555433978718,11.253687793732638,15.301862130143746,18.177665636588486,12.112848615453132,13.848700162152937,19.035720449527318,18.62065163703133,15.386650228079006,"|0,0>","|1,0>","|0,1>","|2,0>","|1,1>","|2,1>","|0,2>","|3,0>",unlabeled,"|3,1>","|5,0>","|4,0>"
6.922,3.5,0.150812,6.56423208434489,0.5,0.020000000000000018,-0.2812672852811602,-0.0004707357348934238,0.0004707357348934238,0.0,4.326484774280829,8.371702263280497,6.92426227951718,11.250276318063115,18.178805137305474,0.0,4.326484774280829,6.9242567910064565,8.371702263280497,11.250276318063115,15.294913131703765,18.174246451789486,12.102506656478141,13.848691811916254,19.025405985258615,18.604251525553295,15.372037483643496,"|0,0>","|1,0>","|0,1>","|2,0>","|1,1>","|2,1>","|0,2>","|3,0>",unlabeled,"|3,1>","|5,0>","|4,0>"
6.922,3.5,0.150812,6.56423208434489,0.5,0.030000000000000027,-0.2813433790064437,-0.0004836300466877219,0.0004836300466877219,0.0,4.320809761618605,8.360276144230767,6.92426227951718,11.244588411089097,18.178805137305474,0.0,4.320809761618605,6.924249908610037,8.360276144230767,11.244588411089097,15.283276980512213,18.168545520661453,12.085264529650402,13.848677856590982,19.008208286050845,18.57692739497824,15.347713896723405,"|0,0>","|1,0>","|0,1>","|2,0>","|1,1>","|2,1>","|0,2>","|3,0>",unlabeled,"|3,1>","|5,0>","|4,0>"
6.922,3.5,0.150812,6.56423208434489,0.5,0.040000000000000036,-0.2814505223068835,-0.0005020646473781198,0.0005020646473781198,0.0,4.312860651660529,8.344270781014174,6.92426227951718,11.23662086653033,18.178805137305474,0.0,4.312860651660529,6.924240231352897,8.344270781014174,11.23662086653033,15.266785877959194,18.160559356914504,12.061113921455188,13.848658236357167,18.984117192551906,18.538693277739554,15.313811697156112,"|0,0>","|1,0>","|0,1>","|2,0>","|1,1>","|2,1>","|0,2>","|3,0>",unlabeled,"|3,1>","|5,0>","|4,0>"
6.922,3.5,0.150812,6.56423208434489,0.5,0.050000000000000044,-0.28158934183845474,-0.0005264632054320373,0.0005264632054320373,0.0,4.302633306283624,8.323677270728794,6.92426227951718,11.226369122595372,18.178805137305474,0.0,4.302633306283624,6.924227714299889,8.323677270728794,11.226369122595372,15.244575410519388,18.15028297038488,12.030043154581634,13.848632862344274,18.953118884420846,18.489568781951775,15.27114486327035,"|0,0>","|1,0>","|0,1>","|2,0>","|1,1>","|2,1>","|0,2>","|3,0>",unlabeled,"|3,1>","|5,0>","|4,0>"
6.922,3.5,0.150812,6.56423208434489,0.5,0.06000000000000005,-0.28176066451788984,-0.0005574369105971755,0.0005574369105971755,0.0,4.290122338722938,8.298484012927986,6.92426227951718,11.21382718132952,18.178805137305474,0.0,4.290122338722938,6.924212295035943,8.298484012927986,11.21382718132952,15.208272223724208,18.137709741242773,11.992037157505337,13.848601610951306,18.915196180563882,18.42957917906962,15.228020806672347,"|0,0>","|1,0>","|0,1>","|2,0>","|1,1>","|2,1>","|0,2>","|3,0>",unlabeled,"|3,1>","|5,0>","|4,0>"
6.922,3.5,0.150812,6.56423208434489,0.5,0.07000000000000006,-0.28196553427717674,-0.000595850371652773,0.000595850371652773,0.0,4.275321062511296,8.268676590745415,6.92426227951718,11.198987491656823,18.178805137305474,0.0,4.275321062511296,6.924193889537847,8.268676590745415,11.198987491656823,15.147667059363428,18.122831226938672,11.947077439028519,13.84856431555329,18.870328831560485,18.358755649796933,15.194566508686265,"|0,0>","|1,0>","|0,1>","|2,0>","|1,1>","|2,1>","|0,2>","|3,0>",unlabeled,"|3,1>","|5,0>","|4,0>"
6.922,3.5,0.150812,6.56423208434489,0.5,0.07999999999999996,-0.28220523335578207,-0.0006429257853852732,0.0006429257853852732,0.0,4.258221427537322,8.234237621718862,6.92426227951718,11.181840781269116,18.178805137305474,0.0,4.258221427537322,6.9241723863244715,8.234237621718862,11.181840781269116,15.07411518999325,18.10563685087149,11.895142083210786,13.848520754723992,18.81849380209202,18.27713574757709,15.159327076069857,"|0,0>","|1,0>","|0,1>","|2,0>","|1,1>","|2,1>","|0,2>","|3,0>",unlabeled,"|3,1>","|5,0>","|4,0>"
6.922,3.5,0.150812,6.56423208434489,0.5,0.08999999999999997,-0.28248130866580823,-0.000700410932381601,0.000700410932381601,0.0,4.23881394226467,8.195146575863532,6.92426227951718,11.162375810849468,18.178805137305474,0.0,4.23881394226467,6.924147638161443,8.195146575863532,11.162375810849468,14.989895110176164,18.086113250897967,11.836205792006439,13.848470635495815,18.759665587091888,18.184764264898178,15.119905862208611,"|0,0>","|1,0>","|0,1>","|2,0>","|1,1>","|2,1>","|0,2>","|3,0>",unlabeled,"|3,1>","|5,0>","|4,0>"
6.922,3.5,0.150812,6.56423208434489,0.5,0.09999999999999998,-0.2827956036643826,-0.0007708590238024726,0.0007708590238024726,0.0,4.21708758089332,8.151379558122258,6.92426227951718,11.140579001386698,18.178805137305474,0.0,4.21708758089332,6.9241194501867085,8.151379558122258,11.140579001386698,14.895213570226787,18.06423629582359,11.770240026105583,13.848413569404528,18.693816667659036,18.081701396210264,15.07595808084993,"|0,0>","|1,0>","|0,1>","|2,0>","|1,1>","|2,1>","|0,2>","|3,0>",unlabeled,"|3,1>","|5,0>","|4,0>"
6.922,3.5,0.150812,6.56423208434489,0.5,0.10999999999999999,-0.2831502960723924,-0.0008581154721554185,0.0008581154721554185,0.0,4.193029674017055,8.102909051961717,6.92426227951718,11.116433838062079,18.178805137305474,0.0,4.193029674017055,6.924087562772812,8.102909051961717,11.116433838062079,14.79002306464568,18.040017859541436,11.697213342506345,13.848349037734877,18.620918315479983,17.967975907946112,15.027371824279413,"|0,0>","|1,0>","|0,1>","|2,0>","|1,1>","|2,1>","|0,2>","|3,0>",unlabeled,"|3,1>","|5,0>","|4,0>"
6.922,3.5,0.150812,6.56423208434489,0.5,0.12,-0.2835479412388082,-0.0009682125827055188,0.0009682125827055188,0.0,4.166625780959194,8.04970362067958,6.92426227951718,11.089919847893668,18.178805137305474,0.0,4.166625780959194,6.924051626182859,8.04970362067958,11.089919847893668,14.67420382043882,18.01339205379972,11.617092134356454,13.848276339905055,18.540942164918874,17.843698204441722,14.97408448197595,"|0,0>","|1,0>","|0,1>","|2,0>","|1,1>","|2,1>","|0,2>","|3,0>",unlabeled,"|3,1>","|5,0>","|4,0>"
6.922,3.5,0.150812,6.56423208434489,0.5,0.13,-0.2839915199151051,-0.0011111325049313336,0.0011111325049313336,0.0,4.137859541667609,7.991727563420113,6.92426227951718,11.061010688679858,18.178805137305474,0.0,4.137859541667609,6.924011162280095,7.991727563420113,11.061010688679858,14.547598432003198,17.984339666239094,11.5298422396165,13.848194514649563,18.4538634770864,17.708933628532677,14.916046480186836,"|0,0>","|1,0>","|0,1>","|2,0>","|1,1>","|2,1>","|0,2>","|3,0>",unlabeled,"|3,1>","|5,0>","|4,0>"
6.922,3.5,0.150812,6.56423208434489,0.5,0.14,-0.28448448675604254,-0.0013046059542176636,0.0013046059542176636,0.0,4.106712505635272,7.928940524514502,6.92426227951718,11.029670179198234,18.178805137305474,0.0,4.106712505635272,6.923965504898334,7.928940524514502,11.029670179198234,14.410020928575449,17.952806262397942,11.435432594211122,13.848102214665062,18.35966838641096,17.563778256738416,14.853210661783223,"|0,0>","|1,0>","|0,1>","|2,0>","|1,1>","|2,1>","|0,2>","|3,0>",unlabeled,"|3,1>","|5,0>","|4,0>"
6.922,3.5,0.150812,6.56423208434489,0.5,0.15000000000000002,-0.28503081045360545,-0.0015833277104491117,0.0015833277104491117,0.0,4.073163934765134,7.861297059076662,6.92426227951718,10.995842886571864,18.178805137305474,0.0,4.073163934765134,6.923913703755645,7.861297059076662,10.995842886571864,14.261259505153077,17.918702668595827,11.33384432156106,13.847997493173196,18.24892063972601,17.408341958246666,14.785528242614859,"|0,0>","|1,0>","|0,1>","|2,0>","|1,1>","|2,1>","|0,2>","|3,0>",unlabeled,"|3,1>","|5,0>","|4,0>"
6.922,3.5,0.150812,6.56423208434489,0.5,0.16000000000000003,-0.28563498477262783,-0.0020253337321634035,0.0020253337321634035,0.0,4.03719057658617,7.788746168399712,6.92426227951718,10.959427522371186,18.178805137305474,0.0,4.03719057658617,6.923854362983633,7.788746168399712,10.959427522371186,14.101077621062288,17.88185349889841,11.225097017428865,13.847877371302033,18.03182123601718,17.24275086610986,14.712946947147529,"|0,0>","|1,0>","|0,1>","|2,0>","|1,1>","|2,1>","|0,2>","|3,0>",unlabeled,"|3,1>","|5,0>","|4,0>"
6.922,3.5,0.150812,6.56423208434489,0.5,0.17000000000000004,-0.28630196273485353,-0.002848902787889074,0.002848902787889074,0.0,3.998766403475557,7.71123084421626,6.92426227951718,10.920179780204847,18.178805137305474,0.0,3.998766403475557,6.92378535592519,7.71123084421626,10.920179780204847,13.92921642085723,17.803215836275754,11.1093456114626,13.847735694682783,17.841816483837974,17.06714941363434,14.635410097960118,"|0,0>","|1,0>","|0,1>","|2,0>","|1,1>","|2,1>","|0,2>","|3,0>",unlabeled,"|3,1>","|5,0>","|4,0>"
6.922,3.5,0.150812,6.56423208434489,0.5,0.18000000000000005,-0.28703690158378947,-0.004960252099564855,0.004960252099564855,0.0,3.9578623127657835,7.6286877239477775,6.92426227951718,10.877164340183398,18.178805137305474,0.0,3.9578623127657835,6.923703289481722,7.6286877239477775,10.877164340183398,13.745380585619998,17.56368079305784,10.987428098704854,13.84757771972646,17.796946559768656,16.88170243926737,14.552856419062564,"|0,0>","|1,0>","|0,1>","|2,0>","|1,1>","|2,1>","|0,2>","|3,0>",unlabeled,"|3,1>","|5,0>","|4,0>"
6.922,3.5,0.150812,6.56423208434489,0.5,0.19000000000000006,-0.2878444372154263,-0.0172419130155248,0.0172419130155248,0.0,3.9144457815720557,7.541047125928685,6.92426227951718,10.82146614807371,18.178805137305474,0.0,3.9144457815720557,6.923602417691086,7.541047125928685,10.82146614807371,13.549286111774066,17.313851136590046,10.868154057539058,13.847372937633281,17.736218810402903,16.686597389024413,14.465220930375253,"|0,0>","|1,0>","|0,1>","|2,0>","|1,1>","|2,1>","|0,2>","|3,0>",unlabeled,"|3,1>","|5,0>","|4,0>"
6.922,3.5,0.150812,6.56423208434489,0.5,0.20000000000000007,-0.2887267171532386,0.0056120807108897,0.0056120807108897,0.0,3.868480469043817,7.4482342209343955,6.92426227951718,10.798354829271887,18.178805137305474,0.0,3.868480469043817,6.923472208041687,7.4482342209343955,10.798354829271887,13.340603940683323,17.05441968882488,10.706140125394043,13.847111206949208,17.624252843572904,16.482046599848374,14.372438388343184,"|0,0>","|1,0>","|0,1>","|2,0>","|1,1>","|2,1>","|0,2>","|3,0>",unlabeled,"|3,1>","|5,0>","|4,0>"
6.922,3.5,0.150812,6.56423208434489,0.5,0.20999999999999996,-0.28967777295034125,0.0025102762486852725,0.0025102762486852725,0.0,3.8199257572781278,7.350173741605914,6.92426227951718,10.746698313043993,18.178805137305474,0.0,3.8199257572781278,6.923291106884847,7.350173741605914,10.746698313043993,13.11900910558883,16.78613400957154,10.562396396766275,13.846748266277487,17.48292686636468,16.268289631752936,14.274454023648403,"|0,0>","|1,0>","|0,1>","|2,0>","|1,1>","|2,1>","|0,2>","|3,0>",unlabeled,"|3,1>","|5,0>","|4,0>"
6.922,3.5,0.150812,6.56423208434489,0.5,0.21999999999999997,-0.29066494098348983,0.0014699371867976652,0.0014699371867976652,0.0,3.7687362204379298,7.24680749989237,6.92426227951718,10.694468437141907,18.178805137305474,0.0,3.7687362204379298,6.92300716639474,7.24680749989237,10.694468437141907,12.884177286703917,16.509790715258347,10.408821023920865,13.846181007748413,17.33029306029009,16.04559560495528,14.171259782838618,"|0,0>","|1,0>","|0,1>","|2,0>","|1,1>","|2,1>","|0,2>","|3,0>",unlabeled,"|3,1>","|5,0>","|4,0>"
6.922,3.5,0.150812,6.56423208434489,0.5,0.22999999999999998,-0.2915479245974808,0.000941148942615655,0.000941148942615655,0.0,3.7148610096038794,7.138174094610278,6.92426227951718,10.640064438063675,18.178805137305474,0.0,3.7148610096038794,6.9224560626900455,7.138174094610278,10.640064438063675,12.635799380956001,15.814265486537252,10.246877177727782,13.845087098486971,17.16883435682547,16.226226814314785,14.063051265522319,"|0,0>","|1,0>","|0,1>","|2,0>","|1,1>","|2,1>","|0,2>","|3,0>",unlabeled,"|3,1>","|5,0>","|4,0>"
6.922,3.5,0.150812,6.56423208434489,0.5,0.24,-0.2914391977157891,0.0006123169184917288,0.0006123169184917288,0.0,3.6582431384365464,7.025047079157304,6.92426227951718,10.583117734872218,18.178805137305474,0.0,3.6582431384365464,6.920720119309706,7.025047079157304,10.583117734872218,12.373598851254698,15.5746342596738,10.07678903771965,13.841746551767343,16.999041276908912,15.936307917825175,13.951403173304172,"|0,0>","|1,0>","|0,1>","|2,0>","|1,1>","|2,1>","|0,2>","|3,0>",unlabeled,"|3,1>","|5,0>","|4,0>"
6.922,3.5,0.150812,6.56423208434489,0.5,0.25,-0.30639182583244917,0.00038141367291189,0.00038141367291189,0.0,3.598818651889843,6.891245477947237,6.92426227951718,10.523462345079935,18.178805137305474,0.0,3.598818651889843,6.933814294808997,6.891245477947237,10.523462345079935,12.09735280527876,15.32707289732609,9.898572565765818,13.808111038258716,16.82102370916958,15.64091352502605,13.864196385140872,"|0,0>","|1,0>","|0,1>","|2,0>","|1,1>","|2,1>","|0,2>","|3,0>",unlabeled,"|3,1>","|5,0>","|4,0>"
6.922,3.5,0.150812,6.56423208434489,0.5,0.26,-0.3006901330303151,0.00020539318484225078,0.00020539318484225078,0.0,3.5365156569518064,6.772341180873298,6.92426227951718,10.460983329653828,18.178805137305474,0.0,3.5365156569518064,6.92597440369363,6.772341180873298,10.460983329653828,11.806916498033175,15.071990052939128,9.712188776884389,13.852023206607711,16.634783807332084,15.340920036888306,13.693394112893955,"|0,0>","|1,0>","|0,1>","|2,0>","|1,1>","|2,1>","|0,2>","|3,0>",unlabeled,"|3,1>","|5,0>","|4,0>"
6.922,3.5,0.150812,6.56423208434489,0.5,0.27,-0.30212633862720395,6.302072253561164e-05,6.302072253561164e-05,0.0,3.4712531906118613,6.640380042596519,6.92426227951718,10.395578490851577,18.178805137305474,0.0,3.4712531906118613,6.924930477878803,6.640380042596519,10.395578490851577,11.502250483359404,14.809833374300169,9.517584412257705,13.85000042302201,16.440289189807984,15.037182661865558,13.562252427031353,"|0,0>","|1,0>","|0,1>","|2,0>","|1,1>","|2,1>","|0,2>","|3,0>",unlabeled,"|3,1>","|5,0>","|4,0>"
6.922,3.5,0.150812,6.56423208434489,0.5,0.28,-0.3046028190258738,-5.73500286975559e-05,5.73500286975559e-05,0.0,3.4029398962850337,6.5012769735441935,6.92426227951718,10.327144825773516,18.178805137305474,0.0,3.4029398962850337,6.924504632175825,6.5012769735441935,10.327144825773516,11.183449287184615,14.73051785037569,9.314708658959162,13.84915818428152,16.237500830175335,14.541090345858962,13.423389501088963,"|0,0>","|1,0>","|0,1>","|2,0>","|1,1>","|2,1>","|0,2>","|3,0>",unlabeled,"|3,1>","|5,0>","|4,0>"
6.922,3.5,0.150812,6.56423208434489,0.5,0.29000000000000004,-0.307783641094332,-0.00016260902154385803,0.00016260902154385803,0.0,3.3314724758247394,6.355161310555147,6.92426227951718,10.255572146320375,18.178805137305474,0.0,3.3314724758247394,6.924256690786876,6.355161310555147,10.255572146320375,10.850770336388337,14.421688229681848,9.103523670581012,13.848664234381644,16.026388100861,14.26628857192182,13.277321981798607,"|0,0>","|1,0>","|0,1>","|2,0>","|1,1>","|2,1>","|0,2>","|3,0>",unlabeled,"|3,1>","|5,0>","|4,0>"
6.922,3.5,0.150812,6.56423208434489,0.5,0.30000000000000004,-0.3117015718044911,-0.00025706371009448503,0.00025706371009448503,0.0,3.256733880927996,6.201766190051501,6.92426227951718,10.180739096735081,18.178805137305474,0.0,3.256733880927996,6.924083270823942,6.201766190051501,10.180739096735081,10.504662065629176,14.111392451659441,8.884013838341659,13.848316407046312,15.80694010957329,13.985995432199175,13.123874311617698,"|0,0>","|1,0>","|0,1>","|2,0>","|1,1>","|2,1>","|0,2>","|3,0>",unlabeled,"|3,1>","|5,0>","|4,0>"
6.922,3.5,0.150812,6.56423208434489,0.5,0.31000000000000005,-0.3164983463300075,-0.0003435151291029115,0.0003435151291029115,0.0,3.1785912061638584,6.040684065997709,6.92426227951718,10.102509970551935,18.178805137305474,0.0,3.1785912061638584,6.923947464120815,6.040684065997709,10.102509970551935,10.145790684479906,13.800238481111151,8.656195605553023,13.848062682006088,15.579176546626158,13.700817075977923,12.962664746194335,"|0,0>","|1,0>","|0,1>","|2,0>","|1,1>","|2,1>","|0,2>","|3,0>",unlabeled,"|3,1>","|5,0>","|4,0>"
6.922,3.5,0.150812,6.56423208434489,0.5,0.32000000000000006,-0.32239252303125454,-0.000423830525988933,0.000423830525988933,0.0,3.096893248550529,5.871393974069804,6.92426227951718,10.02073169754172,18.178805137305474,0.0,3.096893248550529,6.923832689678065,5.871393974069804,10.02073169754172,9.775065942890308,13.488839077332386,8.420128663030312,13.847819514336365,15.34315943477651,13.411396776840903,12.793173237096354,"|0,0>","|1,0>","|0,1>","|2,0>","|1,1>","|2,1>","|0,2>","|3,0>",unlabeled,"|3,1>","|5,0>","|4,0>"
6.922,3.5,0.150812,6.56423208434489,0.5,0.33000000000000007,-0.3296851508110734,-0.0004992649723476461,0.0004992649723476461,0.0,3.011467709807377,5.693250268803681,6.92426227951718,9.935230724352209,18.178805137305474,0.0,3.011467709807377,6.923730163233458,5.693250268803681,9.935230724352209,9.393667165479968,13.118412751337758,8.175929028044337,13.84761301918138,15.099006522846608,13.177657189605213,12.614738039662555,"|0,0>","|1,0>","|0,1>","|2,0>","|1,1>","|2,1>","|0,2>","|3,0>",unlabeled,"|3,1>","|5,0>","|4,0>"
6.922,3.5,0.150812,6.56423208434489,0.5,0.33999999999999997,-0.33877818364629775,-0.0005706486224994478,0.0005706486224994478,0.0,2.9221180445452006,5.5054579054441035,6.92426227951718,9.845809675439881,18.178805137305474,0.0,2.9221180445452006,6.92363437208067,5.5054579054441035,9.845809675439881,9.003071476422207,12.822575657846883,7.9237843795168175,13.847420563234607,14.84690680745787,12.86717629478862,12.426527131516593,"|0,0>","|1,0>","|0,1>","|2,0>","|1,1>","|2,1>","|0,2>","|3,0>",unlabeled,"|3,1>","|5,0>","|4,0>"
6.922,3.5,0.150812,6.56423208434489,0.5,0.35,-0.35019967112785366,-0.0006384972937780731,0.0006384972937780731,0.0,2.828620014711859,5.307040358295865,6.92426227951718,9.752243796935261,18.178805137305474,0.0,2.828620014711859,6.923540828561272,5.307040358295865,9.752243796935261,8.605086026344082,12.524626142837121,7.663971975514457,13.847232774058313,14.587138564582489,12.557868835512124,12.227490227170861,"|0,0>","|1,0>","|0,1>","|2,0>","|1,1>","|2,1>","|0,2>","|3,0>",unlabeled,"|3,1>","|5,0>","|4,0>"
6.922,3.5,0.150812,6.56423208434489,0.5,0.36,-0.36463152309194413,-0.0007030764342488283,0.0007030764342488283,0.0,2.7307181213334957,5.096804719575047,6.92426227951718,9.654277324416427,18.178805137305474,0.0,2.7307181213334957,6.923443908524888,5.096804719575047,9.654277324416427,8.201884647724825,12.225333000364245,7.3968794829571465,13.84703831461492,14.320090249830969,12.250269762848575,12.016282403137183,"|0,0>","|1,0>","|0,1>","|2,0>","|1,1>","|2,1>","|0,2>","|3,0>",unlabeled,"|3,1>","|5,0>","|4,0>"
6.922,3.5,0.150812,6.56423208434489,0.5,0.37,-0.38293217337754015,-0.000764435021167742,0.000764435021167742,0.0,2.6281222927642176,4.873312412150895,6.92426227951718,9.55162013726023,18.178805137305474,0.0,2.6281222927642176,6.923331403699422,4.873312412150895,9.55162013726023,7.796047143775709,11.925492775600745,7.123029109069051,13.846812691786454,14.04628467236519,11.945108756167429,11.7911255834848,"|0,0>","|1,0>","|0,1>","|2,0>","|1,1>","|2,1>","|0,2>","|3,0>",unlabeled,"|3,1>","|5,0>","|4,0>"
6.922,3.5,0.150812,6.56423208434489,0.5,0.38,-0.4061387669345464,-0.0008224191851553542,0.0008224191851553542,0.0,2.520505591111572,4.634872415288598,6.92426227951718,9.443945451443597,18.178805137305474,0.0,2.520505591111572,6.923153381760585,4.634872415288598,9.443945451443597,7.39061059777076,11.625932012893244,6.843105569151035,13.84645572806177,13.766406984744009,11.643602741526848,11.549533263516835,"|0,0>","|1,0>","|0,1>","|2,0>","|1,1>","|2,1>","|0,2>","|3,0>",unlabeled,"|3,1>","|5,0>","|4,0>"
6.922,3.5,0.150812,6.56423208434489,0.5,0.39,-0.43542187592780124,-0.0008766727337530256,0.0008766727337530256,0.0,2.4075043962981226,4.379586916668444,6.92426227951718,9.33089000308155,18.178805137305474,0.0,2.4075043962981226,6.9216968428559085,4.379586916668444,9.33089000308155,6.9901763217147135,11.327513907589676,6.557988721304767,13.843579013474383,13.48133732268424,11.347533564531787,11.28830422686822,"|0,0>","|1,0>","|0,1>","|2,0>","|1,1>","|2,1>","|0,2>","|3,0>",unlabeled,"|3,1>","|5,0>","|4,0>"
6.922,3.5,0.150812,6.56423208434489,0.5,0.4,-0.47195423736128816,-0.0009266320167142794,0.0009266320167142794,0.0,2.288723800282952,4.105493363204616,6.92426227951718,9.212059447783417,18.178805137305474,0.0,2.288723800282952,6.923580362338797,4.105493363204616,9.212059447783417,6.593821658930665,11.031152050586158,6.268792283760661,13.516309941784584,13.19218951085729,11.055243038416776,11.007698784710641,"|0,0>","|1,0>","|0,1>","|2,0>","|1,1>","|2,1>","|0,2>","|3,0>",unlabeled,"|3,1>","|5,0>","|4,0>"
6.922,3.5,0.150812,6.56423208434489,0.5,0.41000000000000003,-0.5166561960274123,-0.0009715261439140477,0.0009715261439140477,0.0,2.1637532892646334,3.8108503825018545,6.92426227951718,9.087044042637899,18.178805137305474,0.0,2.1637532892646334,6.9233397191859325,3.8108503825018545,9.087044042637899,6.210810398115541,10.737835651710157,5.976911240640732,12.90035843985332,13.133632999400774,10.758429740969362,10.714964313027338,"|0,0>","|1,0>","|0,1>","|2,0>","|1,1>","|2,1>","|0,2>","|3,0>",unlabeled,"|3,1>","|5,0>","|4,0>"
6.922,3.5,0.150812,6.56423208434489,0.5,0.42000000000000004,-0.5698154952790873,-0.0010104009609364084,0.0010104009609364084,0.0,2.03220220680808,3.4945889183370724,6.92426227951718,8.955454085364323,18.178805137305474,0.0,2.03220220680808,6.923226058184852,3.4945889183370724,8.955454085364323,5.8424811675174055,10.408434064411864,5.684083105863735,12.607581283498547,12.765517391903089,10.448673976443217,10.458552051472225,"|0,0>","|1,0>","|0,1>","|2,0>","|1,1>","|2,1>","|0,2>","|3,0>",unlabeled,"|3,1>","|5,0>","|4,0>"
6.922,3.5,0.150812,6.56423208434489,0.5,0.43000000000000005,-0.630658569159138,-0.0010421962525413164,0.0010421962525413164,0.0,1.893773117031472,3.156887664903806,6.92426227951718,8.81699320029611,18.178805137305474,0.0,1.893773117031472,6.923141821873415,3.156887664903806,8.81699320029611,5.491973095551742,10.07651495410181,5.392474090807212,12.3160236046145,12.41519069945808,10.164974783228047,10.168495200010796,"|0,0>","|1,0>","|0,1>","|2,0>","|1,1>","|2,1>","|0,2>","|3,0>",unlabeled,"|3,1>","|5,0>","|4,0>"
6.922,3.5,0.150812,6.56423208434489,0.5,0.44000000000000006,-0.6970381893027593,-0.001065917098941327,0.001065917098941327,0.0,1.7484090310431384,2.7997798727835175,6.92426227951718,8.671605393461377,18.178805137305474,0.0,1.7484090310431384,6.92307032672889,2.7997798727835175,8.671605393461377,5.161617128296484,9.721317998296215,5.104815440364902,12.028415622775654,12.084992236516484,9.888387345012887,9.889686601128233,"|0,0>","|1,0>","|0,1>","|2,0>","|1,1>","|2,1>","|0,2>","|3,0>",unlabeled,"|3,1>","|5,0>","|4,0>"
6.922,3.5,0.150812,6.56423208434489,0.5,0.45000000000000007,-0.7654128552301245,-0.0010809393789514843,0.0010809393789514843,0.0,1.596590317522569,2.4277677798150137,6.92426227951718,8.519771657660797,18.178805137305474,0.0,1.596590317522569,6.923006610388924,2.4277677798150137,8.519771657660797,4.8246512106270245,9.34997748382007,4.853213954848869,11.776721218665898,11.74829993735193,9.621178319515735,9.621659303180294,"|0,0>","|1,0>","|0,1>","|2,0>","|1,1>","|2,1>","|0,2>","|3,0>",unlabeled,"|3,1>","|5,0>","|4,0>"
6.922,3.5,0.150812,6.56423208434489,0.5,0.45999999999999996,-0.8311810624375084,-0.001087448349565534,0.001087448349565534,0.0,1.4399541079984601,2.048727153559412,6.92426227951718,8.363128939166074,18.178805137305474,0.0,1.4399541079984601,6.922949002806121,2.048727153559412,8.363128939166074,4.556853522749336,8.971203403853437,4.568848832926136,11.492461347482617,11.480546774608726,9.366804345446042,9.366967448195396,unlabeled,unlabeled,unlabeled,unlabeled,unlabeled,unlabeled,unlabeled,unlabeled,unlabeled,unlabeled,unlabeled,unlabeled
6.922,3.5,0.150812,6.56423208434489,0.5,0.47,-0.8892773126222693,-0.0010868928462741678,0.0010868928462741678,0.0,1.282660133710877,1.6760429547994846,6.92426227951718,8.205835520381783,18.178805137305474,0.0,1.282660133710877,6.922897286136319,1.6760429547994846,8.205835520381783,4.308815262759268,8.598637365559114,4.312606162122179,11.236297334062655,11.232546773570775,9.13119749732175,9.131242373939088,unlabeled,unlabeled,unlabeled,unlabeled,unlabeled,unlabeled,unlabeled,unlabeled,unlabeled,unlabeled,unlabeled,unlabeled
6.922,3.5,0.150812,6.56423208434489,0.5,0.48,-0.9348607651110825,-0.0010821533187908017,0.0010821533187908017,0.0,1.1345377982836737,1.334214831456265,6.92426227951718,8.057717924482063,18.178805137305474,0.0,1.1345377982836737,6.9228525611816,1.334214831456265,8.057717924482063,4.0933531475923814,8.256869343185073,4.094050566667647,11.017795571400129,11.017114269786731,8.925796390046116,8.925804236563252,unlabeled,unlabeled,unlabeled,unlabeled,unlabeled,unlabeled,unlabeled,unlabeled,unlabeled,unlabeled,unlabeled,unlabeled
6.922,3.5,0.150812,6.56423208434489,0.5,0.49,-0.9639548752720088,-0.0010770205326764426,0.0010770205326764426,0.0,1.0176129886974223,1.0712711021228358,6.92426227951718,7.940798247681926,18.178805137305474,0.0,1.0176129886974223,6.922818691338804,1.0712711021228358,7.940798247681926,3.9349411257082494,7.993959572172713,3.934963289961985,10.858739475377973,10.858721046406217,8.773931041523724,8.773931407639836,unlabeled,unlabeled,unlabeled,unlabeled,unlabeled,unlabeled,unlabeled,unlabeled,unlabeled,unlabeled,unlabeled,unlabeled
6.922,3.5,0.150812,6.56423208434489,0.5,0.5,-0.97395491787411,-0.0010748563657472232,0.0010748563657472232,0.0,0.9702630388041626,0.9665711597342153,6.92426227951718,7.893450461955595,18.178805137305474,0.0,0.9702630388041626,6.922804955233744,0.9665711597342153,7.893450461955595,3.8735733556342353,7.889272159075546,3.8735746528912216,10.797361028292755,10.797359728017597,8.714834619351663,8.7148346218723,unlabeled,unlabeled,unlabeled,unlabeled,unlabeled,unlabeled,unlabeled,unlabeled,unlabeled,unlabeled,unlabeled,unlabeled
6.922,3.0,0.17604,7.660287200882223,0.5,-0.5,-0.9748642738206854,-0.0012534250936084845,0.0012534250936084845,0.0,0.9705556730223606,0.9662470722240357,6.921954604534989,7.891256852463741,13.844049743670524,0.0,0.9705556730223606,6.920254532792583,0.9662470722240357,3.87349369744382,7.891256852463741,7.886380624173285,3.873495463564865,10.79489777411598,10.794896004925121,8.714535339074374,8.714535343086482,unlabeled,unlabeled,unlabeled,unlabeled,unlabeled,unlabeled,unlabeled,unlabeled,unlabeled,unlabeled,unlabeled,unlabeled
6.922,3.0,0.17604,7.660287200882223,0.5,-0.49,-0.9648609080540353,-0.0012559395957936204,0.0012559395957936204,0.0,1.0179084524967408,1.0709559969394462,6.921954604534989,7.938607117435936,13.844049743670524,0.0,1.0179084524967408,6.920270592487768,1.0709559969394462,3.9348619905334346,7.938607117435936,7.991074926973539,3.9348794335910497,10.8562698494829,10.856256755568864,8.773633031009425,8.773633429414133,unlabeled,unlabeled,unlabeled,unlabeled,unlabeled,unlabeled,unlabeled,unlabeled,unlabeled,unlabeled,unlabeled,unlabeled
6.922,3.0,0.17604,7.660287200882223,0.5,-0.48,-0.9357565072835143,-0.0012619014713521892,0.0012619014713521892,0.0,1.1348330131706064,1.3339095190576984,6.921954604534989,8.055525716234243,13.844049743670524,0.0,1.1348330131706064,6.920310177934908,1.3339095190576984,4.093266963199909,8.055525716234243,8.253988883927931,4.0939438439419575,11.01529786187983,11.014639751543882,8.925493211228954,8.925502171098074,unlabeled,unlabeled,unlabeled,unlabeled,unlabeled,unlabeled,unlabeled,unlabeled,unlabeled,unlabeled,unlabeled,unlabeled
6.922,3.0,0.17604,7.660287200882223,0.5,-0.47,-0.8901549452870086,-0.001267399106311018,0.001267399106311018,0.0,1.2829457528503951,1.6757365604137817,6.921954604534989,8.203632958279073,13.844049743670524,0.0,1.2829457528503951,6.920362432166556,1.6757365604137817,4.3087085252015385,8.203632958279073,8.595746100096477,4.312451800805178,11.233742974561778,11.230046695881285,9.130875852682223,9.130927201085953,unlabeled,unlabeled,unlabeled,unlabeled,unlabeled,unlabeled,unlabeled,unlabeled,unlabeled,unlabeled,unlabeled,unlabeled
6.922,3.0,0.17604,7.660287200882223,0.5,-0.46,-0.8320317212431974,-0.0012680194579388626,0.0012680194579388626,0.0,1.4402226962078402,2.048413671172483,6.921954604534989,8.36090928128489,13.844049743670524,0.0,1.4402226962078402,6.9204228427443155,2.048413671172483,4.556715136817573,8.36090928128489,8.96828640936549,4.568623736266375,11.489823076631353,11.478008580246453,9.366452193622578,9.366638133652174,unlabeled,unlabeled,unlabeled,unlabeled,unlabeled,unlabeled,unlabeled,unlabeled,unlabeled,unlabeled,unlabeled,unlabeled
6.922,3.0,0.17604,7.660287200882223,0.5,-0.45,-0.76622697366804,-0.0012604062031442709,0.0012604062031442709,0.0,1.596837295715659,2.4274476177632778,6.921954604534989,8.517531494047503,13.844049743670524,0.0,1.596837295715659,6.9204901293887815,2.4274476177632778,4.824473521634445,8.517531494047503,9.347013168709424,4.852898126681666,11.773974568093493,11.745714912204363,9.620786009927656,9.621331538453546,"|0,0>","|1,0>","|0,1>","|2,0>","|2,1>","|1,1>","|1,2>","|3,0>","|0,2>","|3,1>","|5,0>","|4,0>"
6.922,3.0,0.17604,7.660287200882223,0.5,-0.44,-0.6978064631484671,-0.0012428681055922652,0.0012428681055922652,0.0,1.7486317538505745,2.799457044552682,6.921954604534989,8.66934349027997,13.844049743670524,0.0,1.7486317538505745,6.920564554051964,2.799457044552682,5.16119370807094,8.66934349027997,9.718255034271465,5.10459332925339,12.025777968184059,12.08211580438821,9.887946999057718,9.889411685475196,"|0,0>","|1,0>","|0,1>","|2,0>","|2,1>","|1,1>","|1,2>","|3,0>","|0,2>","|3,1>","|5,0>","|4,0>"
6.922,3.0,0.17604,7.660287200882223,0.5,-0.43,-0.6313733593344608,-0.0012151854109845317,0.0012151854109845317,0.0,1.8939701018647384,3.156566844395016,6.921954604534989,8.814709520988742,13.844049743670524,0.0,1.8939701018647384,6.9206480801513806,3.156566844395016,5.491428793620841,8.814709520988742,10.073225130172318,5.392204166716809,12.313329570340812,12.412166892257957,10.16447981257322,10.16840289442932,"|0,0>","|1,0>","|0,1>","|2,0>","|2,1>","|1,1>","|1,2>","|3,0>","|0,2>","|3,1>","|5,0>","|4,0>"
6.922,3.0,0.17604,7.660287200882223,0.5,-0.42,-0.570472162769363,-0.0011780821988622847,0.0011780821988622847,0.0,2.032372664492641,3.494273166215919,6.921954604534989,8.953149186828767,13.844049743670524,0.0,2.032372664492641,6.9207465353981945,3.494273166215919,5.841806535468436,8.953149186828767,10.40479930407524,5.683763166050355,12.604828553476096,12.7623326661204,10.44811882702895,10.458760238200838,"|0,0>","|1,0>","|0,1>","|2,0>","|2,1>","|1,1>","|1,2>","|3,0>","|0,2>","|3,1>","|5,0>","|4,0>"
6.922,3.0,0.17604,7.660287200882223,0.5,-0.41000000000000003,-0.5172537669037354,-0.0011327158514973235,0.0011327158514973235,0.0,2.1638968520582154,3.8105399372126953,6.921954604534989,9.084718740741707,13.844049743670524,0.0,2.1638968520582154,6.92087952820917,3.8105399372126953,6.2099981029621745,9.084718740741707,10.737215662176538,5.976539911138488,12.897545699823652,13.130274407007548,10.758574142959077,10.711345112982883,"|0,0>","|1,0>","|0,1>","|2,0>","|2,1>","|1,1>","|1,2>","|3,0>","|0,2>","|3,1>","|5,0>","|4,0>"
6.922,3.0,0.17604,7.660287200882223,0.5,-0.4,-0.4724951236625401,-0.0010803209251832868,0.0010803209251832868,0.0,2.2888403635620165,4.105185603461493,6.921954604534989,9.209714647171822,13.844049743670524,0.0,2.2888403635620165,6.921162083211712,4.105185603461493,6.592851428519538,9.209714647171822,11.030463358994453,6.268368769973236,13.512735827230458,13.189316135181855,11.055509321157516,11.00390191002083,"|0,0>","|1,0>","|0,1>","|2,0>","|2,1>","|1,1>","|1,2>","|3,0>","|0,2>","|3,1>","|5,0>","|4,0>"
6.922,3.0,0.17604,7.660287200882223,0.5,-0.39,-0.43591089711240727,-0.0010220090256609637,0.0010220090256609637,0.0,2.4075940247828242,4.379277152453241,6.921954604534989,9.328526620292152,13.844049743670524,0.0,2.4075940247828242,6.919004284695788,4.379277152453241,6.989370030019899,9.328526620292152,11.326753378991981,6.557512627594306,13.838163551522754,13.478403141719127,11.348014877449103,11.28422615326022,"|0,0>","|1,0>","|0,1>","|2,0>","|2,1>","|1,1>","|1,2>","|3,0>","|0,2>","|3,1>","|5,0>","|4,0>"
6.922,3.0,0.17604,7.660287200882223,0.5,-0.38,-0.40658198689116887,-0.000958678403463864,0.000958678403463864,0.0,2.5205684622380886,4.634554937585008,6.921954604534989,9.441564388369613,13.844049743670524,0.0,2.5205684622380886,6.920661774717701,4.634554937585008,7.389500770414941,9.441564388369613,11.625097177521837,6.842576764474558,13.841430349602476,13.763412108747374,11.643825652663196,11.545635633075321,"|0,0>","|1,0>","|0,1>","|2,0>","|2,1>","|1,1>","|1,2>","|3,0>","|0,2>","|3,1>","|5,0>","|4,0>"
6.922,3.0,0.17604,7.660287200882223,0.5,-0.37,-0.38333596062966535,-0.000890985666487154,0.000890985666487154,0.0,2.6281586619089694,4.8729813631882735,6.921954604534989,9.549222280777471,13.844049743670524,0.0,2.6281586619089694,6.920869209794219,4.8729813631882735,7.794814086326625,9.549222280777471,11.924581773607855,7.1224476250959725,13.841846346020446,14.043229355753823,11.944954713912026,11.787514924813323,"|0,0>","|1,0>","|0,1>","|2,0>","|2,1>","|1,1>","|1,2>","|3,0>","|0,2>","|3,1>","|5,0>","|4,0>"
6.922,3.0,0.17604,7.660287200882223,0.5,-0.36,-0.3650019816163308,-0.0008193452404583468,0.0008193452404583468,0.0,2.7307283001291864,5.096454618642042,6.921954604534989,9.651863559423717,13.844049743670524,0.0,2.7307283001291864,6.9210005241243095,5.096454618642042,8.200548059681125,9.651863559423717,12.224344531083915,7.396245435785886,13.84210970915285,14.316974783931002,12.249819491742699,12.012866466239146,"|0,0>","|1,0>","|0,1>","|2,0>","|2,1>","|1,1>","|1,2>","|3,0>","|0,2>","|3,1>","|5,0>","|4,0>"
6.922,3.0,0.17604,7.660287200882223,0.5,-0.35,-0.3505424029075357,-0.0007439351223013091,0.0007439351223013091,0.0,2.8286043574308337,5.306666311954132,6.921954604534989,9.749815026843521,13.844049743670524,0.0,2.8286043574308337,6.921113706809223,5.306666311954132,8.603657525039935,9.749815026843521,12.523559417285028,7.663285504500763,13.842336805315526,14.583963189389934,12.557190222821077,12.224190403954267,"|0,0>","|1,0>","|0,1>","|2,0>","|2,1>","|1,1>","|1,2>","|3,0>","|0,2>","|3,1>","|5,0>","|4,0>"
6.922,3.0,0.17604,7.660287200882223,0.5,-0.33999999999999997,-0.33909828370919115,-0.0006646960158747106,0.0006646960158747106,0.0,2.922076939474479,5.505055595239767,6.921954604534989,9.843366847993593,13.844049743670524,0.0,2.922076939474479,6.92122298183881,5.505055595239767,9.001560509392164,9.843366847993593,12.821430353649063,7.92304559765131,13.842556183878926,14.843671634060996,12.866309614425418,12.423293232364202,"|0,0>","|1,0>","|0,1>","|2,0>","|2,1>","|1,1>","|1,2>","|3,0>","|0,2>","|3,1>","|5,0>","|4,0>"
6.922,3.0,0.17604,7.660287200882223,0.5,-0.32999999999999996,-0.3299873543538183,-0.0005813151428384344,0.0005813151428384344,0.0,3.01140157382288,5.692815793291942,6.921954604534989,9.93277486321503,13.844049743670524,0.0,3.01140157382288,6.921334920341408,5.692815793291942,9.392082092507735,9.93277486321503,13.117188969702667,8.175137978531865,13.842781110931625,15.095711458222482,13.176625700290714,12.611537471246962,"|0,0>","|1,0>","|0,1>","|2,0>","|2,1>","|1,1>","|1,2>","|3,0>","|0,2>","|3,1>","|5,0>","|4,0>"
6.922,3.0,0.17604,7.660287200882223,0.5,-0.32,-0.3226814738258952,-0.0004931862698782652,0.0004931862698782652,0.0,3.096802523741431,5.870923573656967,6.921954604534989,10.018263942006541,13.844049743670524,0.0,3.096802523741431,6.9214547813849805,5.870923573656967,9.773414337298675,10.018263942006541,13.487656439098899,8.419285276265427,13.843022661063145,15.339804099684216,13.410095001537371,12.789983062687284,"|0,0>","|1,0>","|0,1>","|2,0>","|2,1>","|1,1>","|1,2>","|3,0>","|0,2>","|3,1>","|5,0>","|4,0>"
6.922,3.0,0.17604,7.660287200882223,0.5,-0.31,-0.3167790237985457,-0.0003993344488577577,0.0003993344488577577,0.0,3.178476357756466,6.0401736917143865,6.921954604534989,10.100031627842597,13.844049743670524,0.0,3.178476357756466,6.921589040513908,6.0401736917143865,10.14407942207788,10.100031627842597,13.798907351862994,8.655299649338431,13.843311156629852,15.575760174580253,13.69943813447712,12.959466790132979,"|0,0>","|1,0>","|0,1>","|2,0>","|2,1>","|1,1>","|1,2>","|3,0>","|0,2>","|3,1>","|5,0>","|4,0>"
6.922,3.0,0.17604,7.660287200882223,0.5,-0.3,-0.31198003319744316,-0.00029828596555603326,0.00029828596555603326,0.0,3.2565953960742746,6.201210758951106,6.921954604534989,10.178251714643707,13.844049743670524,0.0,3.2565953960742746,6.92174803365009,6.201210758951106,10.502897335626272,10.178251714643707,14.109933131489981,8.883064851674987,13.843603025102524,15.803461409789094,13.984540459339144,13.12065151343576,"|0,0>","|1,0>","|0,1>","|2,0>","|2,1>","|1,1>","|1,2>","|3,0>","|0,2>","|3,1>","|5,0>","|4,0>"
6.922,3.0,0.17604,7.660287200882223,0.5,-0.29000000000000004,-0.30806853871403916,-0.00018784813832439795,0.00018784813832439795,0.0,3.331310862931204,6.354553187148369,6.921954604534989,10.253077619327868,13.844049743670524,0.0,3.331310862931204,6.921951301151097,6.354553187148369,10.84895762307373,10.253077619327868,14.420096407325374,9.10252086620359,13.844010704319473,16.022845057923888,14.264758976411613,13.274054222433548,"|0,0>","|1,0>","|0,1>","|2,0>","|2,1>","|1,1>","|1,2>","|3,0>","|0,2>","|3,1>","|5,0>","|4,0>"
6.922,3.0,0.17604,7.660287200882223,0.5,-0.28,-0.3049091924062566,-6.473099610104782e-05,6.473099610104782e-05,0.0,3.4027556846762366,6.500602176946217,6.921954604534989,10.324645558215124,13.844049743670524,0.0,3.4027556846762366,6.922242421322522,6.500602176946217,11.181593348610008,10.324645558215124,14.728797497095641,9.313650769924351,13.844590162867377,16.233890393801374,14.539487779949198,13.420045603725555,"|0,0>","|1,0>","|0,1>","|2,0>","|2,1>","|1,1>","|1,2>","|3,0>","|0,2>","|3,1>","|5,0>","|4,0>"
6.922,3.0,0.17604,7.660287200882223,0.5,-0.27,-0.3024880225283937,7.612656584399247e-05,7.612656584399247e-05,0.0,3.4710469303934843,6.639605838258575,6.921954604534989,10.393077661494317,13.844049743670524,0.0,3.4710469303934843,6.92274379356283,6.639605838258575,11.500355343748168,10.393077661494317,14.808159706791315,9.516469437218774,13.84557992482766,16.43660676852255,15.035337291966783,13.558766438974729,"|0,0>","|1,0>","|0,1>","|2,0>","|2,1>","|1,1>","|1,2>","|3,0>","|0,2>","|3,1>","|5,0>","|4,0>"
6.922,3.0,0.17604,7.660287200882223,0.5,-0.26,-0.3012239032946695,0.0002428237472145156,0.0002428237472145156,0.0,3.5362879189791556,6.771351934663642,6.921954604534989,10.458485347261359,13.844049743670524,0.0,3.5362879189791556,6.923978708924565,6.771351934663642,11.804985463670604,10.458485347261359,15.070247345641206,9.711013533910062,13.847960625587888,16.63102239480972,15.338953226400307,13.68955270440091,"|0,0>","|1,0>","|0,1>","|2,0>","|2,1>","|1,1>","|1,2>","|3,0>","|0,2>","|3,1>","|5,0>","|4,0>"
6.922,3.0,0.17604,7.660287200882223,0.5,-0.25,-0.3082195635278282,0.0004490588168408749,0.0004490588168408749,0.0,3.5985700277786776,6.888920492029527,6.921954604534989,10.520973691130507,13.844049743670524,0.0,3.5985700277786776,6.933130295715827,6.888920492029527,12.095388507025476,10.520973691130507,15.325263384921897,9.897331858060042,13.802597767472989,16.81717227332895,15.638829106082426,13.861805955335257,"|0,0>","|1,0>","|0,1>","|2,0>","|2,1>","|1,1>","|1,2>","|3,0>","|0,2>","|3,1>","|5,0>","|4,0>"
6.922,3.0,0.17604,7.660287200882223,0.5,-0.24,-0.29110976528899357,0.0007198253828732959,0.0007198253828732959,0.0,3.6579742405633766,7.02483871583776,6.921954604534989,10.580648670481239,13.844049743670524,0.0,3.6579742405633766,6.9178956131788425,7.02483871583776,12.371603311137918,10.580648670481239,15.572760332826746,10.075473953959715,13.836099726176045,16.99508152861182,15.934110055083607,13.949144932361278,"|0,0>","|1,0>","|0,1>","|2,0>","|2,1>","|1,1>","|1,2>","|3,0>","|0,2>","|3,1>","|5,0>","|4,0>"
6.922,3.0,0.17604,7.660287200882223,0.5,-0.22999999999999998,-0.29143204524119426,0.0011058303746125375,0.0011058303746125375,0.0,3.7145724710803023,7.13771289691941,6.921954604534989,10.637632905989904,13.844049743670524,0.0,3.7145724710803023,6.919860795402698,7.13771289691941,12.633774096064045,10.637632905989904,15.812329678031887,10.245471196064699,13.839861629763249,17.164733502679823,16.223920012265268,14.060369080704632,"|0,0>","|1,0>","|0,1>","|2,0>","|2,1>","|1,1>","|1,2>","|3,0>","|0,2>","|3,1>","|5,0>","|4,0>"
6.922,3.0,0.17604,7.660287200882223,0.5,-0.21999999999999997,-0.29061783486187664,0.001727352723975173,0.001727352723975173,0.0,3.7684286950246673,7.246239555187458,6.921954604534989,10.692110652283631,13.844049743670524,0.0,3.7684286950246673,6.920495451461065,7.246239555187458,12.882123321211381,10.692110652283631,16.5073797834947,10.4072894261394,13.841119247482382,17.325984844158995,16.04360057850704,14.168410432984828,"|0,0>","|1,0>","|0,1>","|2,0>","|2,1>","|1,1>","|1,2>","|3,0>","|0,2>","|3,1>","|5,0>","|4,0>"
6.922,3.0,0.17604,7.660287200882223,0.5,-0.21000000000000002,-0.2896615318759217,0.0029516871893662255,0.0029516871893662255,0.0,3.8195999192414405,7.349538306606959,6.921954604534989,10.744506210965795,13.844049743670524,0.0,3.8195999192414405,6.920824186535697,7.349538306606959,13.11692718064998,10.744506210965795,16.783624005055813,10.560648823179363,13.841775477912748,17.47824989785103,16.2662381731093,14.271511672373421,"|0,0>","|1,0>","|0,1>","|2,0>","|2,1>","|1,1>","|1,2>","|3,0>","|0,2>","|3,1>","|5,0>","|4,0>"
6.922,3.0,0.17604,7.660287200882223,0.5,-0.2,-0.2887264635064497,0.006590188866510971,0.006590188866510971,0.0,3.8681370129266384,7.447547562346827,6.921954604534989,10.796681806328138,13.844049743670524,0.0,3.8681370129266384,6.921034401368672,7.447547562346827,13.338494509108727,10.796681806328138,17.0518158487574,10.703824836934785,13.842196591895075,17.618694035851505,16.47994160965044,14.369433529291214,"|0,0>","|1,0>","|0,1>","|2,0>","|2,1>","|1,1>","|1,2>","|3,0>","|0,2>","|3,1>","|5,0>","|4,0>"
6.922,3.0,0.17604,7.660287200882223,0.5,-0.19,-0.28785298123359837,-0.018532548629394796,0.018532548629394796,0.0,3.914085421892324,7.540317862551049,6.921954604534989,10.817507477797918,13.844049743670524,0.0,3.914085421892324,6.921185769328986,7.540317862551049,13.547149381948927,10.817507477797918,17.311158811285623,10.868077520526867,13.842500837213308,17.729120779905216,16.684441876897665,14.462169208806372,"|0,0>","|1,0>","|0,1>","|2,0>","|2,1>","|1,1>","|1,2>","|3,0>","|0,2>","|3,1>","|5,0>","|4,0>"
6.922,3.0,0.17604,7.660287200882223,0.5,-0.18,-0.2870503213355704,-0.005690629994376195,0.005690629994376195,0.0,3.9574857836331034,7.6279212459306365,6.921954604534989,10.873749758173716,13.844049743670524,0.0,3.9574857836331034,6.92130314266133,7.6279212459306365,13.743216049723983,10.873749758173716,17.560905384555824,10.98676240013728,13.842739565124504,17.790543369518048,16.879499518399598,14.549767196474846,"|0,0>","|1,0>","|0,1>","|2,0>","|2,1>","|1,1>","|1,2>","|3,0>","|0,2>","|3,1>","|5,0>","|4,0>"
6.922,3.0,0.17604,7.660287200882223,0.5,-0.16999999999999998,-0.2863179512699645,-0.0032999879937563037,0.0032999879937563037,0.0,3.9983744581229956,7.710430964976027,6.921954604534989,10.917029074664228,13.844049743670524,0.0,3.9983744581229956,6.921398694038928,7.710430964976027,13.927027571722618,10.917029074664228,17.800362745683955,11.108372867802188,13.842922068055614,17.835886316759925,17.06490229499724,14.632289709137012,"|0,0>","|1,0>","|0,1>","|2,0>","|2,1>","|1,1>","|1,2>","|3,0>","|0,2>","|3,1>","|5,0>","|4,0>"
6.922,3.0,0.17604,7.660287200882223,0.5,-0.15999999999999998,-0.2856521198008579,-0.002353295216593665,0.002353295216593665,0.0,4.036783986829832,7.787915853858806,6.921954604534989,10.956385296148227,13.844049743670524,0.0,4.036783986829832,6.921479074742862,7.787915853858806,14.09886107449806,10.956385296148227,17.876143184292246,11.223974611151178,13.843087436083835,18.02889582067374,17.24046285118459,14.709800173624913,"|0,0>","|1,0>","|0,1>","|2,0>","|2,1>","|1,1>","|1,2>","|3,0>","|0,2>","|3,1>","|5,0>","|4,0>"
6.922,3.0,0.17604,7.660287200882223,0.5,-0.14999999999999997,-0.28504819184284713,-0.001842390024762608,0.001842390024762608,0.0,4.072743490373526,7.860438788904204,6.921954604534989,10.992855704883752,13.844049743670524,0.0,4.072743490373526,6.921548216991965,7.860438788904204,14.259015788974324,10.992855704883752,17.913113098802,11.332627751340084,13.843227447268703,18.245928179872465,17.406016428614393,14.782359087807905,"|0,0>","|1,0>","|0,1>","|2,0>","|2,1>","|1,1>","|1,2>","|3,0>","|0,2>","|3,1>","|5,0>","|4,0>"
6.922,3.0,0.17604,7.660287200882223,0.5,-0.14,-0.2845015404796669,-0.001519316900640888,0.001519316900640888,0.0,4.106279013638101,7.928056486796535,6.921954604534989,11.026714301272449,13.844049743670524,0.0,4.106279013638101,6.9216085874999465,7.928056486796535,14.407749798745783,11.026714301272449,17.947291235198023,11.434147740649436,13.843349496090553,18.356069537365272,17.561418657762502,14.850022838810347,"|0,0>","|1,0>","|0,1>","|2,0>","|2,1>","|1,1>","|1,2>","|3,0>","|0,2>","|3,1>","|5,0>","|4,0>"
6.922,3.0,0.17604,7.660287200882223,0.5,-0.13,-0.2840078847846286,-0.001294683002456054,0.001294683002456054,0.0,4.137413825580978,7.990819766377328,6.921954604534989,11.05807374711351,13.844049743670524,0.0,4.137413825580978,6.9216618064436375,7.990819766377328,14.545299206293649,11.05807374711351,17.97887433798138,11.528503682756295,13.843457072213752,18.450176522243382,17.706543440216052,14.912843810592392,"|0,0>","|1,0>","|0,1>","|2,0>","|2,1>","|1,1>","|1,2>","|3,0>","|0,2>","|3,1>","|5,0>","|4,0>"
6.922,3.0,0.17604,7.660287200882223,0.5,-0.12,-0.28356339994095947,-0.0011285643684146862,0.0011285643684146862,0.0,4.1661686799533015,8.048773959965644,6.921954604534989,11.086994720119876,13.844049743670524,0.0,4.1661686799533015,6.921708977422043,8.048773959965644,14.67187510698544,11.086994720119876,18.00796171302531,11.615709278667396,13.843552445184145,18.537183087856718,17.8412808703158,14.970871353040963,"|0,0>","|1,0>","|0,1>","|2,0>","|2,1>","|1,1>","|1,2>","|3,0>","|0,2>","|3,1>","|5,0>","|4,0>"
6.922,3.0,0.17604,7.660287200882223,0.5,-0.10999999999999999,-0.2831647313720822,-0.0010005003865245499,0.0010005003865245499,0.0,4.1925620420140035,8.101959352655925,6.921954604534989,11.113516146162468,13.844049743670524,0.0,4.1925620420140035,6.921750874421761,8.101959352655925,14.787662135146661,11.113516146162468,18.034613572416873,11.695792913140892,13.843637183647388,18.617097859350693,17.965534418731778,15.02415391105815,"|0,0>","|1,0>","|0,1>","|2,0>","|2,1>","|1,1>","|1,2>","|3,0>","|0,2>","|3,1>","|5,0>","|4,0>"
6.922,3.0,0.17604,7.660287200882223,0.5,-0.09999999999999998,-0.2828089695543383,-0.000898949877679911,0.000898949877679911,0.0,4.216610285602485,8.150411601650632,6.921954604534989,11.137665940259794,13.844049743670524,0.0,4.216610285602485,6.921788053184471,8.150411601650632,14.892814962509263,11.137665940259794,18.058847561249635,11.768787236509809,13.843712406375431,18.68994263062534,18.079243335039365,15.072743798293303,"|0,0>","|1,0>","|0,1>","|2,0>","|2,1>","|1,1>","|1,2>","|3,0>","|0,2>","|3,1>","|5,0>","|4,0>"
6.922,3.0,0.17604,7.660287200882223,0.5,-0.08999999999999997,-0.28249361082741586,-0.0008169287448538398,0.0008169287448538398,0.0,4.238327864176995,8.194162117526574,6.921954604534989,11.15946553996713,13.844049743670524,0.0,4.238327864176995,6.9218209203402665,8.194162117526574,14.987447076296178,11.15946553996713,18.080740287105797,11.834724947648795,13.843778928712155,18.75574405417065,18.1822882841155,15.11670994853516,"|0,0>","|1,0>","|0,1>","|2,0>","|2,1>","|1,1>","|1,2>","|3,0>","|0,2>","|3,1>","|5,0>","|4,0>"
6.922,3.0,0.17604,7.660287200882223,0.5,-0.08000000000000002,-0.2822165155386642,-0.0007499801932908667,0.0007499801932908667,0.0,4.257727458857289,8.233238402175914,6.921954604534989,11.178932083198987,13.844049743670524,0.0,4.257727458857289,6.921849777834353,8.233238402175914,15.071588489981863,11.178932083198987,18.100275208859657,11.89363691831501,13.843837354386721,18.81452987262142,18.274646222600595,15.156181816020407,"|0,0>","|1,0>","|0,1>","|2,0>","|2,1>","|1,1>","|1,2>","|3,0>","|0,2>","|3,1>","|5,0>","|4,0>"
6.922,3.0,0.17604,7.660287200882223,0.5,-0.07,-0.28197586858827606,-0.0006951426996266719,0.0006951426996266719,0.0,4.274820106044601,8.267664343500925,6.921954604534989,11.196079567879963,13.844049743670524,0.0,4.274820106044601,6.92187485233552,8.267664343500925,15.14496492955945,11.196079567879963,18.117478247550594,11.945551315789572,13.843888135582475,18.866327087572543,18.35625574786448,15.191571772755495,"|0,0>","|1,0>","|0,1>","|2,0>","|2,1>","|1,1>","|1,2>","|3,0>","|0,2>","|3,1>","|5,0>","|4,0>"
6.922,3.0,0.17604,7.660287200882223,0.5,-0.06,-0.28177014434930925,-0.0006503876865764369,0.0006503876865764369,0.0,4.289615306726219,8.297460469103129,6.921954604534989,11.210919523574631,13.844049743670524,0.0,4.289615306726219,6.921896315158463,8.297460469103129,15.204926721468524,11.210919523574631,18.13236344649785,11.990493189641697,13.843931613375176,18.911161010288012,18.427071638170162,15.225647707708333,"|0,0>","|1,0>","|0,1>","|2,0>","|2,1>","|1,1>","|1,2>","|3,0>","|0,2>","|3,1>","|5,0>","|4,0>"
6.922,3.0,0.17604,7.660287200882223,0.5,-0.04999999999999999,-0.281598076609356,-0.0006142958916370844,0.0006142958916370844,0.0,4.30212111928256,8.322644161955765,6.921954604534989,11.223461427925912,13.844049743670524,0.0,4.30212111928256,6.921914296032966,8.322644161955765,15.240838186859136,11.223461427925912,18.14494181081062,12.028484286967796,13.843968045599297,18.94905471389002,18.48705592517389,15.269144980820357,"|0,0>","|1,0>","|0,1>","|2,0>","|2,1>","|1,1>","|1,2>","|3,0>","|0,2>","|3,1>","|5,0>","|4,0>"
6.922,3.0,0.17604,7.660287200882223,0.5,-0.03999999999999998,-0.28145863345129385,-0.0005858628950505818,0.0005858628950505818,0.0,4.312344237223428,8.343229840995562,6.921954604534989,11.233712978863366,13.844049743670524,0.0,4.312344237223428,6.921928892748312,8.343229840995562,15.263172660526052,11.233712978863366,18.15522207853003,12.059542983184784,13.84399762628749,18.980028647086996,18.53617697762563,15.311672588680452,"|0,0>","|1,0>","|0,1>","|2,0>","|2,1>","|1,1>","|1,2>","|3,0>","|0,2>","|3,1>","|5,0>","|4,0>"
6.922,3.0,0.17604,7.660287200882223,0.5,-0.02999999999999997,-0.28135099684504894,-0.0005643784465974022,0.0005643784465974022,0.0,4.320290053117887,8.359229109390725,6.921954604534989,11.241680279206278,13.844049743670524,0.0,4.320290053117887,6.9219401779647285,8.359229109390725,15.279719221694194,11.241680279206278,18.16321107699264,12.083684270532117,13.844020499405744,19.004100287303572,18.574409056989523,15.345507441599608,"|0,0>","|1,0>","|0,1>","|2,0>","|2,1>","|1,1>","|1,2>","|3,0>","|0,2>","|3,1>","|5,0>","|4,0>"
6.922,3.0,0.17604,7.660287200882223,0.5,-0.020000000000000018,-0.28127454652346273,-0.000549350106027191,0.000549350106027191,0.0,4.325962709623099,8.370650872722734,6.921954604534989,11.24736796405206,13.844049743670524,0.0,4.325962709623099,6.921948203984741,8.370650872722734,15.291380728116437,11.24736796405206,18.16891394008192,12.1009197729703,13.844036768462544,19.021283782915262,18.601732112296077,15.369797154427886,"|0,0>","|1,0>","|0,1>","|2,0>","|2,1>","|1,1>","|1,2>","|3,0>","|0,2>","|3,1>","|5,0>","|4,0>"
6.922,3.0,0.17604,7.660287200882223,0.5,-0.010000000000000009,-0.2812288478603051,-0.0005404548777647733,0.0005404548777647733,0.0,4.32936513844534,8.377501429030374,6.921954604534989,11.250779288102564,13.844049743670524,0.0,4.32936513844534,6.921953006060448,8.377501429030374,15.298341264254631,11.250779288102564,18.172334248443136,12.111257769919746,13.844046503152455,19.03158958806715,18.618131742801495,15.384393238785663,"|0,0>","|1,0>","|0,1>","|2,0>","|2,1>","|1,1>","|1,2>","|3,0>","|0,2>","|3,1>","|5,0>","|4,0>"
6.922,3.0,0.17604,7.660287200882223,0.5,0.0,-0.2812136433959864,-0.0005375095887814041,0.0005375095887814041,0.0,4.330499087745224,8.379784532094462,6.921954604534989,11.251916182691431,13.844049743670524,0.0,4.330499087745224,6.921954604534989,8.379784532094462,15.300656845853553,11.251916182691431,18.173474117889626,12.114703218693649,13.844049743670524,19.035024132588134,18.62359925583702,15.38926085459731,"|0,0>","|1,0>","|0,1>","|2,0>","|2,1>","|1,1>","|1,2>","|3,0>","|0,2>","|3,1>","|5,0>","|4,0>"
6.922,3.0,0.17604,7.660287200882223,0.5,0.010000000000000009,-0.28122884785955193,-0.000540454877111074,0.000540454877111074,0.0,4.32936513844362,8.377501429027689,6.921954604534989,11.250779288101498,13.844049743670524,0.0,4.32936513844362,6.921953006059269,8.377501429027689,15.29834126425331,11.250779288101498,18.172334248441587,12.111257769918481,13.844046503151347,19.031589588066822,18.61813174280087,15.38439323878498,"|0,0>","|1,0>","|0,1>","|2,0>","|2,1>","|1,1>","|1,2>","|3,0>","|0,2>","|3,1>","|5,0>","|4,0>"
6.922,3.0,0.17604,7.660287200882223,0.5,0.020000000000000018,-0.28127454652374695,-0.0005493501084004038,0.0005493501084004038,0.0,4.325962709623553,8.37065087272336,6.921954604534989,11.247367964050142,13.844049743670524,0.0,4.325962709623553,6.921948203984641,8.37065087272336,15.291380728116522,11.247367964050142,18.16891394008104,12.100919772970016,13.844036768462374,19.021283782915333,18.601732112295736,15.369797154427474,"|0,0>","|1,0>","|0,1>","|2,0>","|2,1>","|1,1>","|1,2>","|3,0>","|0,2>","|3,1>","|5,0>","|4,0>"
6.922,3.0,0.17604,7.660287200882223,0.5,0.030000000000000027,-0.2813509968423631,-0.0005643784459579138,0.0005643784459579138,0.0,4.320290053116864,8.359229109391364,6.921954604534989,11.241680279205895,13.844049743670524,0.0,4.320290053116864,6.921940177964942,8.359229109391364,15.279719221694037,11.241680279205895,18.163211076993846,12.083684270531705,13.844020499405772,19.004100287304965,18.574409056989424,15.345507441600716,"|0,0>","|1,0>","|0,1>","|2,0>","|2,1>","|1,1>","|1,2>","|3,0>","|0,2>","|3,1>","|5,0>","|4,0>"
6.922,3.0,0.17604,7.660287200882223,0.5,0.040000000000000036,-0.28145863345118016,-0.0005858628952637446,0.0005858628952637446,0.0,4.312344237224195,8.34322984099721,6.921954604534989,11.23371297886392,13.844049743670524,0.0,4.312344237224195,6.921928892750117,8.34322984099721,15.26317266052888,11.23371297886392,18.155222078531068,12.059542983186304,13.843997626288399,18.980028647089,18.53617697762745,15.311672588683606,"|0,0>","|1,0>","|0,1>","|2,0>","|2,1>","|1,1>","|1,2>","|3,0>","|0,2>","|3,1>","|5,0>","|4,0>"
6.922,3.0,0.17604,7.660287200882223,0.5,0.050000000000000044,-0.2815980766083044,-0.0006142958913670782,0.0006142958913670782,0.0,4.302121119282248,8.322644161956191,6.921954604534989,11.22346142792587,13.844049743670524,0.0,4.302121119282248,6.92191429603335,8.322644161956191,15.240838186860415,11.22346142792587,18.144941810813066,12.028484286968109,13.843968045599723,18.949054713891385,18.487055925174857,15.269144980821181,"|0,0>","|1,0>","|0,1>","|2,0>","|2,1>","|1,1>","|1,2>","|3,0>","|0,2>","|3,1>","|5,0>","|4,0>"
6.922,3.0,0.17604,7.660287200882223,0.5,0.06000000000000005,-0.2817701443468792,-0.0006503876867895997,0.0006503876867895997,0.0,4.289615306725395,8.29746046910391,6.921954604534989,11.210919523573594,13.844049743670524,0.0,4.289615306725395,6.921896315157895,8.29746046910391,15.204926721468794,11.210919523573594,18.132363446497877,11.990493189641143,13.843931613375744,18.91116101028966,18.427071638171114,15.225647707709442,"|0,0>","|1,0>","|0,1>","|2,0>","|2,1>","|1,1>","|1,2>","|3,0>","|0,2>","|3,1>","|5,0>","|4,0>"
6.922,3.0,0.17604,7.660287200882223,0.5,0.07000000000000006,-0.28197586858698287,-0.0006951426992003462,0.0006951426992003462,0.0,4.274820106043833,8.267664343500684,6.921954604534989,11.196079567879622,13.844049743670524,0.0,4.274820106043833,6.921874852334511,8.267664343500684,15.144964929559322,11.196079567879622,18.117478247550864,11.945551315788833,13.843888135581068,18.866327087572458,18.35625574786448,15.191571772754358,"|0,0>","|1,0>","|0,1>","|2,0>","|2,1>","|1,1>","|1,2>","|3,0>","|0,2>","|3,1>","|5,0>","|4,0>"
6.922,3.0,0.17604,7.660287200882223,0.5,0.07999999999999996,-0.2822165155383942,-0.0007499801924950589,0.0007499801924950589,0.0,4.257727458856877,8.23323840217536,6.921954604534989,11.17893208319937,13.844049743670524,0.0,4.257727458856877,6.921849777833742,8.23323840217536,15.071588489982943,11.17893208319937,18.10027520886007,11.893636918314627,13.843837354386494,18.81452987262152,18.274646222601064,15.156181816020748,"|0,0>","|1,0>","|0,1>","|2,0>","|2,1>","|1,1>","|1,2>","|3,0>","|0,2>","|3,1>","|5,0>","|4,0>"
6.922,3.0,0.17604,7.660287200882223,0.5,0.08999999999999997,-0.28249361082713165,-0.0008169287446122553,0.0008169287446122553,0.0,4.238327864175986,8.19416211752484,6.921954604534989,11.159465539966362,13.844049743670524,0.0,4.238327864175986,6.921820920338547,8.19416211752484,14.987447076294373,11.159465539966362,18.080740287103993,11.834724947647203,13.843778928710108,18.755744054170407,18.182288284114165,15.116709948533455,"|0,0>","|1,0>","|0,1>","|2,0>","|2,1>","|1,1>","|1,2>","|3,0>","|0,2>","|3,1>","|5,0>","|4,0>"
6.922,3.0,0.17604,7.660287200882223,0.5,0.09999999999999998,-0.2828089695537841,-0.0008989498767846271,0.0008989498767846271,0.0,4.216610285602627,8.15041160165147,6.921954604534989,11.137665940260831,13.844049743670524,0.0,4.216610285602627,6.921788053184557,8.15041160165147,14.892814962509831,11.137665940260831,18.058847561250175,11.768787236510732,13.843712406376653,18.68994263062568,18.07924333504087,15.072743798293956,"|0,0>","|1,0>","|0,1>","|2,0>","|2,1>","|1,1>","|1,2>","|3,0>","|0,2>","|3,1>","|5,0>","|4,0>"
6.922,3.0,0.17604,7.660287200882223,0.5,0.10999999999999999,-0.28316473136952425,-0.0010005003862971762,0.0010005003862971762,0.0,4.192562042012952,8.10195935265638,6.921954604534989,11.113516146161643,13.844049743670524,0.0,4.192562042012952,6.921750874420113,8.10195935265638,14.787662135145354,11.113516146161643,18.034613572415708,11.695792913139456,13.843637183646265,18.617097859349286,17.965534418731934,15.024153911056956,"|0,0>","|1,0>","|0,1>","|2,0>","|2,1>","|1,1>","|1,2>","|3,0>","|0,2>","|3,1>","|5,0>","|4,0>"
6.922,3.0,0.17604,7.660287200882223,0.5,0.12,-0.2835633999418974,-0.001128564369608398,0.001128564369608398,0.0,4.166168679953728,8.048773959965558,6.921954604534989,11.086994720119108,13.844049743670524,0.0,4.166168679953728,6.921708977421204,8.048773959965558,14.671875106985198,11.086994720119108,18.007961713025082,11.615709278666898,13.843552445184073,18.53718308785716,17.841280870315984,14.970871353041105,"|0,0>","|1,0>","|0,1>","|2,0>","|2,1>","|1,1>","|1,2>","|3,0>","|0,2>","|3,1>","|5,0>","|4,0>"
6.922,3.0,0.17604,7.660287200882223,0.5,0.13,-0.284007884784117,-0.0012946830023992106,0.0012946830023992106,0.0,4.137413825580865,7.990819766377612,6.921954604534989,11.058073747113454,13.844049743670524,0.0,4.137413825580865,6.9216618064422875,7.990819766377612,14.545299206292825,11.058073747113454,17.978874337981267,11.528503682755115,13.843457072212658,18.45017652224284,17.70654344021638,14.912843810591,"|0,0>","|1,0>","|0,1>","|2,0>","|2,1>","|1,1>","|1,2>","|3,0>","|0,2>","|3,1>","|5,0>","|4,0>"
6.922,3.0,0.17604,7.660287200882223,0.5,0.14,-0.28450154047816056,-0.0015193168998450801,0.0015193168998450801,0.0,4.106279013635799,7.928056486793437,6.921954604534989,11.026714301270943,13.844049743670524,0.0,4.106279013635799,6.9216085874981985,7.928056486793437,14.407749798743254,11.026714301270943,17.947291235196772,11.434147740647433,13.843349496086432,18.356069537361805,17.56141865776145,14.850022838808059,"|0,0>","|1,0>","|0,1>","|2,0>","|2,1>","|1,1>","|1,2>","|3,0>","|0,2>","|3,1>","|5,0>","|4,0>"
6.922,3.0,0.17604,7.660287200882223,0.5,0.15000000000000002,-0.2850481918409855,-0.001842390023981011,0.001842390023981011,0.0,4.0727434903716215,7.860438788902258,6.921954604534989,10.99285570488263,13.844049743670524,0.0,4.0727434903716215,6.921548216989436,7.860438788902258,14.259015788971752,10.99285570488263,17.913113098801134,11.332627751338293,13.843227447267168,18.24592817987238,17.406016428613356,14.782359087803073,"|0,0>","|1,0>","|0,1>","|2,0>","|2,1>","|1,1>","|1,2>","|3,0>","|0,2>","|3,1>","|5,0>","|4,0>"
6.922,3.0,0.17604,7.660287200882223,0.5,0.16000000000000003,-0.28565211980053107,-0.0023532952164373455,0.0023532952164373455,0.0,4.036783986828652,7.787915853856774,6.921954604534989,10.956385296147204,13.844049743670524,0.0,4.036783986828652,6.921479074741413,7.787915853856774,14.09886107449573,10.956385296147204,17.876143184290953,11.22397461114987,13.843087436082513,18.02889582067229,17.240462851183608,14.70980017362298,"|0,0>","|1,0>","|0,1>","|2,0>","|2,1>","|1,1>","|1,2>","|3,0>","|0,2>","|3,1>","|5,0>","|4,0>"
6.922,3.0,0.17604,7.660287200882223,0.5,0.17000000000000004,-0.2863179512692824,-0.0032999879917952057,0.0032999879917952057,0.0,3.9983744581236067,7.710430964977931,6.921954604534989,10.9170290746668,13.844049743670524,0.0,3.9983744581236067,6.921398694042253,7.710430964977931,13.92702757172404,10.9170290746668,17.80036274568849,11.108372867804917,13.842922068058655,17.835886316765183,17.064902295001247,14.632289709138377,"|0,0>","|1,0>","|0,1>","|2,0>","|2,1>","|1,1>","|1,2>","|3,0>","|0,2>","|3,1>","|5,0>","|4,0>"
6.922,3.0,0.17604,7.660287200882223,0.5,0.18000000000000005,-0.28705032133578356,-0.0056906299930687965,0.0056906299930687965,0.0,3.957485783633601,7.627921245931418,6.921954604534989,10.87374975817552,13.844049743670524,0.0,3.957485783633601,6.921303142661927,7.627921245931418,13.743216049724126,10.87374975817552,17.56090538455716,10.986762400138659,13.842739565125768,17.790543369517252,16.87949951840166,14.549767196474576,"|0,0>","|1,0>","|0,1>","|2,0>","|2,1>","|1,1>","|1,2>","|3,0>","|0,2>","|3,1>","|5,0>","|4,0>"
6.922,3.0,0.17604,7.660287200882223,0.5,0.19000000000000006,-0.28785298122809877,-0.01853254862643894,0.01853254862643894,0.0,3.914085421889993,7.540317862551888,6.921954604534989,10.817507477798543,13.844049743670524,0.0,3.914085421889993,6.921185769328488,7.540317862551888,13.547149381945971,10.817507477798543,17.311158811284656,10.868077520524054,13.842500837211034,17.729120779903198,16.68444187689697,14.46216920880481,"|0,0>","|1,0>","|0,1>","|2,0>","|2,1>","|1,1>","|1,2>","|3,0>","|0,2>","|3,1>","|5,0>","|4,0>"
6.922,3.0,0.17604,7.660287200882223,0.5,0.20000000000000007,-0.2887264635061797,0.006590188866198332,0.006590188866198332,0.0,3.8681370129267094,7.447547562347239,6.921954604534989,10.796681806327896,13.844049743670524,0.0,3.8681370129267094,6.9210344013698375,7.447547562347239,13.338494509108784,10.796681806327896,17.051815848756704,10.703824836934942,13.842196591894322,17.618694035849828,16.47994160964987,14.369433529291271,"|0,0>","|1,0>","|0,1>","|2,0>","|2,1>","|1,1>","|1,2>","|3,0>","|0,2>","|3,1>","|5,0>","|4,0>"
6.922,3.0,0.17604,7.660287200882223,0.5,0.20999999999999996,-0.28966153187482746,0.0029516871887977914,0.0029516871887977914,0.0,3.8195999192410994,7.349538306607371,6.921954604534989,10.744506210964886,13.844049743670524,0.0,3.8195999192410994,6.920824186536848,7.349538306607371,13.116927180649242,10.744506210964886,16.783624005053966,10.560648823179065,13.841775477913416,17.478249897849963,16.266238173107922,14.27151167237291,"|0,0>","|1,0>","|0,1>","|2,0>","|2,1>","|1,1>","|1,2>","|3,0>","|0,2>","|3,1>","|5,0>","|4,0>"
6.922,3.0,0.17604,7.660287200882223,0.5,0.21999999999999997,-0.290617834863113,0.0017273527228525154,0.0017273527228525154,0.0,3.7684286950257047,7.246239555188296,6.921954604534989,10.692110652283546,13.844049743670524,0.0,3.7684286950257047,6.920495451463353,7.246239555188296,12.88212332121256,10.692110652283546,16.50737978349582,10.407289426139528,13.841119247483931,17.32598484416124,16.043600578507835,14.168410432986676,"|0,0>","|1,0>","|0,1>","|2,0>","|2,1>","|1,1>","|1,2>","|3,0>","|0,2>","|3,1>","|5,0>","|4,0>"
6.922,3.0,0.17604,7.660287200882223,0.5,0.22999999999999998,-0.29143204524277166,0.0011058303741577902,0.0011058303741577902,0.0,3.7145724710811976,7.1377128969196235,6.921954604534989,10.637632905990344,13.844049743670524,0.0,3.7145724710811976,6.919860795404077,7.1377128969196235,12.633774096063533,10.637632905990344,15.812329678030622,10.245471196065282,13.839861629763348,17.164733502679,16.223920012264173,14.06036908070459,"|0,0>","|1,0>","|0,1>","|2,0>","|2,1>","|1,1>","|1,2>","|3,0>","|0,2>","|3,1>","|5,0>","|4,0>"
6.922,3.0,0.17604,7.660287200882223,0.5,0.24,-0.2911097652914094,0.0007198253824043377,0.0007198253824043377,0.0,3.6579742405636892,7.024838715835969,6.921954604534989,10.580648670481082,13.844049743670524,0.0,3.6579742405636892,6.917895613178132,7.024838715835969,12.371603311136255,10.580648670481082,15.572760332824771,10.07547395396,13.836099726175817,16.995081528610015,15.934110055081362,13.949144932360838,"|0,0>","|1,0>","|0,1>","|2,0>","|2,1>","|1,1>","|1,2>","|3,0>","|0,2>","|3,1>","|5,0>","|4,0>"
6.922,3.0,0.17604,7.660287200882223,0.5,0.25,-0.30821956353221935,0.000449058813799752,0.000449058813799752,0.0,3.5985700277792034,6.8889204920261875,6.921954604534989,10.520973691127992,13.844049743670524,0.0,3.5985700277792034,6.933130295716879,6.8889204920261875,12.095388507025291,10.520973691127992,15.325263384920973,9.897331858057967,13.802597767469578,16.81717227332571,15.638829106080479,13.861805955335598,"|0,0>","|1,0>","|0,1>","|2,0>","|2,1>","|1,1>","|1,2>","|3,0>","|0,2>","|3,1>","|5,0>","|4,0>"
6.922,3.0,0.17604,7.660287200882223,0.5,0.26,-0.30122390329691484,0.00024282374769768467,0.00024282374769768467,0.0,3.5362879189798235,6.771351934662732,6.921954604534989,10.45848534726251,13.844049743670524,0.0,3.5362879189798235,6.923978708925787,6.771351934662732,11.804985463670235,10.45848534726251,15.070247345641889,9.7110135339109,13.847960625589124,16.6310223948103,15.338953226398957,13.689552704399546,"|0,0>","|1,0>","|0,1>","|2,0>","|2,1>","|1,1>","|1,2>","|3,0>","|0,2>","|3,1>","|5,0>","|4,0>"
6.922,3.0,0.17604,7.660287200882223,0.5,0.27,-0.3024880225305395,7.612656597189016e-05,7.612656597189016e-05,0.0,3.471046930393669,6.639605838256799,6.921954604534989,10.39307766149463,13.844049743670524,0.0,3.471046930393669,6.922743793561878,6.639605838256799,11.500355343748694,10.39307766149463,14.808159706790974,9.516469437219499,13.84557992482749,16.436606768523646,15.035337291965575,13.558766438973393,"|0,0>","|1,0>","|0,1>","|2,0>","|2,1>","|1,1>","|1,2>","|3,0>","|0,2>","|3,1>","|5,0>","|4,0>"
6.922,3.0,0.17604,7.660287200882223,0.5,0.28,-0.3049091924073366,-6.47309978631938e-05,6.47309978631938e-05,0.0,3.402755684676194,6.500602176945051,6.921954604534989,10.32464555821332,13.844049743670524,0.0,3.402755684676194,6.9222424213213,6.500602176945051,11.181593348609923,10.32464555821332,14.728797497095087,9.313650769924976,13.844590162866979,16.233890393800934,14.539487779948772,13.420045603724517,"|0,0>","|1,0>","|0,1>","|2,0>","|2,1>","|1,1>","|1,2>","|3,0>","|0,2>","|3,1>","|5,0>","|4,0>"
6.922,3.0,0.17604,7.660287200882223,0.5,0.29000000000000004,-0.3080685387131865,-0.00018784813802597,0.00018784813802597,0.0,3.3313108629308346,6.354553187148483,6.921954604534989,10.253077619327797,13.844049743670524,0.0,3.3313108629308346,6.9219513011508695,6.354553187148483,10.848957623073957,10.253077619327797,14.42009640732536,9.102520866203363,13.8440107043199,16.022845057923277,14.264758976412693,13.274054222433662,"|0,0>","|1,0>","|0,1>","|2,0>","|2,1>","|1,1>","|1,2>","|3,0>","|0,2>","|3,1>","|5,0>","|4,0>"
6.922,3.0,0.17604,7.660287200882223,0.5,0.30000000000000004,-0.31198003319860845,-0.0002982859667071125,0.0002982859667071125,0.0,3.25659539607463,6.201210758950651,6.921954604534989,10.178251714642911,13.844049743670524,0.0,3.25659539607463,6.92174803364928,6.201210758950651,10.502897335626002,10.178251714642911,14.10993313148839,8.883064851676025,13.843603025101018,15.803461409786891,13.984540459337836,13.120651513435448,"|0,0>","|1,0>","|0,1>","|2,0>","|2,1>","|1,1>","|1,2>","|3,0>","|0,2>","|3,1>","|5,0>","|4,0>"
6.922,3.0,0.17604,7.660287200882223,0.5,0.31000000000000005,-0.31677902379780676,-0.00039933444799089557,0.00039933444799089557,0.0,3.178476357755727,6.0401736917136475,6.921954604534989,10.100031627842725,13.844049743670524,0.0,3.178476357755727,6.921589040513268,6.0401736917136475,10.144079422078562,10.100031627842725,13.798907351862184,8.655299649338318,13.84331115662954,15.575760174579884,13.699438134476466,12.959466790132865,"|0,0>","|1,0>","|0,1>","|2,0>","|2,1>","|1,1>","|1,2>","|3,0>","|0,2>","|3,1>","|5,0>","|4,0>"
6.922,3.0,0.17604,7.660287200882223,0.5,0.32000000000000006,-0.3226814738257673,-0.0004931862697503675,0.0004931862697503675,0.0,3.096802523741019,5.87092357365627,6.921954604534989,10.018263942006257,13.844049743670524,0.0,3.096802523741019,6.9214547813844405,5.87092357365627,9.773414337298846,10.018263942006257,13.487656439098473,8.419285276266052,13.84302266106259,15.339804099683803,13.410095001536689,12.789983062687398,"|0,0>","|1,0>","|0,1>","|2,0>","|2,1>","|1,1>","|1,2>","|3,0>","|0,2>","|3,1>","|5,0>","|4,0>"
6.922,3.0,0.17604,7.660287200882223,0.5,0.33000000000000007,-0.3299873543545573,-0.0005813151413036621,0.0005813151413036621,0.0,3.011401573822667,5.692815793290777,6.921954604534989,9.932774863216352,13.844049743670524,0.0,3.011401573822667,6.921334920341451,5.692815793290777,9.3920820925091,9.932774863216352,13.11718896970261,8.175137978533229,13.842781110932137,15.09571145822325,13.176625700290884,12.611537471247146,"|0,0>","|1,0>","|0,1>","|2,0>","|2,1>","|1,1>","|1,2>","|3,0>","|0,2>","|3,1>","|5,0>","|4,0>"
6.922,3.0,0.17604,7.660287200882223,0.5,0.33999999999999997,-0.33909828371064066,-0.0006646960166563076,0.0006646960166563076,0.0,2.9220769394752324,5.505055595239824,6.921954604534989,9.843366847993565,13.844049743670524,0.0,2.9220769394752324,6.9212229818381985,5.505055595239824,9.001560509393997,9.843366847993565,12.821430353648822,7.923045597652845,13.842556183878358,14.843671634060414,12.866309614425035,12.423293232364188,"|0,0>","|1,0>","|0,1>","|2,0>","|2,1>","|1,1>","|1,2>","|3,0>","|0,2>","|3,1>","|5,0>","|4,0>"
6.922,3.0,0.17604,7.660287200882223,0.5,0.35,-0.3505424029079762,-0.0007439351216476098,0.0007439351216476098,0.0,2.8286043574309474,5.306666311953919,6.921954604534989,9.749815026844288,13.844049743670524,0.0,2.8286043574309474,6.921113706809564,5.306666311953919,8.603657525040532,9.749815026844288,12.523559417284702,7.663285504500919,13.842336805315412,14.583963189388555,12.557190222820935,12.224190403954765,"|0,0>","|1,0>","|0,1>","|2,0>","|2,1>","|1,1>","|1,2>","|3,0>","|0,2>","|3,1>","|5,0>","|4,0>"
6.922,3.0,0.17604,7.660287200882223,0.5,0.36,-0.36500198161820663,-0.0008193452416946911,0.0008193452416946911,0.0,2.7307283001297833,5.09645461864136,6.921954604534989,9.651863559423077,13.844049743670524,0.0,2.7307283001297833,6.921000524124096,5.09645461864136,8.200548059681509,9.651863559423077,12.2243445310839,7.396245435786625,13.84210970915251,14.316974783932253,12.249819491742471,12.012866466239359,"|0,0>","|1,0>","|0,1>","|2,0>","|2,1>","|1,1>","|1,2>","|3,0>","|0,2>","|3,1>","|5,0>","|4,0>"
6.922,3.0,0.17604,7.660287200882223,0.5,0.37,-0.38333596062886954,-0.0008909856661745152,0.0008909856661745152,0.0,2.628158661908131,4.872981363187392,6.921954604534989,9.549222280776945,13.844049743670524,0.0,2.628158661908131,6.920869209794475,4.872981363187392,7.79481408632688,9.549222280776945,11.924581773607486,7.122447625096584,13.841846346019722,14.043229355753851,11.944954713911244,11.787514924813422,"|0,0>","|1,0>","|0,1>","|2,0>","|2,1>","|1,1>","|1,2>","|3,0>","|0,2>","|3,1>","|5,0>","|4,0>"
6.922,3.0,0.17604,7.660287200882223,0.5,0.38,-0.40658198689339997,-0.0009586784029664841,0.0009586784029664841,0.0,2.5205684622387565,4.634554937584113,6.921954604534989,9.441564388370779,13.844049743670524,0.0,2.5205684622387565,6.920661774718198,4.634554937584113,7.389500770414429,9.441564388370779,11.62509717752178,6.842576764475552,13.841430349602163,13.763412108746195,11.643825652662485,11.545635633074937,"|0,0>","|1,0>","|0,1>","|2,0>","|2,1>","|1,1>","|1,2>","|3,0>","|0,2>","|3,1>","|5,0>","|4,0>"
6.922,3.0,0.17604,7.660287200882223,0.5,0.39,-0.4359108971111141,-0.0010220090254904335,0.0010220090254904335,0.0,2.4075940247815026,4.379277152451891,6.921954604534989,9.328526620291,13.844049743670524,0.0,2.4075940247815026,6.919004284695063,4.379277152451891,6.989370030018009,9.328526620291,11.326753378991498,6.557512627594548,13.838163551521163,13.478403141715859,11.34801487744727,11.284226153259269,"|0,0>","|1,0>","|0,1>","|2,0>","|2,1>","|1,1>","|1,2>","|3,0>","|0,2>","|3,1>","|5,0>","|4,0>"
6.922,3.0,0.17604,7.660287200882223,0.5,0.4,-0.47249512366219903,-0.00108032092457222,0.00108032092457222,0.0,2.288840363562443,4.105185603462687,6.921954604534989,9.20971464717286,13.844049743670524,0.0,2.288840363562443,6.921162083212224,4.105185603462687,6.592851428517847,9.20971464717286,11.030463358995604,6.268368769973179,13.512735827232063,13.189316135182978,11.055509321158155,11.003901910021952,"|0,0>","|1,0>","|0,1>","|2,0>","|2,1>","|1,1>","|1,2>","|3,0>","|0,2>","|3,1>","|5,0>","|4,0>"
6.922,3.0,0.17604,7.660287200882223,0.5,0.41000000000000003,-0.5172537669054265,-0.0011327158510852087,0.0011327158510852087,0.0,2.1638968520586843,3.810539937211942,6.921954604534989,9.084718740742588,13.844049743670524,0.0,2.1638968520586843,6.920879528209724,3.810539937211942,6.209998102961038,9.084718740742588,10.737215662176965,5.976539911138801,12.897545699823326,13.130274407007647,10.75857414295831,10.71134511298338,"|0,0>","|1,0>","|0,1>","|2,0>","|2,1>","|1,1>","|1,2>","|3,0>","|0,2>","|3,1>","|5,0>","|4,0>"
6.922,3.0,0.17604,7.660287200882223,0.5,0.42000000000000004,-0.5704721627699882,-0.0011780821989049173,0.0011780821989049173,0.0,2.0323726644932663,3.4942731662165443,6.921954604534989,8.95314918682935,13.844049743670524,0.0,2.0323726644932663,6.920746535397669,3.4942731662165443,5.841806535467171,8.95314918682935,10.404799304074388,5.6837631660500705,12.6048285534754,12.762332666120173,10.448118827028637,10.45876023820037,"|0,0>","|1,0>","|0,1>","|2,0>","|2,1>","|1,1>","|1,2>","|3,0>","|0,2>","|3,1>","|5,0>","|4,0>"
6.922,3.0,0.17604,7.660287200882223,0.5,0.43000000000000005,-0.6313733593353703,-0.0012151854114677008,0.0012151854114677008,0.0,1.8939701018651078,3.1565668443948454,6.921954604534989,8.814709520988629,13.844049743670524,0.0,1.8939701018651078,6.920648080151253,3.1565668443948454,5.491428793620386,8.814709520988629,10.073225130171878,5.392204166716127,12.313329570340244,12.412166892256224,10.164479812572836,10.168402894429278,"|0,0>","|1,0>","|0,1>","|2,0>","|2,1>","|1,1>","|1,2>","|3,0>","|0,2>","|3,1>","|5,0>","|4,0>"
6.922,3.0,0.17604,7.660287200882223,0.5,0.44000000000000006,-0.6978064631497176,-0.001242868106203332,0.001242868106203332,0.0,1.7486317538510718,2.799457044552426,6.921954604534989,8.669343490279857,13.844049743670524,0.0,1.7486317538510718,6.920564554051666,2.799457044552426,5.161193708070144,8.669343490279857,9.718255034271479,5.104593329253063,12.02577796818349,12.082115804387769,9.88794699905732,9.889411685475238,"|0,0>","|1,0>","|0,1>","|2,0>","|2,1>","|1,1>","|1,2>","|3,0>","|0,2>","|3,1>","|5,0>","|4,0>"
6.922,3.0,0.17604,7.660287200882223,0.5,0.45000000000000007,-0.7662269736702001,-0.0012604062038974462,0.0012604062038974462,0.0,1.5968372957171368,2.4274476177640736,6.921954604534989,8.517531494048228,13.844049743670524,0.0,1.5968372957171368,6.920490129390259,2.4274476177640736,4.824473521635213,8.517531494048228,9.34701316870958,4.852898126682803,11.77397456809382,11.745714912205415,9.620786009928182,9.62133153845447,"|0,0>","|1,0>","|0,1>","|2,0>","|2,1>","|1,1>","|1,2>","|3,0>","|0,2>","|3,1>","|5,0>","|4,0>"
6.922,3.0,0.17604,7.660287200882223,0.5,0.45999999999999996,-0.8320317212445332,-0.001268019458493086,0.001268019458493086,0.0,1.4402226962088065,2.04841367117308,6.921954604534989,8.360909281285302,13.844049743670524,0.0,1.4402226962088065,6.920422842745538,2.04841367117308,4.556715136817317,8.360909281285302,8.968286409366797,4.568623736266034,11.489823076631836,11.478008580247476,9.366452193623346,9.366638133652728,unlabeled,unlabeled,unlabeled,unlabeled,unlabeled,unlabeled,unlabeled,unlabeled,unlabeled,unlabeled,unlabeled,unlabeled
6.922,3.0,0.17604,7.660287200882223,0.5,0.47,-0.8901549452865112,-0.0012673991067231327,0.0012673991067231327,0.0,1.2829457528504093,1.6757365604143075,6.921954604534989,8.203632958278675,13.844049743670524,0.0,1.2829457528504093,6.920362432166328,1.6757365604143075,4.30870852520178,8.203632958278675,8.595746100097529,4.3124518008048796,11.233742974561181,11.230046695881569,9.130875852682351,9.130927201085896,unlabeled,unlabeled,unlabeled,unlabeled,unlabeled,unlabeled,unlabeled,unlabeled,unlabeled,unlabeled,unlabeled,unlabeled
6.922,3.0,0.17604,7.660287200882223,0.5,0.48,-0.9357565072840828,-0.0012619014716506172,0.0012619014716506172,0.0,1.1348330131700095,1.3339095190559362,6.921954604534989,8.055525716233348,13.844049743670524,0.0,1.1348330131700095,6.920310177935278,1.3339095190559362,4.0932669631994685,8.055525716233348,8.253988883927818,4.0939438439414175,11.015297861877912,11.01463975154276,8.925493211228357,8.925502171097321,unlabeled,unlabeled,unlabeled,unlabeled,unlabeled,unlabeled,unlabeled,unlabeled,unlabeled,unlabeled,unlabeled,unlabeled
6.922,3.0,0.17604,7.660287200882223,0.5,0.49,-0.964860908054149,-0.0012559395954241381,0.0012559395954241381,0.0,1.0179084524967692,1.0709559969393894,6.921954604534989,7.938607117436334,13.844049743670524,0.0,1.0179084524967692,6.920270592488677,1.0709559969393894,3.9348619905342446,7.938607117436334,7.991074926974733,3.934879433591192,10.856269849482459,10.85625675556841,8.773633031010078,8.773633429414105,unlabeled,unlabeled,unlabeled,unlabeled,unlabeled,unlabeled,unlabeled,unlabeled,unlabeled,unlabeled,unlabeled,unlabeled
6.922,3.0,0.17604,7.660287200882223,0.5,0.5,-0.9748642738206854,-0.0012534250936084845,0.0012534250936084845,0.0,0.9705556730223606,0.9662470722240357,6.921954604534989,7.891256852463741,13.844049743670524,0.0,0.9705556730223606,6.920254532792583,0.9662470722240357,3.87349369744382,7.891256852463741,7.886380624173285,3.873495463564865,10.79489777411598,10.794896004925121,8.714535339074374,8.714535343086482,unlabeled,unlabeled,unlabeled,unlabeled,unlabeled,unlabeled,unlabeled,unlabeled,unlabeled,unlabeled,unlabeled,unlabeled
6.922,2.5,0.211252,9.192431669585584,0.5,-0.5,-0.976133056948342,-0.0015036835022925743,0.0015036835022925743,0.0,0.9709640646251643,0.9657950723019866,6.921183709214873,7.890644090337744,13.842461437592917,0.0,0.9709640646251643,6.9191440372064505,0.9657950723019866,3.8733828681534845,7.890644090337744,7.884794416911106,3.873385409693043,10.793908034578521,10.793905489748823,8.714119478619793,8.714119485551052,unlabeled,unlabeled,unlabeled,unlabeled,unlabeled,unlabeled,unlabeled,unlabeled,unlabeled,unlabeled,unlabeled,unlabeled
6.922,2.5,0.211252,9.192431669585584,0.5,-0.49,-0.9661245826321476,-0.00150669846905771,0.00150669846905771,0.0,1.018322932990941,1.0705212833497342,6.921183709214873,7.937999943736756,13.842461437592917,0.0,1.018322932990941,6.919163351032452,1.0705212833497342,3.9347547046967577,7.937999943736756,7.989503066471471,3.9347656913611075,10.855274057176388,10.855268268759843,8.773221652803826,8.773222085669616,unlabeled,unlabeled,unlabeled,unlabeled,unlabeled,unlabeled,unlabeled,unlabeled,unlabeled,unlabeled,unlabeled,unlabeled
6.922,2.5,0.211252,9.192431669585584,0.5,-0.48,-0.9370044922464018,-0.0015138465286099745,0.0015138465286099745,0.0,1.1352516030587338,1.3334987138710659,6.921183709214873,8.054921465744997,13.842461437592917,0.0,1.1352516030587338,6.919210935031728,1.3334987138710659,4.093156265914516,8.054921465744997,8.252433046087162,4.093804708491277,11.01426943960567,11.01364343863142,8.925080756792752,8.925091245449735,unlabeled,unlabeled,unlabeled,unlabeled,unlabeled,unlabeled,unlabeled,unlabeled,unlabeled,unlabeled,unlabeled,unlabeled
6.922,2.5,0.211252,9.192431669585584,0.5,-0.47,-0.8913757081645031,-0.0015204363488408035,0.0015204363488408035,0.0,1.2833555212374534,1.6753353343104038,6.921183709214873,8.203018794103485,13.842461437592917,0.0,1.2833555212374534,6.919273716592116,1.6753353343104038,4.308576837519439,8.203018794103485,8.59418610380149,4.312254212948474,11.23264359926155,11.229022438337353,9.13044490381182,9.13050532819959,unlabeled,unlabeled,unlabeled,unlabeled,unlabeled,unlabeled,unlabeled,unlabeled,unlabeled,unlabeled,unlabeled,unlabeled
6.922,2.5,0.211252,9.192431669585584,0.5,-0.46,-0.8332126152998143,-0.0015211748586239082,0.0015211748586239082,0.0,1.4406127374771955,2.048012859654577,6.921183709214873,8.360275271833444,13.842461437592917,0.0,1.4406127374771955,6.919346272936679,2.048012859654577,4.556547393459198,8.360275271833444,8.966700250297805,4.568336366936435,11.488615639324635,11.476939281463117,9.365986327883931,9.366204639586215,unlabeled,unlabeled,unlabeled,unlabeled,unlabeled,unlabeled,unlabeled,unlabeled,unlabeled,unlabeled,unlabeled,unlabeled
6.922,2.5,0.211252,9.192431669585584,0.5,-0.45,-0.7673547565456147,-0.0015120359519187332,0.0015120359519187332,0.0,1.5972006423928775,2.4270465282401403,6.921183709214873,8.516872315655831,13.842461437592917,0.0,1.5972006423928775,6.919427070087906,2.4270465282401403,4.824259177752751,8.516872315655831,9.345367852658441,4.852493956388528,11.772625839513466,11.744588555095604,9.62027196878391,9.620910131880336,"|0,0>","|1,0>","|0,1>","|2,0>","|2,1>","|1,1>","|1,2>","|3,0>","|0,2>","|3,1>","|5,0>","|4,0>"
6.922,2.5,0.211252,9.192431669585584,0.5,-0.44,-0.6988685998715027,-0.0014909904211606317,0.0014909904211606317,0.0,1.7489642172283624,2.799059834585222,6.921183709214873,8.668656936022074,13.842461437592917,0.0,1.7489642172283624,6.919516425832015,2.799059834585222,5.160650163428585,8.668656936022074,9.716470225434591,5.1043252283188565,12.024586451681117,12.080596902783427,9.887373956227975,9.88908139963381,"|0,0>","|1,0>","|0,1>","|2,0>","|2,1>","|1,1>","|1,2>","|3,0>","|0,2>","|3,1>","|5,0>","|4,0>"
6.922,2.5,0.211252,9.192431669585584,0.5,-0.43,-0.6323598588694921,-0.0014577741332857386,0.0014577741332857386,0.0,1.8942692102464491,3.156178561623406,6.921183709214873,8.813995145328036,13.842461437592917,0.0,1.8942692102464491,6.919616699671693,3.156178561623406,5.490728285228315,8.813995145328036,10.071081456140774,5.391877451700964,12.312067538039372,12.41045425240192,10.163838726835309,10.168383972490801,"|0,0>","|1,0>","|0,1>","|2,0>","|2,1>","|1,1>","|1,2>","|3,0>","|0,2>","|3,1>","|5,0>","|4,0>"
6.922,2.5,0.211252,9.192431669585584,0.5,-0.42,-0.5713772747708532,-0.0014132553996262232,0.0014132553996262232,0.0,2.032636996948824,3.493896719126795,6.921183709214873,8.95240745076407,13.842461437592917,0.0,2.032636996948824,6.919734888242516,3.493896719126795,5.840936727433899,8.95240745076407,10.401922686785383,5.6833745488841885,12.603492560308467,12.760408293182252,10.447402086642441,10.459425316333224,"|0,0>","|1,0>","|0,1>","|2,0>","|2,1>","|1,1>","|1,2>","|3,0>","|0,2>","|3,1>","|5,0>","|4,0>"
6.922,2.5,0.211252,9.192431669585584,0.5,-0.41000000000000003,-0.518076755743536,-0.0013588226740495202,0.0013588226740495202,0.0,2.1641256430797284,3.810174530415921,6.921183709214873,9.083950529620552,13.842461437592917,0.0,2.1641256430797284,6.919894519627221,3.810174530415921,6.208949504984602,9.083950529620552,10.736416883741754,5.976087192334106,12.896133630461506,13.128121185315166,10.759670675694593,10.707981896410061,"|0,0>","|1,0>","|0,1>","|2,0>","|2,1>","|1,1>","|1,2>","|3,0>","|0,2>","|3,1>","|5,0>","|4,0>"
6.922,2.5,0.211252,9.192431669585584,0.5,-0.4,-0.47323978744761064,-0.0012959573041229078,0.0012959573041229078,0.0,2.2890332672731404,4.10482674709867,6.921183709214873,9.20892101918389,13.842461437592917,0.0,2.2890332672731404,6.9202334408889215,4.10482674709867,6.591597714729559,9.20892101918389,11.029577252848796,6.267850510253936,13.510299399255643,13.187826787257535,11.056775273648284,11.000302944490372,"|0,0>","|1,0>","|0,1>","|2,0>","|2,1>","|1,1>","|1,2>","|3,0>","|0,2>","|3,1>","|5,0>","|4,0>"
6.922,2.5,0.211252,9.192431669585584,0.5,-0.39,-0.4365841868185356,-0.0012259933580196503,0.0012259933580196503,0.0,2.407750971634613,4.37891775645069,6.921183709214873,9.327708687491466,13.842461437592917,0.0,2.407750971634613,6.917643352043413,4.37891775645069,6.988407645262967,9.327708687491466,11.325775644045606,6.556927913639271,13.83541404740788,13.476835919219852,11.34917341596902,11.280653466583189,"|0,0>","|1,0>","|0,1>","|2,0>","|2,1>","|1,1>","|1,2>","|3,0>","|0,2>","|3,1>","|5,0>","|4,0>"
6.922,2.5,0.211252,9.192431669585584,0.5,-0.38,-0.40719242113576115,-0.0011500090818401532,0.0011500090818401532,0.0,2.5206895701846292,4.634186719233497,6.921183709214873,9.440723270317662,13.842461437592917,0.0,2.5206895701846292,6.919632532712868,4.634186719233497,7.388076147667917,9.440723270317662,11.624024411654702,6.841925036344307,13.839319406550231,13.761766791680515,11.644375265229328,11.542574193274945,"|0,0>","|1,0>","|0,1>","|2,0>","|2,1>","|1,1>","|1,2>","|3,0>","|0,2>","|3,1>","|5,0>","|4,0>"
6.922,2.5,0.211252,9.192431669585584,0.5,-0.37,-0.3838923702903827,-0.0010687929144950203,0.0010687929144950203,0.0,2.628244180349256,4.872595990408129,6.921183709214873,9.548359096649634,13.842461437592917,0.0,2.628244180349256,6.919881754600553,4.872595990408129,7.79322876039258,9.548359096649634,11.923411394091687,7.121728546317129,13.839819304196979,14.041505923479292,11.9449006302453,11.784942800253745,"|0,0>","|1,0>","|0,1>","|2,0>","|2,1>","|1,1>","|1,2>","|3,0>","|0,2>","|3,1>","|5,0>","|4,0>"
6.922,2.5,0.211252,9.192431669585584,0.5,-0.36,-0.36551276567379887,-0.0009828428198659367,0.0009828428198659367,0.0,2.730778574039377,5.096044382404955,6.921183709214873,9.650979440434384,13.842461437592917,0.0,2.730778574039377,6.920039423591632,5.096044382404955,8.198829420363396,9.650979440434384,12.223074702246294,7.395458793976019,13.840135558671122,14.31517327590862,12.249330307012059,12.010599162323345,"|0,0>","|1,0>","|0,1>","|2,0>","|2,1>","|1,1>","|1,2>","|3,0>","|0,2>","|3,1>","|5,0>","|4,0>"
6.922,2.5,0.211252,9.192431669585584,0.5,-0.35,-0.35101523143653424,-0.0008923732080603486,0.0008923732080603486,0.0,2.8286198041471664,5.306224376857799,6.921183709214873,9.748911140153979,13.842461437592917,0.0,2.8286198041471664,6.920175282764177,5.306224376857799,8.601821088085387,9.748911140153979,12.522188983631821,7.662431133704729,13.840408169394323,14.582083590473303,12.556379129464702,12.222100018159807,"|0,0>","|1,0>","|0,1>","|2,0>","|2,1>","|1,1>","|1,2>","|3,0>","|0,2>","|3,1>","|5,0>","|4,0>"
6.922,2.5,0.211252,9.192431669585584,0.5,-0.33999999999999997,-0.33954010936587053,-0.000797313966558022,0.000797313966558022,0.0,2.9220580335958886,5.504575957825907,6.921183709214873,9.842444428844203,13.842461437592917,0.0,2.9220580335958886,6.920306431613639,5.504575957825907,8.999618646263144,9.842444428844203,12.819958777300727,7.92212331505786,13.840671477728193,14.841713773208767,12.865239931437557,12.421302900394465,"|0,0>","|1,0>","|0,1>","|2,0>","|2,1>","|1,1>","|1,2>","|3,0>","|0,2>","|3,1>","|5,0>","|4,0>"
6.922,2.5,0.211252,9.192431669585584,0.5,-0.32999999999999996,-0.3304046225807866,-0.0006972911435667584,0.0006972911435667584,0.0,3.0113488373535944,5.692293052126402,6.921183709214873,9.9318352554249,13.842461437592917,0.0,3.0113488373535944,6.920440765267912,5.692293052126402,9.390045618904125,9.9318352554249,13.115616271526605,8.17414752854728,13.840941454147554,15.093674909660805,13.175333072470764,12.609598841868888,"|0,0>","|1,0>","|0,1>","|2,0>","|2,1>","|1,1>","|1,2>","|3,0>","|0,2>","|3,1>","|5,0>","|4,0>"
6.922,2.5,0.211252,9.192431669585584,0.5,-0.32,-0.32308049014552864,-0.000591579188835567,0.000591579188835567,0.0,3.0967165196783526,5.8703525492111766,6.921183709214873,10.01730864970439,13.842461437592917,0.0,3.0967165196783526,6.9205845980732335,5.8703525492111766,9.771292964819565,10.01730864970439,13.486161534352092,8.418226274332227,13.841231532816948,15.337688074298796,13.408421705779674,12.788062856958618,"|0,0>","|1,0>","|0,1>","|2,0>","|2,1>","|1,1>","|1,2>","|3,0>","|0,2>","|3,1>","|5,0>","|4,0>"
6.922,2.5,0.211252,9.192431669585584,0.5,-0.31,-0.31716652665677714,-0.00047901096782254626,0.00047901096782254626,0.0,3.178357685949564,6.039548845242351,6.921183709214873,10.099062384196614,13.842461437592917,0.0,3.178357685949564,6.920745700533303,6.039548845242351,10.141881902701925,10.099062384196614,13.797215158257785,8.654171516251196,13.841582291956811,15.573563386011898,13.697665217037652,12.957539150627781,"|0,0>","|1,0>","|0,1>","|2,0>","|2,1>","|1,1>","|1,2>","|3,0>","|0,2>","|3,1>","|5,0>","|4,0>"
6.922,2.5,0.211252,9.192431669585584,0.5,-0.3,-0.31236417468109323,-0.000357822283973519,0.000357822283973519,0.0,3.256444690583052,6.200525206485011,6.921183709214873,10.177270577513951,13.842461437592917,0.0,3.256444690583052,6.920936470045291,6.200525206485011,10.500631493771635,10.177270577513951,14.108072509062836,8.881866725765931,13.841925968472623,15.801181892918862,13.98266929996069,13.118692676056881,"|0,0>","|1,0>","|0,1>","|2,0>","|2,1>","|1,1>","|1,2>","|3,0>","|0,2>","|3,1>","|5,0>","|4,0>"
6.922,2.5,0.211252,9.192431669585584,0.5,-0.29000000000000004,-0.30846086034995324,-0.00022538869160371178,0.00022538869160371178,0.0,3.33112879036797,6.353796720385986,6.921183709214873,10.252087110891239,13.842461437592917,0.0,3.33112879036797,6.921180332697929,6.353796720385986,10.846630344983694,10.252087110891239,14.418061333704955,9.101251474298053,13.842415131623,16.0204799047507,14.26279131511987,13.272036827605689,"|0,0>","|1,0>","|0,1>","|2,0>","|2,1>","|1,1>","|1,2>","|3,0>","|0,2>","|3,1>","|5,0>","|4,0>"
6.922,2.5,0.211252,9.192431669585584,0.5,-0.28,-0.3053294745113533,-7.77735307480043e-05,7.77735307480043e-05,0.0,3.4025429431950585,6.499756411878764,6.921183709214873,10.323648878879183,13.842461437592917,0.0,3.4025429431950585,6.921529490018003,6.499756411878764,11.179210565506537,10.323648878879183,14.726593865540707,9.312308225212306,13.843109315964185,16.231435347010134,14.537425678003103,13.417928382718046,"|0,0>","|1,0>","|0,1>","|2,0>","|2,1>","|1,1>","|1,2>","|3,0>","|0,2>","|3,1>","|5,0>","|4,0>"
6.922,2.5,0.211252,9.192431669585584,0.5,-0.27,-0.30297970055462997,9.107657103868405e-05,9.107657103868405e-05,0.0,3.4708042490717617,6.638628797588893,6.921183709214873,10.392079034857673,13.842461437592917,0.0,3.4708042490717617,6.922130296738175,6.638628797588893,11.497922031407384,10.392079034857673,14.806005512301866,9.51505090611208,13.844292485389659,16.434055563529057,15.032970134517257,13.5564650411021,"|0,0>","|1,0>","|0,1>","|2,0>","|2,1>","|1,1>","|1,2>","|3,0>","|0,2>","|3,1>","|5,0>","|4,0>"
6.922,2.5,0.211252,9.192431669585584,0.5,-0.26,-0.30192883998802245,0.0002908428629524451,0.0002908428629524451,0.0,3.536016057440662,6.770103274893302,6.921183709214873,10.457490609518487,13.842461437592917,0.0,3.536016057440662,6.923604707237274,6.770103274893302,11.802505671297155,10.457490609518487,15.068003663845033,9.709514657694086,13.84711713521736,16.62836563573029,15.336427540062516,13.686812360436903,"|0,0>","|1,0>","|0,1>","|2,0>","|2,1>","|1,1>","|1,2>","|3,0>","|0,2>","|3,1>","|5,0>","|4,0>"
6.922,2.5,0.211252,9.192431669585584,0.5,-0.25,-0.3100812136217712,0.0005378851134025808,0.0005378851134025808,0.0,3.598269775942697,6.886458338263623,6.921183709214873,10.519991370270972,13.842461437592917,0.0,3.598269775942697,6.933937628539397,6.886458338263623,12.09286541954917,10.519991370270972,15.322933052993776,9.895745683497495,13.798351117472947,16.8143953868141,15.63615014554145,13.862470581872302,"|0,0>","|1,0>","|0,1>","|2,0>","|2,1>","|1,1>","|1,2>","|3,0>","|0,2>","|3,1>","|5,0>","|4,0>"
6.922,2.5,0.211252,9.192431669585584,0.5,-0.24,-0.29059012137561524,0.0008620139607415922,0.0008620139607415922,0.0,3.6576464184404074,7.0247027155051995,6.921183709214873,10.579692141616022,13.842461437592917,0.0,3.6576464184404074,6.916344806367036,7.0247027155051995,12.369039341475613,10.579692141616022,15.570346398959742,10.073788786237401,13.833026089814823,16.992160730255293,15.931283451364507,13.948635945399673,"|0,0>","|1,0>","|0,1>","|2,0>","|2,1>","|1,1>","|1,2>","|3,0>","|0,2>","|3,1>","|5,0>","|4,0>"
6.922,2.5,0.211252,9.192431669585584,0.5,-0.22999999999999998,-0.2912557743950117,0.0013235806207347878,0.0013235806207347878,0.0,3.7142179285610695,7.137180082727127,6.921183709214873,10.636725218396677,13.842461437592917,0.0,3.7142179285610695,6.918675168215529,7.137180082727127,12.631170998491157,10.636725218396677,15.809835384386204,10.243665778306124,13.837449842721526,17.161626979779868,16.220951793575765,14.059195843303172,"|0,0>","|1,0>","|0,1>","|2,0>","|2,1>","|1,1>","|1,2>","|3,0>","|0,2>","|3,1>","|5,0>","|4,0>"
6.922,2.5,0.211252,9.192431669585584,0.5,-0.21999999999999997,-0.2905453507284932,0.0020651868124161865,0.0020651868124161865,0.0,3.7680483116260746,7.245551272523656,6.921183709214873,10.691297207653363,13.842461437592917,0.0,3.7680483116260746,6.919434165374355,7.245551272523656,12.879482313910145,10.691297207653363,16.504276337661608,10.405320266062333,13.838950103364738,17.32261065253401,16.0410293475518,14.16699084124076,"|0,0>","|1,0>","|0,1>","|2,0>","|2,1>","|1,1>","|1,2>","|3,0>","|0,2>","|3,1>","|5,0>","|4,0>"
6.922,2.5,0.211252,9.192431669585584,0.5,-0.21000000000000002,-0.28963477532813897,0.0035185458513211643,0.0035185458513211643,0.0,3.819194603780943,7.348754432233747,6.921183709214873,10.743896858847137,13.842461437592917,0.0,3.819194603780943,6.919828007544467,7.348754432233747,13.114249063947852,10.743896858847137,16.78039201010641,10.558408100944717,13.839735412989413,17.47442002981427,16.26359359677069,14.269958391386112,"|0,0>","|1,0>","|0,1>","|2,0>","|2,1>","|1,1>","|1,2>","|3,0>","|0,2>","|3,1>","|5,0>","|4,0>"
6.922,2.5,0.211252,9.192431669585584,0.5,-0.2,-0.28872323755167884,0.007751529996113504,0.007751529996113504,0.0,3.867707703113311,7.446692168674943,6.921183709214873,10.796642942324297,13.842461437592917,0.0,3.867707703113311,6.920080020304638,7.446692168674943,13.33577976172272,10.796642942324297,17.048462190321743,10.700948308730801,13.84023996199005,17.613907864187226,16.47722744058329,14.36779167450409,"|0,0>","|1,0>","|0,1>","|2,0>","|2,1>","|1,1>","|1,2>","|3,0>","|0,2>","|3,1>","|5,0>","|4,0>"
6.922,2.5,0.211252,9.192431669585584,0.5,-0.19,-0.28786269932328423,-0.020972932586232673,0.020972932586232673,0.0,3.913633083818553,7.539403468313822,6.921183709214873,10.813843860447193,13.842461437592917,0.0,3.913633083818553,6.920261538540771,7.539403468313822,13.544398184529527,10.813843860447193,17.307690499364213,10.868762702135513,13.840604763032545,17.723522148001635,16.68166202106724,14.46046153404967,"|0,0>","|1,0>","|0,1>","|2,0>","|2,1>","|1,1>","|1,2>","|3,0>","|0,2>","|3,1>","|5,0>","|4,0>"
6.922,2.5,0.211252,9.192431669585584,0.5,-0.18,-0.28706725175220527,-0.006788887679533673,0.006788887679533673,0.0,3.9570114111755146,7.626955570598824,6.921183709214873,10.871406232710854,13.842461437592917,0.0,3.9570114111755146,6.920402311027175,7.626955570598824,13.740427640484683,10.871406232710854,17.55732947735281,10.986066842401215,13.840891605480323,17.786441578713664,16.876658028022135,14.548007116427243,"|0,0>","|1,0>","|0,1>","|2,0>","|2,1>","|1,1>","|1,2>","|3,0>","|0,2>","|3,1>","|5,0>","|4,0>"
6.922,2.5,0.211252,9.192431669585584,0.5,-0.16999999999999998,-0.2863387369845469,-0.003955159947778952,0.003955159947778952,0.0,3.99787907223282,7.709419407481093,6.921183709214873,10.915107621499914,13.842461437592917,0.0,3.99787907223282,6.920516919287579,7.709419407481093,13.924207549497936,10.915107621499914,17.79668628445603,11.107197106326211,13.841108095998521,17.832522526991823,17.062003360650962,14.63048616166769,"|0,0>","|1,0>","|0,1>","|2,0>","|2,1>","|1,1>","|1,2>","|3,0>","|0,2>","|3,1>","|5,0>","|4,0>"
6.922,2.5,0.211252,9.192431669585584,0.5,-0.15999999999999998,-0.2856746955080496,-0.0028230681267018554,0.0028230681267018554,0.0,4.036268634712144,7.786862573916238,6.921183709214873,10.954629275800315,13.842461437592917,0.0,4.036268634712144,6.92061333434323,7.786862573916238,14.0960036078,10.954629275800315,17.873109500616067,11.222577918581194,13.841307294892047,18.025125776922494,17.2375107914944,14.707959784987679,"|0,0>","|1,0>","|0,1>","|2,0>","|2,1>","|1,1>","|1,2>","|3,0>","|0,2>","|3,1>","|5,0>","|4,0>"
6.922,2.5,0.211252,9.192431669585584,0.5,-0.14999999999999997,-0.28507125085634755,-0.0022107546633236552,0.0022107546633236552,0.0,4.07220924458673,7.859347238317113,6.921183709214873,10.99118219913828,13.842461437592917,0.0,4.07220924458673,6.920696270062152,7.859347238317113,14.25612213081348,10.99118219913828,17.910257748422552,11.331095792685502,13.841475340524283,18.242071414682655,17.403015675366618,14.780487287036848,"|0,0>","|1,0>","|0,1>","|2,0>","|2,1>","|1,1>","|1,2>","|3,0>","|0,2>","|3,1>","|5,0>","|4,0>"
6.922,2.5,0.211252,9.192431669585584,0.5,-0.14,-0.2845242481449759,-0.0018232498403705222,0.0018232498403705222,0.0,4.105726971074191,7.926929694003405,6.921183709214873,11.025087430448693,13.842461437592917,0.0,4.105726971074191,6.920768684127367,7.926929694003405,14.404819858841634,11.025087430448693,17.944544999168087,11.43251925172028,13.841621752205029,18.353661944417922,17.55837373247823,14.84812453035076,"|0,0>","|1,0>","|0,1>","|2,0>","|2,1>","|1,1>","|1,2>","|3,0>","|0,2>","|3,1>","|5,0>","|4,0>"
6.922,2.5,0.211252,9.192431669585584,0.5,-0.13,-0.2840297136682892,-0.0015537277135990735,0.0015537277135990735,0.0,4.1368451063604255,7.989660499052562,6.921183709214873,11.056475087861699,13.842461437592917,0.0,4.1368451063604255,6.920832519512203,7.989660499052562,14.542332409889298,11.056475087861699,17.976200476198642,11.526800047515778,13.841750777689427,18.44764457252724,17.703458912883278,14.910923883450863,"|0,0>","|1,0>","|0,1>","|2,0>","|2,1>","|1,1>","|1,2>","|3,0>","|0,2>","|3,1>","|5,0>","|4,0>"
6.922,2.5,0.211252,9.192431669585584,0.5,-0.12,-0.28358402985092823,-0.0013543850622426135,0.0013543850622426135,0.0,4.1655844262237025,8.047584822596477,6.921183709214873,11.085413750376333,13.842461437592917,0.0,4.1655844262237025,6.920889099878153,8.047584822596477,14.668870152100183,11.085413750376333,18.005338648136885,11.613944078885154,13.841865155120757,18.53455003812074,17.8381612618993,14.968935207685732,"|0,0>","|1,0>","|0,1>","|2,0>","|2,1>","|1,1>","|1,2>","|3,0>","|0,2>","|3,1>","|5,0>","|4,0>"
6.922,2.5,0.211252,9.192431669585584,0.5,-0.10999999999999999,-0.28318398602876016,-0.0012006987007708858,0.0012006987007708858,0.0,4.19196341667427,8.10074284731978,6.921183709214873,11.111946427188371,13.842461437592917,0.0,4.19196341667427,6.920939353657758,8.10074284731978,14.784616377042468,11.111946427188371,18.03202817718976,11.693975740521807,13.841966772044245,18.614379202895904,17.962383688804252,15.02220821435499,"|0,0>","|1,0>","|0,1>","|2,0>","|2,1>","|1,1>","|1,2>","|3,0>","|0,2>","|3,1>","|5,0>","|4,0>"
6.922,2.5,0.211252,9.192431669585584,0.5,-0.09999999999999998,-0.28282677500077114,-0.0010788280169151676,0.0010788280169151676,0.0,4.215998470937478,8.149170166874185,6.921183709214873,11.136103352135436,13.842461437592917,0.0,4.215998470937478,6.920983947554561,8.149170166874185,14.889723096641788,11.136103352135436,18.056281340477497,11.766925450967221,13.842056973276541,18.68714952909704,18.076075261548112,15.070797879443106,"|0,0>","|1,0>","|0,1>","|2,0>","|2,1>","|1,1>","|1,2>","|3,0>","|0,2>","|3,1>","|5,0>","|4,0>"
6.922,2.5,0.211252,9.192431669585584,0.5,-0.08999999999999997,-0.282509967268183,-0.0009803945121831248,0.0009803945121831248,0.0,4.237704060424605,8.192898153581027,6.921183709214873,11.157907375127294,13.842461437592917,0.0,4.237704060424605,6.921023369440675,8.192898153581027,14.984298046783437,11.157907375127294,18.07820016345657,11.832824577205315,13.842136738450193,18.752885159364908,18.179093848494986,15.114778935813504,"|0,0>","|1,0>","|0,1>","|2,0>","|2,1>","|1,1>","|1,2>","|3,0>","|0,2>","|3,1>","|5,0>","|4,0>"
6.922,2.5,0.211252,9.192431669585584,0.5,-0.08000000000000002,-0.28223147776317603,-0.0009000503870026932,0.0009000503870026932,0.0,4.257092882706203,8.23195428764923,6.921183709214873,11.177376541534073,13.842461437592917,0.0,4.257092882706203,6.921057981621345,8.23195428764923,15.06835704488968,11.177376541534073,18.09775161439744,11.891703157142288,13.842206792797953,18.811612391009163,18.271434445761415,15.15429510598608,"|0,0>","|1,0>","|0,1>","|2,0>","|2,1>","|1,1>","|1,2>","|3,0>","|0,2>","|3,1>","|5,0>","|4,0>"
6.922,2.5,0.211252,9.192431669585584,0.5,-0.07,-0.28198953202374355,-0.0008342415133313352,0.0008342415133313352,0.0,4.27417598906392,8.266362446104097,6.921183709214873,11.194525456765462,13.842461437592917,0.0,4.27417598906392,6.921088056102022,8.266362446104097,15.141585230310824,11.194525456765462,18.114967258922277,11.943588817056593,13.842267679462509,18.863357457961413,18.353030868673642,15.18979943194529,"|0,0>","|1,0>","|0,1>","|2,0>","|2,1>","|1,1>","|1,2>","|3,0>","|0,2>","|3,1>","|5,0>","|4,0>"
6.922,2.5,0.211252,9.192431669585584,0.5,-0.06,-0.281782634925861,-0.0007805331489407763,0.0007805331489407763,0.0,4.288962893751318,8.296143152576775,6.921183709214873,11.20936606981725,13.842461437592917,0.0,4.288962893751318,6.921113798475076,8.296143152576775,15.201349924424406,11.20936606981725,18.129862186179437,11.98850624623212,13.842319808131734,18.908145366171425,18.42383724049722,15.224042893303647,"|0,0>","|1,0>","|0,1>","|2,0>","|2,1>","|1,1>","|1,2>","|3,0>","|0,2>","|3,1>","|5,0>","|4,0>"
6.922,2.5,0.211252,9.192431669585584,0.5,-0.04999999999999999,-0.2816095432019523,-0.0007372217367276335,0.0007372217367276335,0.0,4.301461666740494,8.321313790279035,6.921183709214873,11.221908154218639,13.842461437592917,0.0,4.301461666740494,6.921135364442975,8.321313790279035,15.237981478236335,11.221908154218639,18.142448029719404,12.026476947500058,13.84236348850743,18.945999210558895,18.483815018155354,15.26679490198039,"|0,0>","|1,0>","|0,1>","|2,0>","|2,1>","|1,1>","|1,2>","|3,0>","|0,2>","|3,1>","|5,0>","|4,0>"
6.922,2.5,0.211252,9.192431669585584,0.5,-0.03999999999999998,-0.28146924215442937,-0.0007031015955192288,0.0007031015955192288,0.0,4.311679011435146,8.341888780715863,6.921183709214873,11.2321596190545,13.842461437592917,0.0,4.311679011435146,6.921152871391229,8.341888780715863,15.260649580203804,11.2321596190545,18.152733955792925,12.057519129083772,13.84239895369177,18.976939687613708,18.532931959394816,15.308968174959531,"|0,0>","|1,0>","|0,1>","|2,0>","|2,1>","|1,1>","|1,2>","|3,0>","|0,2>","|3,1>","|5,0>","|4,0>"
6.922,2.5,0.211252,9.192431669585584,0.5,-0.02999999999999997,-0.2813609264750596,-0.0006773201281191632,0.0006773201281191632,0.0,4.319620328530817,8.357879730586575,6.921183709214873,11.24012671761757,13.842461437592917,0.0,4.319620328530817,6.921166406529608,8.357879730586575,15.277302510384871,11.24012671761757,18.160727090888727,12.081647668855723,13.84242637662308,19.000984657868102,18.571161697264884,15.342680485111686,"|0,0>","|1,0>","|0,1>","|2,0>","|2,1>","|1,1>","|1,2>","|3,0>","|0,2>","|3,1>","|5,0>","|4,0>"
6.922,2.5,0.211252,9.192431669585584,0.5,-0.020000000000000018,-0.28128398503186247,-0.0006592861798111471,0.0006592861798111471,0.0,4.325289767045589,8.369295549059316,6.921183709214873,11.245814190080651,13.842461437592917,0.0,4.325289767045589,6.92117603264802,8.369295549059316,15.289008211256686,11.245814190080651,18.166432775513897,12.098874113918953,13.842445881664418,19.018148698541495,18.598483587677663,15.366914413500524,"|0,0>","|1,0>","|0,1>","|2,0>","|2,1>","|1,1>","|1,2>","|3,0>","|0,2>","|3,1>","|5,0>","|4,0>"
6.922,2.5,0.211252,9.192431669585584,0.5,-0.010000000000000009,-0.2812379893422161,-0.0006486120002762163,0.0006486120002762163,0.0,4.328690263246216,8.376142537150216,6.921183709214873,11.249225360460812,13.842461437592917,0.0,4.328690263246216,6.9211817920694045,8.376142537150216,15.295988066970082,11.249225360460812,18.16985472573809,12.109206694587613,13.842457552556198,19.028442650705543,18.61488273806677,15.381484209222563,"|0,0>","|1,0>","|0,1>","|2,0>","|2,1>","|1,1>","|1,2>","|3,0>","|0,2>","|3,1>","|5,0>","|4,0>"
6.922,2.5,0.211252,9.192431669585584,0.5,0.0,-0.281222685481211,-0.0006450776956938853,0.0006450776956938853,0.0,4.329823568033717,8.378424450586223,6.921183709214873,11.250362199552896,13.842461437592917,0.0,4.329823568033717,6.921183709214873,8.378424450586223,15.298309199711454,11.250362199552896,18.170995134171918,12.112650340856959,13.842461437592917,19.03187321230149,18.620350129243675,15.386343948345441,"|0,0>","|1,0>","|0,1>","|2,0>","|2,1>","|1,1>","|1,2>","|3,0>","|0,2>","|3,1>","|5,0>","|4,0>"
6.922,2.5,0.211252,9.192431669585584,0.5,0.010000000000000009,-0.2812379893419745,-0.0006486120006456986,0.0006486120006456986,0.0,4.328690263245534,8.376142537149093,6.921183709214873,11.24922536045976,13.842461437592917,0.0,4.328690263245534,6.921181792069532,8.376142537149093,15.295988066969585,11.24922536045976,18.169854725737736,12.109206694586973,13.84245755255624,19.028442650704818,18.61488273806576,15.381484209222393,"|0,0>","|1,0>","|0,1>","|2,0>","|2,1>","|1,1>","|1,2>","|3,0>","|0,2>","|3,1>","|5,0>","|4,0>"
6.922,2.5,0.211252,9.192431669585584,0.5,0.020000000000000018,-0.2812839850324309,-0.0006592861811469675,0.0006592861811469675,0.0,4.325289767046073,8.369295549059714,6.921183709214873,11.245814190079798,13.842461437592917,0.0,4.325289767046073,6.921176032648489,8.369295549059714,15.289008211256544,11.245814190079798,18.16643277551374,12.09887411391827,13.84244588166412,19.01814869854097,18.59848358767715,15.366914413500524,"|0,0>","|1,0>","|0,1>","|2,0>","|2,1>","|1,1>","|1,2>","|3,0>","|0,2>","|3,1>","|5,0>","|4,0>"
6.922,2.5,0.211252,9.192431669585584,0.5,0.030000000000000027,-0.28136092647368116,-0.0006773201288723385,0.0006773201288723385,0.0,4.319620328529368,8.357879730585054,6.921183709214873,11.240126717615368,13.842461437592917,0.0,4.319620328529368,6.921166406528101,8.357879730585054,15.277302510383976,11.240126717615368,18.160727090886624,12.08164766885345,13.842426376620097,19.00098465786752,18.57116169726423,15.342680485111003,"|0,0>","|1,0>","|0,1>","|2,0>","|2,1>","|1,1>","|1,2>","|3,0>","|0,2>","|3,1>","|5,0>","|4,0>"
6.922,2.5,0.211252,9.192431669585584,0.5,0.040000000000000036,-0.28146924215272406,-0.0007031015956613373,0.0007031015956613373,0.0,4.311679011435203,8.341888780717682,6.921183709214873,11.232159619054414,13.842461437592917,0.0,4.311679011435203,6.921152871391172,8.341888780717682,15.26064958020477,11.232159619054414,18.152733955793337,12.05751912908326,13.842398953692026,18.976939687615527,18.532931959396095,15.308968174960896,"|0,0>","|1,0>","|0,1>","|2,0>","|2,1>","|1,1>","|1,2>","|3,0>","|0,2>","|3,1>","|5,0>","|4,0>"
6.922,2.5,0.211252,9.192431669585584,0.5,0.050000000000000044,-0.2816095432040413,-0.0007372217362302536,0.0007372217362302536,0.0,4.3014616667418295,8.321313790279618,6.921183709214873,11.221908154220472,13.842461437592917,0.0,4.3014616667418295,6.921135364444837,8.321313790279618,15.237981478238126,11.221908154220472,18.14244802972057,12.026476947501365,13.842363488509733,18.945999210559705,18.483815018156335,15.266794901982522,"|0,0>","|1,0>","|0,1>","|2,0>","|2,1>","|1,1>","|1,2>","|3,0>","|0,2>","|3,1>","|5,0>","|4,0>"
6.922,2.5,0.211252,9.192431669585584,0.5,0.06000000000000005,-0.2817826349226209,-0.0007805331473775823,0.0007805331473775823,0.0,4.288962893749812,8.296143152577002,6.921183709214873,11.209366069817307,13.842461437592917,0.0,4.288962893749812,6.921113798474295,8.296143152577002,15.201349924425443,11.209366069817307,18.129862186179892,11.988506246232518,13.842319808131592,18.908145366171752,18.423837240496738,15.224042893304599,"|0,0>","|1,0>","|0,1>","|2,0>","|2,1>","|1,1>","|1,2>","|3,0>","|0,2>","|3,1>","|5,0>","|4,0>"
6.922,2.5,0.211252,9.192431669585584,0.5,0.07000000000000006,-0.28198953202259247,-0.000834241512379208,0.000834241512379208,0.0,4.274175989063011,8.266362446103429,6.921183709214873,11.194525456765504,13.842461437592917,0.0,4.274175989063011,6.92108805610107,8.266362446103429,15.141585230310838,11.194525456765504,18.114967258921325,11.943588817054959,13.842267679462708,18.86335745796113,18.353030868673343,15.189799431945247,"|0,0>","|1,0>","|0,1>","|2,0>","|2,1>","|1,1>","|1,2>","|3,0>","|0,2>","|3,1>","|5,0>","|4,0>"
6.922,2.5,0.211252,9.192431669585584,0.5,0.07999999999999996,-0.2822314777615844,-0.0009000503866190002,0.0009000503866190002,0.0,4.257092882705791,8.231954287649998,6.921183709214873,11.177376541534045,13.842461437592917,0.0,4.257092882705791,6.921057981620677,8.231954287649998,15.068357044889211,11.177376541534045,18.09775161439771,11.891703157140597,13.84220679279791,18.8116123910102,18.271434445761088,15.154295105985653,"|0,0>","|1,0>","|0,1>","|2,0>","|2,1>","|1,1>","|1,2>","|3,0>","|0,2>","|3,1>","|5,0>","|4,0>"
6.922,2.5,0.211252,9.192431669585584,0.5,0.08999999999999997,-0.2825099672680267,-0.0009803945118136426,0.0009803945118136426,0.0,4.237704060425102,8.192898153582178,6.921183709214873,11.157907375128161,13.842461437592917,0.0,4.237704060425102,6.921023369440491,8.192898153582178,14.984298046784431,11.157907375128161,18.07820016345667,11.83282457720476,13.84213673845035,18.752885159364766,18.179093848495796,15.114778935814343,"|0,0>","|1,0>","|0,1>","|2,0>","|2,1>","|1,1>","|1,2>","|3,0>","|0,2>","|3,1>","|5,0>","|4,0>"
6.922,2.5,0.211252,9.192431669585584,0.5,0.09999999999999998,-0.2828267750007569,-0.001078828018250988,0.001078828018250988,0.0,4.215998470937251,8.149170166873745,6.921183709214873,11.136103352133873,13.842461437592917,0.0,4.215998470937251,6.920983947553424,8.149170166873745,14.889723096639955,11.136103352133873,18.056281340476758,11.766925450965346,13.842056973274154,18.687149529095933,18.07607526154672,15.070797879441898,"|0,0>","|1,0>","|0,1>","|2,0>","|2,1>","|1,1>","|1,2>","|3,0>","|0,2>","|3,1>","|5,0>","|4,0>"
6.922,2.5,0.211252,9.192431669585584,0.5,0.10999999999999999,-0.2831839860275096,-0.0012006987010124703,0.0012006987010124703,0.0,4.1919634166732465,8.100742847318983,6.921183709214873,11.111946427187107,13.842461437592917,0.0,4.1919634166732465,6.920939353656863,8.100742847318983,14.78461637704109,11.111946427187107,18.032028177188053,11.693975740520742,13.841966772042412,18.614379202895734,17.9623836888035,15.022208214353597,"|0,0>","|1,0>","|0,1>","|2,0>","|2,1>","|1,1>","|1,2>","|3,0>","|0,2>","|3,1>","|5,0>","|4,0>"
6.922,2.5,0.211252,9.192431669585584,0.5,0.12,-0.28358402985236353,-0.0013543850636921206,0.0013543850636921206,0.0,4.165584426224029,8.047584822595695,6.921183709214873,11.08541375037521,13.842461437592917,0.0,4.165584426224029,6.920889099877613,8.047584822595695,14.668870152098961,11.08541375037521,18.00533864813565,11.613944078884103,13.841865155119763,18.534550038120358,17.838161261899046,14.968935207684652,"|0,0>","|1,0>","|0,1>","|2,0>","|2,1>","|1,1>","|1,2>","|3,0>","|0,2>","|3,1>","|5,0>","|4,0>"
6.922,2.5,0.211252,9.192431669585584,0.5,0.13,-0.28402971366861607,-0.0015537277145938333,0.0015537277145938333,0.0,4.136845106359772,7.9896604990509275,6.921183709214873,11.05647508786005,13.842461437592917,0.0,4.136845106359772,6.920832519509716,7.9896604990509275,14.542332409887749,11.05647508786005,17.97620047619681,11.5268000475143,13.84175077768623,18.44764457252566,17.70345891288224,14.910923883449314,"|0,0>","|1,0>","|0,1>","|2,0>","|2,1>","|1,1>","|1,2>","|3,0>","|0,2>","|3,1>","|5,0>","|4,0>"
6.922,2.5,0.211252,9.192431669585584,0.5,0.14,-0.28452424814383903,-0.001823249840285257,0.001823249840285257,0.0,4.105726971073395,7.9269296940029506,6.921183709214873,11.025087430447982,13.842461437592917,0.0,4.105726971073395,6.920768684125591,7.9269296940029506,14.40481985884034,11.025087430447982,17.94454499916729,11.43251925171974,13.841621752204034,18.353661944418505,17.5583737324786,14.848124530348656,"|0,0>","|1,0>","|0,1>","|2,0>","|2,1>","|1,1>","|1,2>","|3,0>","|0,2>","|3,1>","|5,0>","|4,0>"
6.922,2.5,0.211252,9.192431669585584,0.5,0.15000000000000002,-0.28507125085724283,-0.0022107546644463127,0.0022107546644463127,0.0,4.07220924458683,7.859347238316417,6.921183709214873,10.991182199137256,13.842461437592917,0.0,4.07220924458683,6.92069627006039,7.859347238316417,14.256122130810908,10.991182199137256,17.91025774842214,11.33109579268357,13.841475340522251,18.242071414680154,17.403015675365864,14.780487287033509,"|0,0>","|1,0>","|0,1>","|2,0>","|2,1>","|1,1>","|1,2>","|3,0>","|0,2>","|3,1>","|5,0>","|4,0>"
6.922,2.5,0.211252,9.192431669585584,0.5,0.16000000000000003,-0.28567469550618796,-0.002823068124897077,0.002823068124897077,0.0,4.0362686347102965,7.786862573914405,6.921183709214873,10.954629275800272,13.842461437592917,0.0,4.0362686347102965,6.920613334340757,7.786862573914405,14.096003607798096,10.954629275800272,17.87310950061709,11.222577918580654,13.841307294891024,18.025125776920945,17.237510791494444,14.707959784985931,"|0,0>","|1,0>","|0,1>","|2,0>","|2,1>","|1,1>","|1,2>","|3,0>","|0,2>","|3,1>","|5,0>","|4,0>"
6.922,2.5,0.211252,9.192431669585584,0.5,0.17000000000000004,-0.2863387369855559,-0.003955159947935272,0.003955159947935272,0.0,3.997879072232024,7.709419407478492,6.921183709214873,10.915107621498962,13.842461437592917,0.0,3.997879072232024,6.920516919286953,7.709419407478492,13.924207549496629,10.915107621498962,17.79668628445475,11.107197106324833,13.841108095997043,17.832522526990573,17.062003360649285,14.630486161666312,"|0,0>","|1,0>","|0,1>","|2,0>","|2,1>","|1,1>","|1,2>","|3,0>","|0,2>","|3,1>","|5,0>","|4,0>"
6.922,2.5,0.211252,9.192431669585584,0.5,0.18000000000000005,-0.2870672517504289,-0.006788887677771527,0.006788887677771527,0.0,3.957011411174989,7.626955570599549,6.921183709214873,10.87140623271209,13.842461437592917,0.0,3.957011411174989,6.920402311027715,7.626955570599549,13.740427640484185,10.87140623271209,17.557329477353733,10.986066842402693,13.84089160548126,17.786441578714516,16.8766580280236,14.54800711642649,"|0,0>","|1,0>","|0,1>","|2,0>","|2,1>","|1,1>","|1,2>","|3,0>","|0,2>","|3,1>","|5,0>","|4,0>"
6.922,2.5,0.211252,9.192431669585584,0.5,0.19000000000000006,-0.2878626993215221,-0.020972932584925275,0.020972932584925275,0.0,3.9136330838177855,7.539403468314049,6.921183709214873,10.813843860447733,13.842461437592917,0.0,3.9136330838177855,6.920261538540927,7.539403468314049,13.544398184529015,10.813843860447733,17.30769049936282,10.868762702134333,13.840604763032786,17.72352214799949,16.68166202106572,14.46046153404967,"|0,0>","|1,0>","|0,1>","|2,0>","|2,1>","|1,1>","|1,2>","|3,0>","|0,2>","|3,1>","|5,0>","|4,0>"
6.922,2.5,0.211252,9.192431669585584,0.5,0.20000000000000007,-0.28872323754895035,0.007751529996824047,0.007751529996824047,0.0,3.867707703111961,7.446692168674971,6.921183709214873,10.796642942323658,13.842461437592917,0.0,3.867707703111961,6.920080020305747,7.446692168674971,13.335779761723003,10.796642942323658,17.048462190321203,10.700948308731896,13.840239961990846,17.613907864186174,16.477227440582794,14.367791674504204,"|0,0>","|1,0>","|0,1>","|2,0>","|2,1>","|1,1>","|1,2>","|3,0>","|0,2>","|3,1>","|5,0>","|4,0>"
6.922,2.5,0.211252,9.192431669585584,0.5,0.20999999999999996,-0.28963477532600734,0.0035185458514916945,0.0035185458514916945,0.0,3.819194603780062,7.3487544322341165,6.921183709214873,10.743896858846426,13.842461437592917,0.0,3.819194603780062,6.91982800754414,7.3487544322341165,13.114249063946147,10.743896858846426,16.78039201010435,10.558408100944249,13.8397354129891,17.474420029812876,16.26359359676968,14.26995839138688,"|0,0>","|1,0>","|0,1>","|2,0>","|2,1>","|1,1>","|1,2>","|3,0>","|0,2>","|3,1>","|5,0>","|4,0>"
6.922,2.5,0.211252,9.192431669585584,0.5,0.21999999999999997,-0.2905453507283937,0.002065186812757247,0.002065186812757247,0.0,3.7680483116265435,7.245551272524693,6.921183709214873,10.691297207654173,13.842461437592917,0.0,3.7680483116265435,6.919434165376529,7.245551272524693,12.879482313911183,10.691297207654173,16.504276337661807,10.405320266063327,13.838950103366443,17.322610652533243,16.04102934755221,14.166990841241443,"|0,0>","|1,0>","|0,1>","|2,0>","|2,1>","|1,1>","|1,2>","|3,0>","|0,2>","|3,1>","|5,0>","|4,0>"
6.922,2.5,0.211252,9.192431669585584,0.5,0.22999999999999998,-0.29125577439582173,0.0013235806209337397,0.0013235806209337397,0.0,3.7142179285612826,7.1371800827267435,6.921183709214873,10.636725218397089,13.842461437592917,0.0,3.7142179285612826,6.918675168215017,7.1371800827267435,12.631170998490433,10.636725218397089,15.809835384384016,10.243665778306578,13.837449842721256,17.161626979778845,16.220951793574088,14.059195843303115,"|0,0>","|1,0>","|0,1>","|2,0>","|2,1>","|1,1>","|1,2>","|3,0>","|0,2>","|3,1>","|5,0>","|4,0>"
6.922,2.5,0.211252,9.192431669585584,0.5,0.24,-0.2905901213742794,0.0008620139620063583,0.0008620139620063583,0.0,3.657646418439356,7.024702715504432,6.921183709214873,10.579692141616235,13.842461437592917,0.0,3.657646418439356,6.916344806366595,7.024702715504432,12.369039341475144,10.579692141616235,15.570346398958478,10.07378878623743,13.833026089814112,16.99216073025495,15.931283451363257,13.948635945399758,"|0,0>","|1,0>","|0,1>","|2,0>","|2,1>","|1,1>","|1,2>","|3,0>","|0,2>","|3,1>","|5,0>","|4,0>"
6.922,2.5,0.211252,9.192431669585584,0.5,0.25,-0.3100812136234623,0.0005378851134452134,0.0005378851134452134,0.0,3.5982697759421853,6.886458338260908,6.921183709214873,10.519991370270503,13.842461437592917,0.0,3.5982697759421853,6.933937628540846,6.886458338260908,12.092865419548403,10.519991370270503,15.322933052993221,9.895745683496827,13.798351117471938,16.814395386813928,15.63615014554081,13.862470581873325,"|0,0>","|1,0>","|0,1>","|2,0>","|2,1>","|1,1>","|1,2>","|3,0>","|0,2>","|3,1>","|5,0>","|4,0>"
6.922,2.5,0.211252,9.192431669585584,0.5,0.26,-0.3019288399891167,0.0002908428633929816,0.0002908428633929816,0.0,3.5360160574398805,6.770103274890644,6.921183709214873,10.457490609518146,13.842461437592917,0.0,3.5360160574398805,6.923604707236819,6.770103274890644,11.802505671295734,10.457490609518146,15.068003663843783,9.709514657693035,13.847117135217161,16.628365635728414,15.336427540060342,13.686812360433777,"|0,0>","|1,0>","|0,1>","|2,0>","|2,1>","|1,1>","|1,2>","|3,0>","|0,2>","|3,1>","|5,0>","|4,0>"
6.922,2.5,0.211252,9.192431669585584,0.5,0.27,-0.3029797005541752,9.107657238871525e-05,9.107657238871525e-05,0.0,3.4708042490712643,6.638628797588353,6.921183709214873,10.392079034858526,13.842461437592917,0.0,3.4708042490712643,6.922130296737521,6.638628797588353,11.497922031407441,10.392079034858526,14.806005512301283,9.515050906111938,13.844292485389644,16.43405556352738,15.032970134515551,13.55646504110048,"|0,0>","|1,0>","|0,1>","|2,0>","|2,1>","|1,1>","|1,2>","|3,0>","|0,2>","|3,1>","|5,0>","|4,0>"
6.922,2.5,0.211252,9.192431669585584,0.5,0.28,-0.3053294745137265,-7.777353016535926e-05,7.777353016535926e-05,0.0,3.4025429431959253,6.499756411878124,6.921183709214873,10.323648878880633,13.842461437592917,0.0,3.4025429431959253,6.921529490017491,6.499756411878124,11.179210565507788,10.323648878880633,14.726593865540451,9.312308225213243,13.843109315964668,16.23143534701036,14.537425678004055,13.417928382718117,"|0,0>","|1,0>","|0,1>","|2,0>","|2,1>","|1,1>","|1,2>","|3,0>","|0,2>","|3,1>","|5,0>","|4,0>"
6.922,2.5,0.211252,9.192431669585584,0.5,0.29000000000000004,-0.3084608603527812,-0.00022538869247057391,0.00022538869247057391,0.0,3.331128790368254,6.353796720383727,6.921183709214873,10.252087110890656,13.842461437592917,0.0,3.331128790368254,6.921180332697304,6.353796720383727,10.84663034498287,10.252087110890656,14.418061333704628,9.10125147429764,13.842415131622616,16.02047990474948,14.262791315119301,13.272036827604595,"|0,0>","|1,0>","|0,1>","|2,0>","|2,1>","|1,1>","|1,2>","|3,0>","|0,2>","|3,1>","|5,0>","|4,0>"
6.922,2.5,0.211252,9.192431669585584,0.5,0.30000000000000004,-0.3123641746817043,-0.0003578222828508615,0.0003578222828508615,0.0,3.256444690582782,6.20052520648386,6.921183709214873,10.177270577514804,13.842461437592917,0.0,3.256444690582782,6.920936470044978,6.20052520648386,10.500631493770953,10.177270577514804,14.108072509062168,8.881866725766258,13.841925968471912,15.801181892917285,13.982669299959909,13.118692676056511,"|0,0>","|1,0>","|0,1>","|2,0>","|2,1>","|1,1>","|1,2>","|3,0>","|0,2>","|3,1>","|5,0>","|4,0>"
6.922,2.5,0.211252,9.192431669585584,0.5,0.31000000000000005,-0.3171665266583119,-0.0004790109677088594,0.0004790109677088594,0.0,3.1783576859496634,6.039548845241015,6.921183709214873,10.099062384196827,13.842461437592917,0.0,3.1783576859496634,6.920745700531441,6.039548845241015,10.1418819027012,10.099062384196827,13.797215158257558,8.654171516250656,13.841582291956868,15.573563386011529,13.697665217036928,12.957539150627099,"|0,0>","|1,0>","|0,1>","|2,0>","|2,1>","|1,1>","|1,2>","|3,0>","|0,2>","|3,1>","|5,0>","|4,0>"
6.922,2.5,0.211252,9.192431669585584,0.5,0.32000000000000006,-0.3230804901477029,-0.0005915791892050493,0.0005915791892050493,0.0,3.0967165196792195,5.870352549210736,6.921183709214873,10.017308649704887,13.842461437592917,0.0,3.0967165196792195,6.920584598072466,5.870352549210736,9.771292964820162,10.017308649704887,13.486161534352107,8.418226274332824,13.841231532816153,15.337688074297517,13.408421705779048,12.788062856957723,"|0,0>","|1,0>","|0,1>","|2,0>","|2,1>","|1,1>","|1,2>","|3,0>","|0,2>","|3,1>","|5,0>","|4,0>"
6.922,2.5,0.211252,9.192431669585584,0.5,0.33000000000000007,-0.33040462258122716,-0.0006972911433962281,0.0006972911433962281,0.0,3.0113488373541486,5.69229305212707,6.921183709214873,9.931835255425625,13.842461437592917,0.0,3.0113488373541486,6.9204407652665765,5.69229305212707,9.390045618905788,9.931835255425625,13.115616271526477,8.174147528548062,13.840941454147668,15.093674909661019,13.175333072470849,12.609598841868277,"|0,0>","|1,0>","|0,1>","|2,0>","|2,1>","|1,1>","|1,2>","|3,0>","|0,2>","|3,1>","|5,0>","|4,0>"
6.922,2.5,0.211252,9.192431669585584,0.5,0.33999999999999997,-0.3395401093682153,-0.0007973139667711848,0.0007973139667711848,0.0,2.922058033596926,5.504575957825637,6.921183709214873,9.842444428845027,13.842461437592917,0.0,2.922058033596926,6.920306431614023,5.504575957825637,8.999618646264437,9.842444428845027,12.81995877730074,7.922123315058627,13.840671477728762,14.84171377320996,12.86523993143868,12.421302900395204,"|0,0>","|1,0>","|0,1>","|2,0>","|2,1>","|1,1>","|1,2>","|3,0>","|0,2>","|3,1>","|5,0>","|4,0>"
6.922,2.5,0.211252,9.192431669585584,0.5,0.35,-0.3510152314378132,-0.0008923732076624447,0.0008923732076624447,0.0,2.8286198041473654,5.3062243768569175,6.921183709214873,9.748911140154576,13.842461437592917,0.0,2.8286198041473654,6.920175282763509,5.3062243768569175,8.601821088085359,9.748911140154576,12.522188983630954,7.662431133705425,13.84040816939374,14.582083590472692,12.556379129464858,12.222100018159892,"|0,0>","|1,0>","|0,1>","|2,0>","|2,1>","|1,1>","|1,2>","|3,0>","|0,2>","|3,1>","|5,0>","|4,0>"
6.922,2.5,0.211252,9.192431669585584,0.5,0.36,-0.36551276567534785,-0.0009828428211307028,0.0009828428211307028,0.0,2.7307785740401016,5.096044382404855,6.921183709214873,9.650979440433844,13.842461437592917,0.0,2.7307785740401016,6.920039423592243,5.096044382404855,8.198829420363552,9.650979440433844,12.223074702246578,7.395458793977014,13.840135558671477,14.315173275909615,12.249330307012343,12.010599162323388,"|0,0>","|1,0>","|0,1>","|2,0>","|2,1>","|1,1>","|1,2>","|3,0>","|0,2>","|3,1>","|5,0>","|4,0>"
6.922,2.5,0.211252,9.192431669585584,0.5,0.37,-0.3838923702937649,-0.0010687929154613585,0.0010687929154613585,0.0,2.628244180351203,4.872595990408641,6.921183709214873,9.548359096650614,13.842461437592917,0.0,2.628244180351203,6.919881754601263,4.872595990408641,7.793228760393262,9.548359096650614,11.923411394092142,7.121728546317726,13.839819304196837,14.041505923480855,11.94490063024486,11.78494280025447,"|0,0>","|1,0>","|0,1>","|2,0>","|2,1>","|1,1>","|1,2>","|3,0>","|0,2>","|3,1>","|5,0>","|4,0>"
6.922,2.5,0.211252,9.192431669585584,0.5,0.38,-0.40719242113694065,-0.001150009082834913,0.001150009082834913,0.0,2.5206895701849277,4.634186719232915,6.921183709214873,9.440723270316965,13.842461437592917,0.0,2.5206895701849277,6.9196325327122565,4.634186719232915,7.388076147666567,9.440723270316965,11.624024411652883,6.8419250363442785,13.839319406548157,13.76176679167854,11.644375265226671,11.54257419327304,"|0,0>","|1,0>","|0,1>","|2,0>","|2,1>","|1,1>","|1,2>","|3,0>","|0,2>","|3,1>","|5,0>","|4,0>"
6.922,2.5,0.211252,9.192431669585584,0.5,0.39,-0.43658418681806666,-0.0012259933577212223,0.0012259933577212223,0.0,2.40775097163511,4.378917756452154,6.921183709214873,9.327708687492262,13.842461437592917,0.0,2.40775097163511,6.917643352044976,4.378917756452154,6.988407645262683,9.327708687492262,11.32577564404778,6.5569279136403225,13.83541404740862,13.476835919220619,11.349173415969915,11.280653466584894,"|0,0>","|1,0>","|0,1>","|2,0>","|2,1>","|1,1>","|1,2>","|3,0>","|0,2>","|3,1>","|5,0>","|4,0>"
6.922,2.5,0.211252,9.192431669585584,0.5,0.4,-0.4732397874470138,-0.0012959573043787032,0.0012959573043787032,0.0,2.289033267273041,4.104826747099068,6.921183709214873,9.208921019183535,13.842461437592917,0.0,2.289033267273041,6.92023344088949,4.104826747099068,6.591597714728209,9.208921019183535,11.029577252848767,6.267850510253481,13.510299399255828,13.187826787257535,11.056775273646608,11.0003029444903,"|0,0>","|1,0>","|0,1>","|2,0>","|2,1>","|1,1>","|1,2>","|3,0>","|0,2>","|3,1>","|5,0>","|4,0>"
6.922,2.5,0.211252,9.192431669585584,0.5,0.41000000000000003,-0.5180767557433228,-0.001358822673580562,0.001358822673580562,0.0,2.1641256430799274,3.810174530416532,6.921183709214873,9.08395052962122,13.842461437592917,0.0,2.1641256430799274,6.91989451962732,3.810174530416532,6.208949504983508,9.08395052962122,10.736416883741555,5.97608719233402,12.896133630461748,13.128121185315123,10.759670675693698,10.70798189640982,"|0,0>","|1,0>","|0,1>","|2,0>","|2,1>","|1,1>","|1,2>","|3,0>","|0,2>","|3,1>","|5,0>","|4,0>"
6.922,2.5,0.211252,9.192431669585584,0.5,0.42000000000000004,-0.5713772747722601,-0.0014132553992993735,0.0014132553992993735,0.0,2.032636996949222,3.493896719126184,6.921183709214873,8.952407450764795,13.842461437592917,0.0,2.032636996949222,6.91973488824253,3.493896719126184,5.840936727433643,8.952407450764795,10.40192268678527,5.683374548883862,12.603492560308723,12.760408293182365,10.447402086642583,10.459425316333054,"|0,0>","|1,0>","|0,1>","|2,0>","|2,1>","|1,1>","|1,2>","|3,0>","|0,2>","|3,1>","|5,0>","|4,0>"
6.922,2.5,0.211252,9.192431669585584,0.5,0.43000000000000005,-0.6323598588697621,-0.0014577741331578409,0.0014577741331578409,0.0,1.8942692102465912,3.1561785616234204,6.921183709214873,8.813995145328306,13.842461437592917,0.0,1.8942692102465912,6.91961669967165,3.1561785616234204,5.490728285228201,8.813995145328306,10.071081456140902,5.391877451701305,12.312067538038846,12.410454252401536,10.163838726835394,10.16838397249063,"|0,0>","|1,0>","|0,1>","|2,0>","|2,1>","|1,1>","|1,2>","|3,0>","|0,2>","|3,1>","|5,0>","|4,0>"
6.922,2.5,0.211252,9.192431669585584,0.5,0.44000000000000006,-0.698868599873478,-0.0014909904210895775,0.0014909904210895775,0.0,1.7489642172297692,2.7990598345860604,6.921183709214873,8.668656936023552,13.842461437592917,0.0,1.7489642172297692,6.919516425832526,2.7990598345860604,5.160650163428599,8.668656936023552,9.716470225434847,5.104325228319155,12.024586451681415,12.080596902783384,9.887373956228089,9.88908139963371,"|0,0>","|1,0>","|0,1>","|2,0>","|2,1>","|1,1>","|1,2>","|3,0>","|0,2>","|3,1>","|5,0>","|4,0>"
6.922,2.5,0.211252,9.192431669585584,0.5,0.45000000000000007,-0.7673547565478742,-0.0015120359536524575,0.0015120359536524575,0.0,1.5972006423942133,2.4270465282405524,6.921183709214873,8.516872315655434,13.842461437592917,0.0,1.5972006423942133,6.919427070087536,2.4270465282405524,4.824259177752026,8.516872315655434,9.345367852657745,4.852493956388145,11.772625839512656,11.74458855509421,9.620271968783157,9.6209101318792,"|0,0>","|1,0>","|0,1>","|2,0>","|2,1>","|1,1>","|1,2>","|3,0>","|0,2>","|3,1>","|5,0>","|4,0>"
6.922,2.5,0.211252,9.192431669585584,0.5,0.45999999999999996,-0.8332126153006953,-0.0015211748592491858,0.0015211748592491858,0.0,1.4406127374776645,2.0480128596546336,6.921183709214873,8.360275271833288,13.842461437592917,0.0,1.4406127374776645,6.919346272935627,2.0480128596546336,4.556547393459127,8.360275271833288,8.96670025029691,4.568336366936023,11.488615639323143,11.476939281462421,9.365986327883206,9.366204639585561,unlabeled,unlabeled,unlabeled,unlabeled,unlabeled,unlabeled,unlabeled,unlabeled,unlabeled,unlabeled,unlabeled,unlabeled
6.922,2.5,0.211252,9.192431669585584,0.5,0.47,-0.8913757081641194,-0.00152043634761867,0.00152043634761867,0.0,1.283355521237226,1.6753353343103328,6.921183709214873,8.20301879410448,13.842461437592917,0.0,1.283355521237226,6.919273716592059,1.6753353343103328,4.308576837519439,8.20301879410448,8.594186103802187,4.312254212950052,11.232643599261934,11.229022438337566,9.130444903812347,9.13050532820013,unlabeled,unlabeled,unlabeled,unlabeled,unlabeled,unlabeled,unlabeled,unlabeled,unlabeled,unlabeled,unlabeled,unlabeled
6.922,2.5,0.211252,9.192431669585584,0.5,0.48,-0.9370044922473255,-0.0015138465281125946,0.0015138465281125946,0.0,1.1352516030589186,1.3334987138705117,6.921183709214873,8.054921465745679,13.842461437592917,0.0,1.1352516030589186,6.919210935030478,1.3334987138705117,4.093156265914573,8.054921465745679,8.252433046086693,4.0938047084912625,11.014269439604618,11.013643438630766,8.925080756791743,8.925091245448598,unlabeled,unlabeled,unlabeled,unlabeled,unlabeled,unlabeled,unlabeled,unlabeled,unlabeled,unlabeled,unlabeled,unlabeled
6.922,2.5,0.211252,9.192431669585584,0.5,0.49,-0.9661245826337392,-0.001506698469952994,0.001506698469952994,0.0,1.018322932991623,1.0705212833495068,6.921183709214873,7.937999943736543,13.842461437592917,0.0,1.018322932991623,6.919163351032054,1.0705212833495068,3.934754704697113,7.937999943736543,7.989503066471599,3.9347656913603544,10.85527405717552,10.855268268759687,8.77322165280411,8.773222085670014,unlabeled,unlabeled,unlabeled,unlabeled,unlabeled,unlabeled,unlabeled,unlabeled,unlabeled,unlabeled,unlabeled,unlabeled
6.922,2.5,0.211252,9.192431669585584,0.5,0.5,-0.976133056948342,-0.0015036835022925743,0.0015036835022925743,0.0,0.9709640646251643,0.9657950723019866,6.921183709214873,7.890644090337744,13.842461437592917,0.0,0.9709640646251643,6.9191440372064505,0.9657950723019866,3.8733828681534845,7.890644090337744,7.884794416911106,3.873385409693043,10.793908034578521,10.793905489748823,8.714119478619793,8.714119485551052,unlabeled,unlabeled,unlabeled,unlabeled,unlabeled,unlabeled,unlabeled,unlabeled,unlabeled,unlabeled,unlabeled,unlabeled
6.922,2.0,0.26393,11.487602012604722,0.5,-0.5,-0.9780302946279988,-0.0018793355651638421,0.0018793355651638421,0.0,0.971574908755656,0.9651195228833132,6.921894370239713,7.891589943430205,13.843823429436924,0.0,0.971574908755656,0.9651195228833132,6.91934567568083,3.8732175177318595,7.891589943430205,7.884285208859211,3.873221482145013,10.79428955473854,10.794285586758846,8.713499405491504,8.713499418990992,unlabeled,unlabeled,unlabeled,unlabeled,unlabeled,unlabeled,unlabeled,unlabeled,unlabeled,unlabeled,unlabeled,unlabeled
6.922,2.0,0.26393,11.487602012604722,0.5,-0.49,-0.9680134084709522,-0.0018831144048760962,0.0018831144048760962,0.0,1.0189463984262659,1.0698793883815796,6.921894370239713,7.9389576542611024,13.843823429436924,0.0,1.0189463984262659,1.0698793883815796,6.919369882616834,3.934599273586201,7.9389576542611024,7.989023086608583,3.93460088613152,10.855651184593484,10.855656026096668,8.77261273472135,8.772613194891733,unlabeled,unlabeled,unlabeled,unlabeled,unlabeled,unlabeled,unlabeled,unlabeled,unlabeled,unlabeled,unlabeled,unlabeled
6.922,2.0,0.26393,11.487602012604722,0.5,-0.48,-0.9388676761923165,-0.0018920752407041164,0.0018920752407041164,0.0,1.135888526515913,1.3329093768395097,6.921894370239713,8.055890821514922,13.843823429436924,0.0,1.135888526515913,1.3329093768395097,6.919429480453729,4.093006275581658,8.055890821514922,8.251993753543303,4.093612620252699,11.014608524664013,11.014030054412828,8.924480301568977,8.924492994145652,unlabeled,unlabeled,unlabeled,unlabeled,unlabeled,unlabeled,unlabeled,unlabeled,unlabeled,unlabeled,unlabeled,unlabeled
6.922,2.0,0.26393,11.487602012604722,0.5,-0.47,-0.8931949854006405,-0.0019003437589191208,0.0019003437589191208,0.0,1.2839867425750384,1.6747784997494364,6.921894370239713,8.203980769055832,13.843823429436924,0.0,1.2839867425750384,1.6747784997494364,6.919508054695555,4.3084080683554475,8.203980769055832,8.593758596133156,4.311987872365165,11.232889843476272,11.229379906087601,9.129828729535078,9.1299026464103,unlabeled,unlabeled,unlabeled,unlabeled,unlabeled,unlabeled,unlabeled,unlabeled,unlabeled,unlabeled,unlabeled,unlabeled
6.922,2.0,0.26393,11.487602012604722,0.5,-0.46,-0.834968619297328,-0.0019012950702972375,0.0019012950702972375,0.0,1.4412210758895156,2.0474735324817033,6.921894370239713,8.361214151058931,13.843823429436924,0.0,1.4412210758895156,2.0474735324817033,6.919598813073861,4.556337998562853,8.361214151058931,8.966249934304741,4.567950397406037,11.488715064350231,11.477242724944404,9.365330505605144,9.365597534859873,unlabeled,unlabeled,unlabeled,unlabeled,unlabeled,unlabeled,unlabeled,unlabeled,unlabeled,unlabeled,unlabeled,unlabeled
6.922,2.0,0.26393,11.487602012604722,0.5,-0.45,-0.7690278592500448,-0.0018898936119740029,0.0018898936119740029,0.0,1.5977747308220245,2.426521602394004,6.921894370239713,8.517779207449763,13.843823429436924,0.0,1.5977747308220245,2.426521602394004,6.919699838550329,4.8239936118176985,8.517779207449763,9.344841643890305,4.85194939757298,11.772530235935136,11.744820233180064,9.61955702016958,9.620336088530237,"|0,0>","|1,0>","|2,0>","|0,1>","|2,1>","|1,1>","|1,2>","|3,0>","|0,2>","|3,1>","|5,0>","|4,0>"
6.922,2.0,0.26393,11.487602012604722,0.5,-0.44,-0.7004407898788259,-0.0018636049969416035,0.0018636049969416035,0.0,1.7494969766299846,2.7985531633811433,6.921894370239713,8.669527741872756,13.843823429436924,0.0,1.7494969766299846,2.7985531633811433,6.919811525880888,5.159914816426323,8.669527741872756,9.715738221381287,5.103992767387069,12.02473423156954,12.08026466723149,9.886583972619974,9.888666318721135,"|0,0>","|1,0>","|2,0>","|0,1>","|2,1>","|1,1>","|1,2>","|3,0>","|0,2>","|3,1>","|5,0>","|4,0>"
6.922,2.0,0.26393,11.487602012604722,0.5,-0.43,-0.6338172898300627,-0.0018221036848871108,0.0018221036848871108,0.0,1.8947562843086132,3.1556952787871637,6.921894370239713,8.814828550863439,13.843823429436924,0.0,1.8947562843086132,3.1556952787871637,6.919936810830279,5.489777399862874,8.814828550863439,10.0697795043762,5.3914706265409365,12.312123205908591,12.409851723641523,10.162960441297969,10.168491207079356,"|0,0>","|1,0>","|2,0>","|0,1>","|2,1>","|1,1>","|1,2>","|3,0>","|0,2>","|3,1>","|5,0>","|4,0>"
6.922,2.0,0.26393,11.487602012604722,0.5,-0.42,-0.5727125315535062,-0.0017664800484311627,0.0017664800484311627,0.0,2.033075737145026,3.493438942736546,6.921894370239713,8.953203627336308,13.843823429436924,0.0,2.033075737145026,3.493438942736546,6.9200843900932085,5.839753219957387,8.953203627336308,10.399378316558597,5.682888090291627,12.603450613678504,12.75950997932749,10.446424344995464,10.460723276097767,"|0,0>","|1,0>","|2,0>","|0,1>","|2,1>","|1,1>","|1,2>","|3,0>","|0,2>","|3,1>","|5,0>","|4,0>"
6.922,2.0,0.26393,11.487602012604722,0.5,-0.41000000000000003,-0.519289760554571,-0.0016984739903733725,0.0016984739903733725,0.0,2.164514491456515,3.809739222358459,6.921894370239713,9.084710387705854,13.843823429436924,0.0,2.164514491456515,3.809739222358459,6.920283448735049,6.207520313432738,9.084710387705854,10.735330338448065,5.975517347258275,12.89599044366986,13.126902875600663,10.7618788885881,10.7044647960618,"|0,0>","|1,0>","|2,0>","|0,1>","|2,1>","|1,1>","|1,2>","|3,0>","|0,2>","|3,1>","|5,0>","|4,0>"
6.922,2.0,0.26393,11.487602012604722,0.5,-0.4,-0.47433693115534936,-0.0016199407208290495,0.0016199407208290495,0.0,2.289371379414746,4.104405827674142,6.921894370239713,9.20964580893363,13.843823429436924,0.0,2.289371379414746,4.104405827674142,6.92070397158534,6.589886050597187,9.20964580893363,11.0283741550533,6.2671945829459474,13.508684751144997,13.187580021051502,11.05923075684413,10.996458352434388,"|0,0>","|1,0>","|2,0>","|0,1>","|2,1>","|1,1>","|1,2>","|3,0>","|0,2>","|3,1>","|5,0>","|4,0>"
6.922,2.0,0.26393,11.487602012604722,0.5,-0.39,-0.43757623866326867,-0.0015325507788759296,0.0015325507788759296,0.0,2.4080379819851885,4.378499725307108,6.921894370239713,9.328399801446025,13.843823429436924,0.0,2.4080379819851885,4.378499725307108,6.917405980012006,6.98721442997946,9.328399801446025,11.32444968013688,6.556183944021626,13.834926160343258,13.476484091513385,11.351268674959968,11.2770661907647,"|0,0>","|1,0>","|2,0>","|0,1>","|2,1>","|1,1>","|1,2>","|3,0>","|0,2>","|3,1>","|5,0>","|4,0>"
6.922,2.0,0.26393,11.487602012604722,0.5,-0.38,-0.40809221928793704,-0.0014376547272121343,0.0014376547272121343,0.0,2.5209254430892827,4.633758666890628,6.921894370239713,9.441382158601783,13.843823429436924,0.0,2.5209254430892827,4.633758666890628,6.919954654853726,7.38614889229558,9.441382158601783,11.622570564140517,6.841091566314063,13.839895530056054,13.761308958039521,11.645458782815027,11.539870847210679,"|0,0>","|1,0>","|2,0>","|0,1>","|2,1>","|1,1>","|1,2>","|3,0>","|0,2>","|3,1>","|5,0>","|4,0>"
6.922,2.0,0.26393,11.487602012604722,0.5,-0.37,-0.38471303607448704,-0.001336241052939613,0.001336241052939613,0.0,2.6284291139122473,4.872145191750008,6.921894370239713,9.54898724309902,13.843823429436924,0.0,2.6284291139122473,4.872145191750008,6.920267396032543,7.791079849306456,9.54898724309902,11.921825818787525,7.120804445517237,13.84052304263902,14.040941433589722,11.945043095587351,11.783027825397852,"|0,0>","|1,0>","|2,0>","|0,1>","|2,1>","|1,1>","|1,2>","|3,0>","|0,2>","|3,1>","|5,0>","|4,0>"
6.922,2.0,0.26393,11.487602012604722,0.5,-0.36,-0.3662666728767334,-0.0012289357317740723,0.0012289357317740723,0.0,2.730912937231494,5.095559201586255,6.921894370239713,9.651578371739433,13.843823429436924,0.0,2.730912937231494,5.095559201586255,6.9204646448619656,8.196499476691542,9.651578371739433,12.221354617708272,7.3944431271686994,13.840918757397503,14.314501582047455,12.24881125709777,12.009169526623879,"|0,0>","|1,0>","|2,0>","|0,1>","|2,1>","|1,1>","|1,2>","|3,0>","|0,2>","|3,1>","|5,0>","|4,0>"
6.922,2.0,0.26393,11.487602012604722,0.5,-0.35,-0.351713619173907,-0.0011160113149344397,0.0011160113149344397,0.0,2.828704095252874,5.305694571331841,6.921894370239713,9.749482454177652,13.843823429436924,0.0,2.828704095252874,5.305694571331841,6.9206344125917525,8.599332150182462,9.749482454177652,12.520332570246183,7.661323057077638,13.841259440820778,14.581304089415681,12.555381725979885,12.22095094870221,"|0,0>","|1,0>","|2,0>","|0,1>","|2,1>","|1,1>","|1,2>","|3,0>","|0,2>","|3,1>","|5,0>","|4,0>"
6.922,2.0,0.26393,11.487602012604722,0.5,-0.33999999999999997,-0.34019313063693346,-0.0009973862713081871,0.0009973862713081871,0.0,2.9220928525517706,5.503992574466608,6.921894370239713,9.842989836520175,13.843823429436924,0.0,2.9220928525517706,5.503992574466608,6.920798186587163,8.996987877605278,9.842989836520175,12.817965084276253,7.92092199108005,13.841588285073314,14.840825665607582,12.863865574898412,12.420313188289555,"|0,0>","|1,0>","|2,0>","|0,1>","|2,1>","|1,1>","|1,2>","|3,0>","|0,2>","|3,1>","|5,0>","|4,0>"
6.922,2.0,0.26393,11.487602012604722,0.5,-0.32999999999999996,-0.3310216691022134,-0.0008726016213671528,0.0008726016213671528,0.0,3.011334867274485,5.691648065446756,6.921894370239713,9.93235663589283,13.843823429436924,0.0,3.011334867274485,5.691648065446756,6.920965847831837,9.38728779796395,9.93235663589283,13.11348513076355,8.172852049545412,13.841925332708584,15.09267706143821,13.173638473756796,12.60869325484282,"|0,0>","|1,0>","|2,0>","|0,1>","|2,1>","|1,1>","|1,2>","|3,0>","|0,2>","|3,1>","|5,0>","|4,0>"
6.922,2.0,0.26393,11.487602012604722,0.5,-0.32,-0.3236707340858942,-0.0007407624270570068,0.0007407624270570068,0.0,3.09665451449942,5.869638294912946,6.921894370239713,10.017808122312076,13.843823429436924,0.0,3.09665451449942,5.869638294912946,6.921145263096534,9.768421208803247,10.017808122312076,13.484179441346583,8.416835584199177,13.84228755225162,15.336578862943526,13.406153652159858,12.78719026025334,"|0,0>","|1,0>","|2,0>","|0,1>","|2,1>","|1,1>","|1,2>","|3,0>","|0,2>","|3,1>","|5,0>","|4,0>"
6.922,2.0,0.26393,11.487602012604722,0.5,-0.31,-0.3177397480942261,-0.0006004271736230749,0.0006004271736230749,0.0,3.1782484621620313,6.038757176229836,6.921894370239713,10.09954240522812,13.843823429436924,0.0,3.1782484621620313,6.038757176229836,6.921346078161534,10.13890791619258,10.09954240522812,13.79495504177946,8.652684317423663,13.842729813470442,15.572340510081048,13.695261415109002,12.956660344987739,"|0,0>","|1,0>","|2,0>","|0,1>","|2,1>","|1,1>","|1,2>","|3,0>","|0,2>","|3,1>","|5,0>","|4,0>"
6.922,2.0,0.26393,11.487602012604722,0.5,-0.3,-0.3129321575026296,-0.00044941658867969636,0.00044941658867969636,0.0,3.2562891217394707,6.199646085976312,6.921894370239713,10.177734075390504,13.843823429436924,0.0,3.2562891217394707,6.199646085976312,6.921583641126233,10.497565644010848,10.177734075390504,14.105577971795782,8.88028135396425,13.843149047074803,15.799842113902642,13.980131477186916,13.117772226982993,"|0,0>","|1,0>","|2,0>","|0,1>","|2,1>","|1,1>","|1,2>","|3,0>","|0,2>","|3,1>","|5,0>","|4,0>"
6.922,2.0,0.26393,11.487602012604722,0.5,-0.29000000000000004,-0.3090401644254541,-0.00028449014976672515,0.00028449014976672515,0.0,3.3309278034289633,6.3528154424324725,6.921894370239713,10.25253768351891,13.843823429436924,0.0,3.3309278034289633,6.3528154424324725,6.921886876505695,10.843481670381522,10.25253768351891,14.415323149284148,9.099565714528651,13.843757557448583,16.019018672966723,14.260121701920184,13.271034781291561,"|0,0>","|1,0>","|2,0>","|0,1>","|2,1>","|1,1>","|1,2>","|3,0>","|0,2>","|3,1>","|5,0>","|4,0>"
6.922,2.0,0.26393,11.487602012604722,0.5,-0.28,-0.30594811498468744,-0.00010079129546625154,0.00010079129546625154,0.0,3.4022975161098117,6.498646917234936,6.921894370239713,10.324091095054058,13.843823429436924,0.0,3.4022975161098117,6.498646917234936,6.9223199991390345,11.175986771506231,10.324091095054058,14.72362143306654,9.31051902502739,13.844617291414224,16.229846229797232,14.534626954733142,13.416785994285078,"|0,0>","|1,0>","|2,0>","|0,1>","|2,1>","|1,1>","|1,2>","|3,0>","|0,2>","|3,1>","|5,0>","|4,0>"
6.922,2.0,0.26393,11.487602012604722,0.5,-0.27,-0.30369773652986964,0.0001091382489590842,0.0001091382489590842,0.0,3.470515409162985,6.6373330817961005,6.921894370239713,10.392518917651657,13.843823429436924,0.0,3.470515409162985,6.6373330817961005,6.923061842638646,11.494629506390865,10.392518917651657,14.803080763182706,9.513153906683328,13.84607318031199,16.43232932770269,15.0297711655179,13.555066404849583,"|0,0>","|1,0>","|2,0>","|0,1>","|2,1>","|1,1>","|1,2>","|3,0>","|0,2>","|3,1>","|5,0>","|4,0>"
6.922,2.0,0.26393,11.487602012604722,0.5,-0.26,-0.3029311494555884,0.00035720524209637006,0.00035720524209637006,0.0,3.535684880296671,6.7684386111377535,6.921894370239713,10.45793645577848,13.843823429436924,0.0,3.535684880296671,6.7684386111377535,6.924859521778217,11.799149540672033,10.45793645577848,15.064956337666544,9.707503387577034,13.849488589753477,16.626488697342396,15.333009500190869,13.684832921703617,"|0,0>","|1,0>","|2,0>","|0,1>","|2,1>","|1,1>","|1,2>","|3,0>","|0,2>","|3,1>","|5,0>","|4,0>"
6.922,2.0,0.26393,11.487602012604722,0.5,-0.25,-0.2594891162176225,0.0006634800869420587,0.0006634800869420587,0.0,3.597897384606796,6.936305652995969,6.921894370239713,10.52045523493345,13.843823429436924,0.0,3.597897384606796,6.936305652995969,6.883634655236591,12.089449643592701,10.52045523493345,15.319766930247042,9.893610085737564,13.794935205192672,16.8123470292621,15.632520728108446,13.86628352874743,"|0,0>","|1,0>","|2,0>","|0,1>","|2,1>","|1,1>","|1,2>","|3,0>","|0,2>","|3,1>","|5,0>","|4,0>"
6.922,2.0,0.26393,11.487602012604722,0.5,-0.24,-0.28974856579162633,0.0010644042044276603,0.0010644042044276603,0.0,3.6572339827601468,7.024719399728667,6.921894370239713,10.580192757204287,13.843823429436924,0.0,3.6572339827601468,7.024719399728667,6.915826832589289,12.365566852011668,10.580192757204287,15.567065564885695,10.071512308096942,13.832077472119792,16.98990772845079,15.927450772859757,13.949982859662384,"|0,0>","|1,0>","|2,0>","|0,1>","|2,1>","|1,1>","|1,2>","|3,0>","|0,2>","|3,1>","|5,0>","|4,0>"
6.922,2.0,0.26393,11.487602012604722,0.5,-0.22999999999999998,-0.29097426139563254,0.0016333511751298602,0.0016333511751298602,0.0,3.7137666645889595,7.1365590677822865,6.921894370239713,10.637294386003802,13.843823429436924,0.0,3.7137666645889595,7.1365590677822865,6.918749705282394,12.627643862057184,10.637294386003802,15.806444207302349,10.241218987213003,13.837552579223782,17.159112197814082,16.21692444095794,14.059489825456012,"|0,0>","|1,0>","|2,0>","|0,1>","|2,1>","|1,1>","|1,2>","|3,0>","|0,2>","|3,1>","|5,0>","|4,0>"
6.922,2.0,0.26393,11.487602012604722,0.5,-0.21999999999999997,-0.2904281748304527,0.002542105826506713,0.002542105826506713,0.0,3.767559481012043,7.244690787193633,6.921894370239713,10.691995957078262,13.843823429436924,0.0,3.767559481012043,7.244690787193633,6.919703656614402,12.875901904919502,10.691995957078262,16.500063329086615,10.402644694133997,13.839430961252106,17.31972590697977,16.037532461683142,14.166903019227846,"|0,0>","|1,0>","|2,0>","|0,1>","|2,1>","|1,1>","|1,2>","|3,0>","|0,2>","|3,1>","|5,0>","|4,0>"
6.922,2.0,0.26393,11.487602012604722,0.5,-0.21000000000000002,-0.289589214081289,0.004301236995843283,0.004301236995843283,0.0,3.8186695130930843,7.34774981210488,6.921894370239713,10.74486512032864,13.843823429436924,0.0,3.8186695130930843,7.34774981210488,6.92019799107932,13.110616228979737,10.74486512032864,16.776002708786777,10.555366575762477,13.840414969944774,17.470933751977,16.25999588868369,14.269666696046471,"|0,0>","|1,0>","|2,0>","|0,1>","|2,1>","|1,1>","|1,2>","|3,0>","|0,2>","|3,1>","|5,0>","|4,0>"
6.922,2.0,0.26393,11.487602012604722,0.5,-0.2,-0.2887143875080085,0.009232771448694166,0.009232771448694166,0.0,3.867147703070458,7.445581018632907,6.921894370239713,10.798274844758865,13.843823429436924,0.0,3.867147703070458,7.445581018632907,6.920513943972566,13.332094948980483,10.798274844758865,17.043906198690834,10.697149655636224,13.841046976340621,17.609322773569417,16.473534038220407,14.367366405734401,"|0,0>","|1,0>","|2,0>","|0,1>","|2,1>","|1,1>","|1,2>","|3,0>","|0,2>","|3,1>","|5,0>","|4,0>"
6.922,2.0,0.26393,11.487602012604722,0.5,-0.19,-0.28787405560967727,-0.02498796336686837,0.02498796336686837,0.0,3.9130395684009756,7.538205081192274,6.921894370239713,10.80994597527382,13.843823429436924,0.0,3.9130395684009756,7.538205081192274,6.92074132265617,13.540661459931755,10.80994597527382,17.3029775514579,10.870403499096042,13.841503836064177,17.71869790391503,16.677878284156108,14.459937752535467,"|0,0>","|1,0>","|2,0>","|0,1>","|2,1>","|1,1>","|1,2>","|3,0>","|0,2>","|3,1>","|5,0>","|4,0>"
6.922,2.0,0.26393,11.487602012604722,0.5,-0.18,-0.28708992311024417,-0.008515516262320943,0.008515516262320943,0.0,3.9563858166041257,7.625681710098007,6.921894370239713,10.869764670581517,13.843823429436924,0.0,3.9563858166041257,7.625681710098007,6.920917549918045,13.736637751570385,10.869764670581517,17.55246934026256,10.985364320517547,13.841863561452868,17.784026333764174,16.87278953847857,14.547405262866263,"|0,0>","|1,0>","|2,0>","|0,1>","|2,1>","|1,1>","|1,2>","|3,0>","|0,2>","|3,1>","|5,0>","|4,0>"
6.922,2.0,0.26393,11.487602012604722,0.5,-0.16999999999999998,-0.2863675306510345,-0.004965926692577227,0.004965926692577227,0.0,3.9972228758146855,7.7080782209783365,6.921894370239713,10.914151319361821,13.843823429436924,0.0,3.9972228758146855,7.7080782209783365,6.921060955269155,13.920374481565645,10.914151319361821,17.791688674369937,11.105725858544943,13.842129850694633,17.831265307286998,17.058055911205543,14.62981968233521,"|0,0>","|1,0>","|2,0>","|0,1>","|2,1>","|1,1>","|1,2>","|3,0>","|0,2>","|3,1>","|5,0>","|4,0>"
6.922,2.0,0.26393,11.487602012604722,0.5,-0.15999999999999998,-0.2857064208082676,-0.003540802864279158,0.003540802864279158,0.0,4.0355833535448795,7.7854602862814914,6.921894370239713,10.953936920920313,13.843823429436924,0.0,4.0355833535448795,7.7854602862814914,6.921181552437105,14.092116029442337,10.953936920920313,17.87236926480172,11.220762970279694,13.842381083709071,18.020000291617322,17.233490370255993,14.707238493353529,"|0,0>","|1,0>","|2,0>","|0,1>","|2,1>","|1,1>","|1,2>","|3,0>","|0,2>","|3,1>","|5,0>","|4,0>"
6.922,2.0,0.26393,11.487602012604722,0.5,-0.14999999999999997,-0.2851038887791475,-0.0027704139095163782,0.0027704139095163782,0.0,4.071496434121173,7.857888979463198,6.921894370239713,10.990620390451369,13.843823429436924,0.0,4.071496434121173,7.857888979463198,6.921285260358971,14.252182978166545,10.990620390451369,17.90979535899548,11.329074433888238,13.842591452577452,18.236827482042656,17.398928443029547,14.779719066043967,"|0,0>","|1,0>","|2,0>","|0,1>","|2,1>","|1,1>","|1,2>","|3,0>","|0,2>","|3,1>","|5,0>","|4,0>"
6.922,2.0,0.26393,11.487602012604722,0.5,-0.14,-0.2845565068076894,-0.002283375540244492,0.002283375540244492,0.0,4.104988223530725,7.925419940253761,6.921894370239713,11.024599218230193,13.843823429436924,0.0,4.104988223530725,7.925419940253761,6.9213757913323946,14.400829339930937,11.024599218230193,17.944251953752172,11.430352490108305,13.842774541053743,18.352193909028273,17.55422598646973,14.847316324937566,"|0,0>","|1,0>","|2,0>","|0,1>","|2,1>","|1,1>","|1,2>","|3,0>","|0,2>","|3,1>","|5,0>","|4,0>"
6.922,2.0,0.26393,11.487602012604722,0.5,-0.13,-0.28406077351898773,-0.0019449414976264734,0.0019449414976264734,0.0,4.136082049029298,7.988103324539608,6.921894370239713,11.056031477771384,13.843823429436924,0.0,4.136082049029298,7.988103324539608,6.921455583279098,14.538290151031475,11.056031477771384,17.976019489502974,11.524521096283408,13.842935812579455,18.4459893778607,17.69925702486121,14.910082399696861,"|0,0>","|1,0>","|2,0>","|0,1>","|2,1>","|1,1>","|1,2>","|3,0>","|0,2>","|3,1>","|5,0>","|4,0>"
6.922,2.0,0.26393,11.487602012604722,0.5,-0.12,-0.2836133894875843,-0.0016948226610935535,0.0016948226610935535,0.0,4.164798719627413,8.045984049767242,6.921894370239713,11.084998267206032,13.843823429436924,0.0,4.164798719627413,8.045984049767242,6.9215262966257,14.664775027667062,11.084998267206032,18.005236211902243,11.611573784250297,13.843078734640201,18.53274353631437,17.833911536356368,14.968067557678765,"|0,0>","|1,0>","|2,0>","|0,1>","|2,1>","|1,1>","|1,2>","|3,0>","|0,2>","|3,1>","|5,0>","|4,0>"
6.922,2.0,0.26393,11.487602012604722,0.5,-0.10999999999999999,-0.28321136471993213,-0.0015021086149715757,0.0015021086149715757,0.0,4.191156752603092,8.099102140486252,6.921894370239713,11.111549014227833,13.843823429436924,0.0,4.191156752603092,8.099102140486252,6.921589095784995,14.780465920046268,11.111549014227833,18.031983792403437,11.691528673009529,13.843205686260191,18.61244512755266,17.958091739035567,15.021322725268078,"|0,0>","|1,0>","|2,0>","|0,1>","|2,1>","|1,1>","|1,2>","|3,0>","|0,2>","|3,1>","|5,0>","|4,0>"
6.922,2.0,0.26393,11.487602012604722,0.5,-0.09999999999999998,-0.28285204879315984,-0.0013493653089682311,0.0013493653089682311,0.0,4.215172570388617,8.147493091984074,6.921894370239713,11.135717575319362,13.843823429436924,0.0,4.215172570388617,8.147493091984074,6.921644816797681,14.885512316221764,11.135717575319362,18.056257711924616,11.764412691439802,13.843318359051864,18.68510487763338,18.071770422038995,15.069905397932146,"|0,0>","|1,0>","|2,0>","|0,1>","|2,1>","|1,1>","|1,2>","|3,0>","|0,2>","|3,1>","|5,0>","|4,0>"
6.922,2.0,0.26393,11.487602012604722,0.5,-0.08999999999999997,-0.2825331257607644,-0.0012260454532935228,0.0012260454532935228,0.0,4.23686067141422,8.191188217067676,6.921894370239713,11.15752899620064,13.843823429436924,0.0,4.23686067141422,8.191188217067676,6.921694071379619,14.980017053356846,11.15752899620064,18.078225458020555,11.830255133424444,13.84341798402275,18.75074303404344,18.174744063734494,15.113895272192366,"|0,0>","|1,0>","|2,0>","|0,1>","|2,1>","|1,1>","|1,2>","|3,0>","|0,2>","|3,1>","|5,0>","|4,0>"
6.922,2.0,0.26393,11.487602012604722,0.5,-0.08000000000000002,-0.28225259409312287,-0.0011254206671083011,0.0011254206671083011,0.0,4.2562337779984745,8.230214961903826,6.921894370239713,11.177002727571079,13.843823429436924,0.0,4.2562337779984745,8.230214961903826,6.921737313777513,15.063986617421165,11.177002727571079,18.097802772927835,11.889084743603107,13.843505472005788,18.809383648172286,18.267061296247633,15.153445504547335,"|0,0>","|1,0>","|2,0>","|0,1>","|2,1>","|1,1>","|1,2>","|3,0>","|0,2>","|3,1>","|5,0>","|4,0>"
6.922,2.0,0.26393,11.487602012604722,0.5,-0.07,-0.28200874152227584,-0.0010430214332330934,0.0010430214332330934,0.0,4.273302963808945,8.264597186095614,6.921894370239713,11.194154312615424,13.843823429436924,0.0,4.273302963808945,8.264597186095614,6.921774885004439,15.137100388303452,11.194154312615424,18.115038045423645,11.940928311564363,13.843581504925893,18.86105174967372,18.348640466069995,15.189015016255993,"|0,0>","|1,0>","|2,0>","|0,1>","|2,1>","|1,1>","|1,2>","|3,0>","|0,2>","|3,1>","|5,0>","|4,0>"
6.922,2.0,0.26393,11.487602012604722,0.5,-0.06,-0.281800119575891,-0.0009757871670501572,0.0009757871670501572,0.0,4.288077763042722,8.294355406509553,6.921894370239713,11.208996346115384,13.843823429436924,0.0,4.288077763042722,8.294355406509553,6.921807042815757,15.197081744503123,11.208996346115384,18.129948118057087,11.98580997064633,13.843646597075164,18.90577184458364,18.41943457804615,15.222998853554273,"|0,0>","|1,0>","|2,0>","|0,1>","|2,1>","|1,1>","|1,2>","|3,0>","|0,2>","|3,1>","|5,0>","|4,0>"
6.922,2.0,0.26393,11.487602012604722,0.5,-0.04999999999999999,-0.2816255200935984,-0.0009215771582375964,0.0009215771582375964,0.0,4.3005662630974655,8.319507006101333,6.921894370239713,11.22153905617894,13.843823429436924,0.0,4.3005662630974655,8.319507006101333,6.921833982412849,15.235517156903171,11.22153905617894,18.142545614879253,12.023750847425518,13.843701137195552,18.943567021721492,18.479404223812693,15.263910427175233,"|0,0>","|1,0>","|2,0>","|0,1>","|2,1>","|1,1>","|1,2>","|3,0>","|0,2>","|3,1>","|5,0>","|4,0>"
6.922,2.0,0.26393,11.487602012604722,0.5,-0.03999999999999998,-0.28148395469135323,-0.0008788767648297835,0.0008788767648297835,0.0,4.310775182223807,8.340066409756261,6.921894370239713,11.23179067569869,13.843823429436924,0.0,4.310775182223807,8.340066409756261,6.921855850958536,15.258866418139661,11.23179067569869,18.152840366283456,12.054768892927328,13.84374541786434,18.97445831009118,18.528516266762068,15.305372457461644,"|0,0>","|1,0>","|2,0>","|0,1>","|2,1>","|1,1>","|1,2>","|3,0>","|0,2>","|3,1>","|5,0>","|4,0>"
6.922,2.0,0.26393,11.487602012604722,0.5,-0.02999999999999997,-0.2813746375407504,-0.0008466151543160549,0.0008466151543160549,0.0,4.318709933343428,8.356045229146105,6.921894370239713,11.239757688428824,13.843823429436924,0.0,4.318709933343428,8.356045229146105,6.921872757798553,15.275717243730199,11.239757688428824,18.16083995982447,12.078878809311746,13.843779656164173,18.998464105183345,18.566743428697762,15.338863374086074,"|0,0>","|1,0>","|2,0>","|0,1>","|2,1>","|1,1>","|1,2>","|3,0>","|0,2>","|3,1>","|5,0>","|4,0>"
6.922,2.0,0.26393,11.487602012604722,0.5,-0.020000000000000018,-0.28129697148042965,-0.0008240499912091082,0.0008240499912091082,0.0,4.324374675026618,8.367452378572807,6.921894370239713,11.245444995275122,13.843823429436924,0.0,4.324374675026618,8.367452378572807,6.92188478165734,15.287501179164138,11.245444995275122,18.166550053437902,12.096092025662628,13.84380400819812,19.01559958952774,18.594064209416587,15.36300222921787,"|0,0>","|1,0>","|2,0>","|0,1>","|2,1>","|1,1>","|1,2>","|3,0>","|0,2>","|3,1>","|5,0>","|4,0>"
6.922,2.0,0.26393,11.487602012604722,0.5,-0.010000000000000009,-0.2812505374191261,-0.0008106944292336493,0.0008106944292336493,0.0,4.32777235038202,8.374294163344913,6.921894370239713,11.248856026192499,13.843823429436924,0.0,4.32777235038202,8.374294163344913,6.9218919755962816,15.294514398307456,11.248856026192499,18.169974570836217,12.106416696936662,13.843818579079695,19.02587615242075,18.610463008396152,15.37752853633853,"|0,0>","|1,0>","|2,0>","|0,1>","|2,1>","|1,1>","|1,2>","|3,0>","|0,2>","|3,1>","|5,0>","|4,0>"
6.922,2.0,0.26393,11.487602012604722,0.5,0.0,-0.281235086845939,-0.0008062723972273034,0.0008062723972273034,0.0,4.328904714431033,8.376574342016127,6.921894370239713,11.249992812273518,13.843823429436924,0.0,4.328904714431033,8.376574342016127,6.921894370239713,15.296845017775581,11.249992812273518,18.1711158222884,12.10985771122408,13.843823429436924,19.029300872261572,18.61593033725525,15.38237540999964,"|0,0>","|1,0>","|2,0>","|0,1>","|2,1>","|1,1>","|1,2>","|3,0>","|0,2>","|3,1>","|5,0>","|4,0>"
6.922,2.0,0.26393,11.487602012604722,0.5,0.010000000000000009,-0.2812505374186145,-0.0008106944281109918,0.0008106944281109918,0.0,4.327772350382219,8.374294163345823,6.921894370239713,11.24885602619382,13.843823429436924,0.0,4.327772350382219,8.374294163345823,6.921891975597134,15.29451439830828,11.24885602619382,18.169974570837113,12.106416696937742,13.843818579080889,19.02587615242213,18.61046300839665,15.377528536339227,"|0,0>","|1,0>","|2,0>","|0,1>","|2,1>","|1,1>","|1,2>","|3,0>","|0,2>","|3,1>","|5,0>","|4,0>"
6.922,2.0,0.26393,11.487602012604722,0.5,0.020000000000000018,-0.28129697148042965,-0.0008240499920333377,0.0008240499920333377,0.0,4.3243746750275704,8.367452378574711,6.921894370239713,11.24544499527525,13.843823429436924,0.0,4.3243746750275704,8.367452378574711,6.921884781658619,15.287501179165503,11.24544499527525,18.16655005343857,12.096092025663694,13.843804008199882,19.015599589528847,18.594064209417738,15.363002229219347,"|0,0>","|1,0>","|2,0>","|0,1>","|2,1>","|1,1>","|1,2>","|3,0>","|0,2>","|3,1>","|5,0>","|4,0>"
6.922,2.0,0.26393,11.487602012604722,0.5,0.030000000000000027,-0.2813746375406936,-0.0008466151542876332,0.0008466151542876332,0.0,4.318709933344408,8.356045229148123,6.921894370239713,11.239757688429833,13.843823429436924,0.0,4.318709933344408,8.356045229148123,6.921872757799292,15.275717243731762,11.239757688429833,18.160839959826205,12.07887880931193,13.84377965616531,18.99846410518542,18.566743428699056,15.338863374087595,"|0,0>","|1,0>","|2,0>","|0,1>","|2,1>","|1,1>","|1,2>","|3,0>","|0,2>","|3,1>","|5,0>","|4,0>"
6.922,2.0,0.26393,11.487602012604722,0.5,0.040000000000000036,-0.2814839546905574,-0.000878876764687675,0.000878876764687675,0.0,4.310775182224049,8.34006640975754,6.921894370239713,11.231790675699074,13.843823429436924,0.0,4.310775182224049,8.34006640975754,6.921855850958806,15.258866418140514,11.231790675699074,18.15284036628414,12.054768892928408,13.843745417864938,18.97445831009088,18.528516266762907,15.305372457462994,"|0,0>","|1,0>","|2,0>","|0,1>","|2,1>","|1,1>","|1,2>","|3,0>","|0,2>","|3,1>","|5,0>","|4,0>"
6.922,2.0,0.26393,11.487602012604722,0.5,0.050000000000000044,-0.2816255200908131,-0.0009215771566601916,0.0009215771566601916,0.0,4.300566263096513,8.319507006102214,6.921894370239713,11.221539056179566,13.843823429436924,0.0,4.300566263096513,8.319507006102214,6.921833982412608,15.235517156903697,11.221539056179566,18.142545614878955,12.023750847425617,13.843701137195566,18.94356702172324,18.479404223813177,15.263910427176029,"|0,0>","|1,0>","|2,0>","|0,1>","|2,1>","|1,1>","|1,2>","|3,0>","|0,2>","|3,1>","|5,0>","|4,0>"
6.922,2.0,0.26393,11.487602012604722,0.5,0.06000000000000005,-0.28180011957636,-0.0009757871666522533,0.0009757871666522533,0.0,4.28807776304275,8.29435540650914,6.921894370239713,11.20899634611581,13.843823429436924,0.0,4.28807776304275,8.29435540650914,6.921807042814493,15.19708174450328,11.20899634611581,18.12994811805686,11.985809970646045,13.843646597076045,18.905771844584365,18.419434578046108,15.222998853553833,"|0,0>","|1,0>","|2,0>","|0,1>","|2,1>","|1,1>","|1,2>","|3,0>","|0,2>","|3,1>","|5,0>","|4,0>"
6.922,2.0,0.26393,11.487602012604722,0.5,0.07000000000000006,-0.2820087415225032,-0.0010430214326078158,0.0010430214326078158,0.0,4.273302963809186,8.26459718609587,6.921894370239713,11.194154312616291,13.843823429436924,0.0,4.273302963809186,8.26459718609587,6.921774885004211,15.137100388302528,11.194154312616291,18.115038045423177,11.940928311564406,13.843581504925808,18.861051749674758,18.348640466069597,15.189015016254302,"|0,0>","|1,0>","|2,0>","|0,1>","|2,1>","|1,1>","|1,2>","|3,0>","|0,2>","|3,1>","|5,0>","|4,0>"
6.922,2.0,0.26393,11.487602012604722,0.5,0.07999999999999996,-0.2822525940927392,-0.001125420667023036,0.001125420667023036,0.0,4.256233777997508,8.230214961902277,6.921894370239713,11.177002727570198,13.843823429436924,0.0,4.256233777997508,8.230214961902277,6.921737313776262,15.063986617420397,11.177002727570198,18.097802772927622,11.88908474360207,13.843505472003926,18.809383648171604,18.267061296246865,15.153445504546028,"|0,0>","|1,0>","|2,0>","|0,1>","|2,1>","|1,1>","|1,2>","|3,0>","|0,2>","|3,1>","|5,0>","|4,0>"
6.922,2.0,0.26393,11.487602012604722,0.5,0.08999999999999997,-0.28253312575900225,-0.0012260454513892682,0.0012260454513892682,0.0,4.2368606714136945,8.191188217068387,6.921894370239713,11.157528996202018,13.843823429436924,0.0,4.2368606714136945,8.191188217068387,6.921694071379619,14.980017053357514,11.157528996202018,18.07822545802192,11.830255133425837,13.843417984022992,18.750743034044305,18.174744063735076,15.113895272193048,"|0,0>","|1,0>","|2,0>","|0,1>","|2,1>","|1,1>","|1,2>","|3,0>","|0,2>","|3,1>","|5,0>","|4,0>"
6.922,2.0,0.26393,11.487602012604722,0.5,0.09999999999999998,-0.2828520487954336,-0.0013493653093519242,0.0013493653093519242,0.0,4.215172570389399,8.147493091983364,6.921894370239713,11.13571757531976,13.843823429436924,0.0,4.215172570389399,8.147493091983364,6.92164481679788,14.885512316221437,11.13571757531976,18.05625771192527,11.764412691439787,13.84331835905202,18.685104877632696,18.071770422038554,15.06990539793162,"|0,0>","|1,0>","|2,0>","|0,1>","|2,1>","|1,1>","|1,2>","|3,0>","|0,2>","|3,1>","|5,0>","|4,0>"
6.922,2.0,0.26393,11.487602012604722,0.5,0.10999999999999999,-0.2832113647219927,-0.0015021086159521246,0.0015021086159521246,0.0,4.191156752604357,8.099102140486721,6.921894370239713,11.111549014228117,13.843823429436924,0.0,4.191156752604357,8.099102140486721,6.921589095785066,14.780465920047149,11.111549014228117,18.031983792403494,11.691528673009657,13.84320568626039,18.612445127553087,17.95809173903679,15.021322725268561,"|0,0>","|1,0>","|2,0>","|0,1>","|2,1>","|1,1>","|1,2>","|3,0>","|0,2>","|3,1>","|5,0>","|4,0>"
6.922,2.0,0.26393,11.487602012604722,0.5,0.12,-0.28361338948765535,-0.0016948226617188311,0.0016948226617188311,0.0,4.164798719627001,8.045984049766346,6.921894370239713,11.084998267204995,13.843823429436924,0.0,4.164798719627001,8.045984049766346,6.921526296626055,14.664775027665684,11.084998267204995,18.00523621190146,11.6115737842495,13.843078734639334,18.53274353631339,17.833911536356695,14.968067557677202,"|0,0>","|1,0>","|2,0>","|0,1>","|2,1>","|1,1>","|1,2>","|3,0>","|0,2>","|3,1>","|5,0>","|4,0>"
6.922,2.0,0.26393,11.487602012604722,0.5,0.13,-0.28406077351952774,-0.001944941496788033,0.001944941496788033,0.0,4.136082049030264,7.988103324541001,6.921894370239713,11.056031477773189,13.843823429436924,0.0,4.136082049030264,7.988103324541001,6.921455583279766,14.53829015103149,11.056031477773189,17.976019489503358,11.524521096284687,13.842935812580237,18.445989377862418,17.699257024863428,14.910082399697032,"|0,0>","|1,0>","|2,0>","|0,1>","|2,1>","|1,1>","|1,2>","|3,0>","|0,2>","|3,1>","|5,0>","|4,0>"
6.922,2.0,0.26393,11.487602012604722,0.5,0.14,-0.28455650680712097,-0.00228337554054292,0.00228337554054292,0.0,4.10498822352983,7.925419940252539,6.921894370239713,11.024599218229,13.843823429436924,0.0,4.10498822352983,7.925419940252539,6.921375791331016,14.400829339929018,11.024599218229,17.944251953751177,11.430352490106884,13.84277454105218,18.35219390902958,17.554225986470158,14.847316324935221,"|0,0>","|1,0>","|2,0>","|0,1>","|2,1>","|1,1>","|1,2>","|3,0>","|0,2>","|3,1>","|5,0>","|4,0>"
6.922,2.0,0.26393,11.487602012604722,0.5,0.15000000000000002,-0.28510388877766957,-0.002770413908862679,0.002770413908862679,0.0,4.07149643412059,7.85788897946351,6.921894370239713,10.99062039045144,13.843823429436924,0.0,4.07149643412059,7.85788897946351,6.921285260359923,14.252182978164726,10.99062039045144,17.9097953589944,11.3290744338872,13.842591452578048,18.236827482042088,17.3989284430301,14.779719066041821,"|0,0>","|1,0>","|2,0>","|0,1>","|2,1>","|1,1>","|1,2>","|3,0>","|0,2>","|3,1>","|5,0>","|4,0>"
6.922,2.0,0.26393,11.487602012604722,0.5,0.16000000000000003,-0.28570642080833863,-0.0035408028641370493,0.0035408028641370493,0.0,4.035583353545519,7.785460286282699,6.921894370239713,10.953936920921095,13.843823429436924,0.0,4.035583353545519,7.785460286282699,6.921181552438483,14.092116029442806,10.953936920921095,17.872369264804007,11.220762970280546,13.842381083710734,18.020000291618615,17.23349037025811,14.707238493352364,"|0,0>","|1,0>","|2,0>","|0,1>","|2,1>","|1,1>","|1,2>","|3,0>","|0,2>","|3,1>","|5,0>","|4,0>"
6.922,2.0,0.26393,11.487602012604722,0.5,0.17000000000000004,-0.2863675306493576,-0.0049659266934298785,0.0049659266934298785,0.0,3.997222875813904,7.70807822097845,6.921894370239713,10.914151319360187,13.843823429436924,0.0,3.997222875813904,7.70807822097845,6.921060955268331,13.920374481565304,10.914151319360187,17.791688674370562,11.105725858544005,13.842129850693851,17.831265307287083,17.058055911204576,14.629819682334329,"|0,0>","|1,0>","|2,0>","|0,1>","|2,1>","|1,1>","|1,2>","|3,0>","|0,2>","|3,1>","|5,0>","|4,0>"
6.922,2.0,0.26393,11.487602012604722,0.5,0.18000000000000005,-0.28708992310917836,-0.008515516262008305,0.008515516262008305,0.0,3.9563858166049215,7.625681710100665,6.921894370239713,10.869764670582626,13.843823429436924,0.0,3.9563858166049215,7.625681710100665,6.920917549919068,13.736637751572374,10.869764670582626,17.552469340264565,10.98536432051776,13.841863561454957,17.78402633376666,16.872789538480873,14.547405262867684,"|0,0>","|1,0>","|2,0>","|0,1>","|2,1>","|1,1>","|1,2>","|3,0>","|0,2>","|3,1>","|5,0>","|4,0>"
6.922,2.0,0.26393,11.487602012604722,0.5,0.19000000000000006,-0.28787405560950674,-0.024987963365802557,0.024987963365802557,0.0,3.9130395684005777,7.538205081191649,6.921894370239713,10.809945975274488,13.843823429436924,0.0,3.9130395684005777,7.538205081191649,6.920741322657435,13.540661459931513,10.809945975274488,17.30297755145773,10.870403499095161,13.841503836064604,17.718697903914816,16.677878284156066,14.459937752536362,"|0,0>","|1,0>","|2,0>","|0,1>","|2,1>","|1,1>","|1,2>","|3,0>","|0,2>","|3,1>","|5,0>","|4,0>"
6.922,2.0,0.26393,11.487602012604722,0.5,0.20000000000000007,-0.28871438750663003,0.00923277144708834,0.00923277144708834,0.0,3.8671477030693495,7.445581018632069,6.921894370239713,10.79827484475615,13.843823429436924,0.0,3.8671477030693495,7.445581018632069,6.920513943972068,13.332094948979105,10.79827484475615,17.043906198688276,10.69714965563476,13.84104697633991,17.60932277356561,16.47353403821718,14.367366405732966,"|0,0>","|1,0>","|2,0>","|0,1>","|2,1>","|1,1>","|1,2>","|3,0>","|0,2>","|3,1>","|5,0>","|4,0>"
6.922,2.0,0.26393,11.487602012604722,0.5,0.20999999999999996,-0.2895892140826817,0.004301236994052715,0.004301236994052715,0.0,3.8186695130940365,7.347749812105391,6.921894370239713,10.744865120327802,13.843823429436924,0.0,3.8186695130940365,7.347749812105391,6.920197991080158,13.110616228979552,10.744865120327802,16.77600270878682,10.555366575761383,13.840414969945684,17.4709337519768,16.259995888684415,14.26966669604731,"|0,0>","|1,0>","|2,0>","|0,1>","|2,1>","|1,1>","|1,2>","|3,0>","|0,2>","|3,1>","|5,0>","|4,0>"
6.922,2.0,0.26393,11.487602012604722,0.5,0.21999999999999997,-0.29042817483090744,0.002542105827700425,0.002542105827700425,0.0,3.7675594810126256,7.244690787194344,6.921894370239713,10.691995957080039,13.843823429436924,0.0,3.7675594810126256,7.244690787194344,6.919703656615326,12.875901904920198,10.691995957080039,16.500063329084867,10.40264469413546,13.839430961252816,17.319725906979414,16.03753246168202,14.166903019228982,"|0,0>","|1,0>","|2,0>","|0,1>","|2,1>","|1,1>","|1,2>","|3,0>","|0,2>","|3,1>","|5,0>","|4,0>"
6.922,2.0,0.26393,11.487602012604722,0.5,0.22999999999999998,-0.2909742613962294,0.0016333511752009144,0.0016333511752009144,0.0,3.7137666645897696,7.13655906778331,6.921894370239713,10.637294386004683,13.843823429436924,0.0,3.7137666645897696,7.13655906778331,6.918749705282863,12.62764386205724,10.637294386004683,15.806444207301041,10.241218987212449,13.837552579224536,17.15911219781438,16.216924440957598,14.05948982545668,"|0,0>","|1,0>","|2,0>","|0,1>","|2,1>","|1,1>","|1,2>","|3,0>","|0,2>","|3,1>","|5,0>","|4,0>"
6.922,2.0,0.26393,11.487602012604722,0.5,0.24,-0.2897485657915695,0.0010644042054508418,0.0010644042054508418,0.0,3.657233982759692,7.024719399727815,6.921894370239713,10.580192757204856,13.843823429436924,0.0,3.657233982759692,7.024719399727815,6.915826832589175,12.365566852010303,10.580192757204856,15.567065564885183,10.07151230809734,13.832077472118783,16.98990772845032,15.927450772857895,13.949982859661716,"|0,0>","|1,0>","|2,0>","|0,1>","|2,1>","|1,1>","|1,2>","|3,0>","|0,2>","|3,1>","|5,0>","|4,0>"
6.922,2.0,0.26393,11.487602012604722,0.5,0.25,-0.25948911621561876,0.0006634800867146851,0.0006634800867146851,0.0,3.5978973846064406,6.936305652997262,6.921894370239713,10.520455234932868,13.843823429436924,0.0,3.5978973846064406,6.936305652997262,6.883634655235255,12.089449643591408,10.520455234932868,15.319766930246303,9.893610085737649,13.79493520519128,16.812347029261787,15.632520728107153,13.866283528747644,"|0,0>","|1,0>","|2,0>","|0,1>","|2,1>","|1,1>","|1,2>","|3,0>","|0,2>","|3,1>","|5,0>","|4,0>"
6.922,2.0,0.26393,11.487602012604722,0.5,0.26,-0.30293114945719424,0.00035720524303428647,0.00035720524303428647,0.0,3.5356848802966283,6.768438611136062,6.921894370239713,10.457936455779375,13.843823429436924,0.0,3.5356848802966283,6.768438611136062,6.924859521777918,11.79914954067172,10.457936455779375,15.06495633766589,9.707503387576622,13.8494885897545,16.626488697340918,15.333009500188851,13.684832921701968,"|0,0>","|1,0>","|2,0>","|0,1>","|2,1>","|1,1>","|1,2>","|3,0>","|0,2>","|3,1>","|5,0>","|4,0>"
6.922,2.0,0.26393,11.487602012604722,0.5,0.27,-0.30369773653082177,0.00010913824912961445,0.00010913824912961445,0.0,3.470515409162985,6.637333081795148,6.921894370239713,10.392518917651827,13.843823429436924,0.0,3.470515409162985,6.637333081795148,6.923061842638575,11.494629506390993,10.392518917651827,14.803080763182763,9.513153906683485,13.846073180312587,16.432329327703158,15.029771165516763,13.55506640484812,"|0,0>","|1,0>","|2,0>","|0,1>","|2,1>","|1,1>","|1,2>","|3,0>","|0,2>","|3,1>","|5,0>","|4,0>"
6.922,2.0,0.26393,11.487602012604722,0.5,0.28,-0.30594811498431795,-0.00010079129494044992,0.00010079129494044992,0.0,3.4022975161089164,6.498646917233515,6.921894370239713,10.324091095053689,13.843823429436924,0.0,3.4022975161089164,6.498646917233515,6.922319999137386,11.175986771505904,10.324091095053689,14.723621433064764,9.310519025027162,13.844617291413272,16.229846229794532,14.534626954732303,13.41678599428333,"|0,0>","|1,0>","|2,0>","|0,1>","|2,1>","|1,1>","|1,2>","|3,0>","|0,2>","|3,1>","|5,0>","|4,0>"
6.922,2.0,0.26393,11.487602012604722,0.5,0.29000000000000004,-0.30904016442548254,-0.00028449014854459165,0.00028449014854459165,0.0,3.330927803427798,6.3528154424301135,6.921894370239713,10.252537683518966,13.843823429436924,0.0,3.330927803427798,6.3528154424301135,6.921886876504843,10.84348167038138,10.252537683518966,14.415323149283324,9.09956571452814,13.843757557448214,16.01901867296361,14.260121701919644,13.271034781290467,"|0,0>","|1,0>","|2,0>","|0,1>","|2,1>","|1,1>","|1,2>","|3,0>","|0,2>","|3,1>","|5,0>","|4,0>"
6.922,2.0,0.26393,11.487602012604722,0.5,0.30000000000000004,-0.31293215750216063,-0.0004494165879407319,0.0004494165879407319,0.0,3.2562891217388596,6.199646085975559,6.921894370239713,10.177734075390632,13.843823429436924,0.0,3.2562891217388596,6.199646085975559,6.921583641124059,10.49756564401045,10.177734075390632,14.105577971795128,8.880281353964023,13.843149047074306,15.79984211390186,13.980131477185921,13.117772226982822,"|0,0>","|1,0>","|2,0>","|0,1>","|2,1>","|1,1>","|1,2>","|3,0>","|0,2>","|3,1>","|5,0>","|4,0>"
6.922,2.0,0.26393,11.487602012604722,0.5,0.31000000000000005,-0.31773974809439665,-0.0006004271727704236,0.0006004271727704236,0.0,3.178248462161619,6.038757176228842,6.921894370239713,10.099542405228561,13.843823429436924,0.0,3.178248462161619,6.038757176228842,6.921346078160326,10.138907916192665,10.099542405228561,13.794955041778636,8.652684317423748,13.842729813469802,15.572340510080693,13.695261415107268,12.956660344987895,"|0,0>","|1,0>","|2,0>","|0,1>","|2,1>","|1,1>","|1,2>","|3,0>","|0,2>","|3,1>","|5,0>","|4,0>"
6.922,2.0,0.26393,11.487602012604722,0.5,0.32000000000000006,-0.3236707340868463,-0.0007407624265312052,0.0007407624265312052,0.0,3.0966545144995763,5.869638294912306,6.921894370239713,10.017808122312758,13.843823429436924,0.0,3.0966545144995763,5.869638294912306,6.921145263095852,9.768421208803801,10.017808122312758,13.48417944134684,8.41683558419939,13.842287552251278,15.336578862942602,13.40615365215939,12.787190260254249,"|0,0>","|1,0>","|2,0>","|0,1>","|2,1>","|1,1>","|1,2>","|3,0>","|0,2>","|3,1>","|5,0>","|4,0>"
6.922,2.0,0.26393,11.487602012604722,0.5,0.33000000000000007,-0.331021669101915,-0.0008726016205571341,0.0008726016205571341,0.0,3.011334867273476,5.691648065445037,6.921894370239713,9.932356635892631,13.843823429436924,0.0,3.011334867273476,5.691648065445037,6.920965847830743,9.38728779796348,9.932356635892631,13.113485130761603,8.172852049544957,13.84192533270759,15.09267706143659,13.173638473755787,12.608693254841327,"|0,0>","|1,0>","|2,0>","|0,1>","|2,1>","|1,1>","|1,2>","|3,0>","|0,2>","|3,1>","|5,0>","|4,0>"
6.922,2.0,0.26393,11.487602012604722,0.5,0.33999999999999997,-0.3401931306336792,-0.0009973862684518053,0.0009973862684518053,0.0,2.9220928525499374,5.503992574466196,6.921894370239713,9.842989836521198,13.843823429436924,0.0,2.9220928525499374,5.503992574466196,6.9207981865888115,8.99698787760616,9.842989836521198,12.817965084276466,7.920921991080405,13.841588285073541,14.840825665608946,12.863865574899563,12.42031318829062,"|0,0>","|1,0>","|2,0>","|0,1>","|2,1>","|1,1>","|1,2>","|3,0>","|0,2>","|3,1>","|5,0>","|4,0>"
6.922,2.0,0.26393,11.487602012604722,0.5,0.35,-0.3517136191733954,-0.0011160113135986194,0.0011160113135986194,0.0,2.8287040952525615,5.305694571331728,6.921894370239713,9.749482454178676,13.843823429436924,0.0,2.8287040952525615,5.305694571331728,6.920634412591724,8.599332150183216,9.749482454178676,12.520332570245643,7.661323057077496,13.841259440820252,14.581304089416676,12.555381725979856,12.220950948701187,"|0,0>","|1,0>","|2,0>","|0,1>","|2,1>","|1,1>","|1,2>","|3,0>","|0,2>","|3,1>","|5,0>","|4,0>"
6.922,2.0,0.26393,11.487602012604722,0.5,0.36,-0.36626667287755765,-0.001228935732882519,0.001228935732882519,0.0,2.73091293723256,5.095559201587562,6.921894370239713,9.65157837173939,13.843823429436924,0.0,2.73091293723256,5.095559201587562,6.920464644862122,8.1964994766913,9.65157837173939,12.221354617707746,7.394443127168543,13.840918757397304,14.314501582046887,12.248811257099021,12.009169526624376,"|0,0>","|1,0>","|2,0>","|0,1>","|2,1>","|1,1>","|1,2>","|3,0>","|0,2>","|3,1>","|5,0>","|4,0>"
6.922,2.0,0.26393,11.487602012604722,0.5,0.37,-0.38471303607359175,-0.0013362410518027446,0.0013362410518027446,0.0,2.628429113911622,4.872145191749652,6.921894370239713,9.548987243099532,13.843823429436924,0.0,2.628429113911622,4.872145191749652,6.920267396033168,7.791079849306669,9.548987243099532,11.921825818787894,7.120804445517692,13.840523042639177,14.04094143358816,11.945043095588176,11.78302782539788,"|0,0>","|1,0>","|2,0>","|0,1>","|2,1>","|1,1>","|1,2>","|3,0>","|0,2>","|3,1>","|5,0>","|4,0>"
6.922,2.0,0.26393,11.487602012604722,0.5,0.38,-0.4080922192902676,-0.0014376547269705497,0.0014376547269705497,0.0,2.5209254430901353,4.633758666890003,6.921894370239713,9.441382158602877,13.843823429436924,0.0,2.5209254430901353,4.633758666890003,6.919954654853797,7.386148892295793,9.441382158602877,11.622570564140887,6.8410915663149865,13.839895530056197,13.761308958039493,11.645458782815027,11.539870847210594,"|0,0>","|1,0>","|2,0>","|0,1>","|2,1>","|1,1>","|1,2>","|3,0>","|0,2>","|3,1>","|5,0>","|4,0>"
6.922,2.0,0.26393,11.487602012604722,0.5,0.39,-0.43757623866416395,-0.0015325507783217063,0.0015325507783217063,0.0,2.4080379819857427,4.3784997253073215,6.921894370239713,9.328399801447134,13.843823429436924,0.0,2.4080379819857427,4.3784997253073215,6.917405980013683,6.987214429979332,9.328399801447134,11.324449680136965,6.556183944022834,13.834926160343514,13.476484091511978,11.35126867495994,11.277066190764998,"|0,0>","|1,0>","|2,0>","|0,1>","|2,1>","|1,1>","|1,2>","|3,0>","|0,2>","|3,1>","|5,0>","|4,0>"
6.922,2.0,0.26393,11.487602012604722,0.5,0.4,-0.4743369311577794,-0.0016199407204737781,0.0016199407204737781,0.0,2.289371379416295,4.10440582767481,6.921894370239713,9.209645808935534,13.843823429436924,0.0,2.289371379416295,4.10440582767481,6.920703971585425,6.589886050595879,9.209645808935534,11.028374155053967,6.267194582946161,13.508684751144884,13.187580021050564,11.059230756843817,10.996458352434814,"|0,0>","|1,0>","|2,0>","|0,1>","|2,1>","|1,1>","|1,2>","|3,0>","|0,2>","|3,1>","|5,0>","|4,0>"
6.922,2.0,0.26393,11.487602012604722,0.5,0.41000000000000003,-0.5192897605551678,-0.0016984739901602097,0.0016984739901602097,0.0,2.1645144914561314,3.809739222357095,6.921894370239713,9.084710387705684,13.843823429436924,0.0,2.1645144914561314,3.809739222357095,6.920283448734949,6.2075203134310755,9.084710387705684,10.735330338447525,5.975517347258261,12.895990443669405,13.126902875600251,10.76187888858668,10.704464796060677,"|0,0>","|1,0>","|2,0>","|0,1>","|2,1>","|1,1>","|1,2>","|3,0>","|0,2>","|3,1>","|5,0>","|4,0>"
6.922,2.0,0.26393,11.487602012604722,0.5,0.42000000000000004,-0.5727125315548989,-0.0017664800487580123,0.0017664800487580123,0.0,2.033075737145282,3.493438942735665,6.921894370239713,8.953203627336237,13.843823429436924,0.0,2.033075737145282,3.493438942735665,6.920084390093379,5.839753219956364,8.953203627336237,10.39937831655864,5.682888090291456,12.603450613678646,12.759509979327817,10.446424344995705,10.460723276097013,"|0,0>","|1,0>","|2,0>","|0,1>","|2,1>","|1,1>","|1,2>","|3,0>","|0,2>","|3,1>","|5,0>","|4,0>"
6.922,2.0,0.26393,11.487602012604722,0.5,0.43000000000000005,-0.6338172898306738,-0.0018221036853987016,0.0018221036853987016,0.0,1.894756284308997,3.15569527878732,6.921894370239713,8.81482855086331,13.843823429436924,0.0,1.894756284308997,3.15569527878732,6.919936810829469,5.489777399862604,8.81482855086331,10.069779504376086,5.39147062654088,12.312123205908705,12.409851723640926,10.162960441297685,10.16849120707937,"|0,0>","|1,0>","|2,0>","|0,1>","|2,1>","|1,1>","|1,2>","|3,0>","|0,2>","|3,1>","|5,0>","|4,0>"
6.922,2.0,0.26393,11.487602012604722,0.5,0.44000000000000006,-0.7004407898785132,-0.0018636049971547664,0.0018636049971547664,0.0,1.7494969766295867,2.79855316338066,6.921894370239713,8.669527741872145,13.843823429436924,0.0,1.7494969766295867,2.79855316338066,6.919811525880959,5.159914816425427,8.669527741872145,9.715738221381358,5.103992767386401,12.024734231569369,12.080264667230978,9.886583972619931,9.88866631872149,"|0,0>","|1,0>","|2,0>","|0,1>","|2,1>","|1,1>","|1,2>","|3,0>","|0,2>","|3,1>","|5,0>","|4,0>"
6.922,2.0,0.26393,11.487602012604722,0.5,0.45000000000000007,-0.769027859250059,-0.0018898936127840216,0.0018898936127840216,0.0,1.5977747308222945,2.42652160239453,6.921894370239713,8.517779207449223,13.843823429436924,0.0,1.5977747308222945,2.42652160239453,6.919699838548823,4.823993611816832,8.517779207449223,9.344841643890035,4.851949397572255,11.772530235934951,11.74482023318032,9.619557020168969,9.620336088529754,"|0,0>","|1,0>","|2,0>","|0,1>","|2,1>","|1,1>","|1,2>","|3,0>","|0,2>","|3,1>","|5,0>","|4,0>"
6.922,2.0,0.26393,11.487602012604722,0.5,0.45999999999999996,-0.8349686192994312,-0.0019012950708230392,0.0019012950708230392,0.0,1.4412210758908799,2.0474735324823286,6.921894370239713,8.36121415105977,13.843823429436924,0.0,1.4412210758908799,2.0474735324823286,6.919598813074728,4.556337998563606,8.36121415105977,8.966249934305353,4.567950397406619,11.488715064350487,11.477242724945015,9.365330505605598,9.365597534860598,unlabeled,unlabeled,unlabeled,unlabeled,unlabeled,unlabeled,unlabeled,unlabeled,unlabeled,unlabeled,unlabeled,unlabeled
6.922,2.0,0.26393,11.487602012604722,0.5,0.47,-0.8931949854001289,-0.001900343759487555,0.001900343759487555,0.0,1.2839867425753795,1.67477849975063,6.921894370239713,8.203980769055605,13.843823429436924,0.0,1.2839867425753795,1.67477849975063,6.919508054695669,4.308408068354993,8.203980769055605,8.593758596133412,4.311987872365194,11.232889843476215,11.229379906087573,9.129828729535248,9.129902646410372,unlabeled,unlabeled,unlabeled,unlabeled,unlabeled,unlabeled,unlabeled,unlabeled,unlabeled,unlabeled,unlabeled,unlabeled
6.922,2.0,0.26393,11.487602012604722,0.5,0.48,-0.9388676761931265,-0.0018920752406188512,0.0018920752406188512,0.0,1.1358885265163678,1.3329093768396092,6.921894370239713,8.055890821515462,13.843823429436924,0.0,1.1358885265163678,1.3329093768396092,6.919429480453445,4.093006275581729,8.055890821515462,8.251993753543076,4.093612620251676,11.014608524664865,11.014030054413283,8.92448030156929,8.92449299414578,unlabeled,unlabeled,unlabeled,unlabeled,unlabeled,unlabeled,unlabeled,unlabeled,unlabeled,unlabeled,unlabeled,unlabeled
6.922,2.0,0.26393,11.487602012604722,0.5,0.49,-0.9680134084718333,-0.0018831144045350356,0.0018831144045350356,0.0,1.0189463984267917,1.0698793883817501,6.921894370239713,7.938957654261969,13.843823429436924,0.0,1.0189463984267917,1.0698793883817501,6.919369882615854,3.934599273586059,7.938957654261969,7.989023086608938,3.9346008861318182,10.855651184591807,10.855656026097009,8.77261273472169,8.772613194892003,unlabeled,unlabeled,unlabeled,unlabeled,unlabeled,unlabeled,unlabeled,unlabeled,unlabeled,unlabeled,unlabeled,unlabeled
6.922,2.0,0.26393,11.487602012604722,0.5,0.5,-0.9780302946278425,-0.0018793355658317523,0.0018793355658317523,0.0,0.9715749087555281,0.9651195228832137,6.921894370239713,7.891589943429409,13.843823429436924,0.0,0.9715749087555281,0.9651195228832137,6.919345675680418,3.87321751773122,7.891589943429409,7.884285208857904,3.8732214821444586,10.794289554737475,10.79428558675815,8.713499405490609,8.713499418990509,unlabeled,unlabeled,unlabeled,unlabeled,unlabeled,unlabeled,unlabeled,unlabeled,unlabeled,unlabeled,unlabeled,unlabeled
6.922,1.5,0.351641,15.311019996503607,0.5,-0.5,-0.9811874123729112,-0.0025051771081621155,0.0025051771081621155,0.0,0.9725917322470607,0.9639960521212103,6.922771004908753,7.892857560047652,13.845496946739487,0.0,0.9725917322470607,0.9639960521212103,6.919374440501038,3.8729423936593363,7.892857560047652,7.883132406206663,3.8729494234244086,10.794619606755496,10.79461257613466,8.71246612367434,8.712466155549073,unlabeled,unlabeled,unlabeled,unlabeled,unlabeled,unlabeled,unlabeled,unlabeled,unlabeled,unlabeled,unlabeled,unlabeled
6.922,1.5,0.351641,15.311019996503607,0.5,-0.49,-0.9711550840334482,-0.002510237668161608,0.002510237668161608,0.0,1.019990829669318,1.068826575305188,6.922771004908753,7.94025159690991,13.845496946739487,0.0,1.019990829669318,1.068826575305188,6.919406864620704,3.934349330966974,7.94025159690991,7.98793353219164,3.934336076124687,10.855982659117238,10.856004429286777,8.771606378522954,8.771606817209424,unlabeled,unlabeled,unlabeled,unlabeled,unlabeled,unlabeled,unlabeled,unlabeled,unlabeled,unlabeled,unlabeled,unlabeled
6.922,1.5,0.351641,15.311019996503607,0.5,-0.48,-0.9419626072645642,-0.002522241365966238,0.002522241365966238,0.0,1.1369690640590662,1.3319755208535682,6.922771004908753,8.057217827601853,13.845496946739487,0.0,1.1369690640590662,1.3319755208535682,6.919486601713523,4.092785150437699,8.057217827601853,8.251003367133087,4.093322453786023,11.014896806429952,11.014396296763387,8.923506926409722,8.923522984872513,unlabeled,unlabeled,unlabeled,unlabeled,unlabeled,unlabeled,unlabeled,unlabeled,unlabeled,unlabeled,unlabeled,unlabeled
6.922,1.5,0.351641,15.311019996503607,0.5,-0.47,-0.8962108742812447,-0.0025333328068768424,0.0025333328068768424,0.0,1.2850718123677822,1.6739327504543198,6.922771004908753,8.205309484469659,13.845496946739487,0.0,1.2850718123677822,1.6739327504543198,6.9195916008746465,4.308179310864212,8.205309484469659,8.592821957484496,4.311598791146444,11.233048385840029,11.229721221926702,9.128851595292424,9.128947220255405,unlabeled,unlabeled,unlabeled,unlabeled,unlabeled,unlabeled,unlabeled,unlabeled,unlabeled,unlabeled,unlabeled,unlabeled
6.922,1.5,0.351641,15.311019996503607,0.5,-0.46,-0.8378723915230211,-0.002534659028867736,0.002534659028867736,0.0,1.4422804459215541,2.046688500320087,6.922771004908753,8.36251679180144,13.845496946739487,0.0,1.4422804459215541,2.046688500320087,6.91971277580096,4.556066522841974,8.36251679180144,8.965307374304345,4.5673896386893205,11.488656818747415,11.477518976096292,9.364311000985637,9.364657569214543,unlabeled,unlabeled,unlabeled,unlabeled,unlabeled,unlabeled,unlabeled,unlabeled,unlabeled,unlabeled,unlabeled,unlabeled
6.922,1.5,0.351641,15.311019996503607,0.5,-0.45,-0.7717871817172579,-0.00251949844847843,0.00251949844847843,0.0,1.5987877096623322,2.4257882376074065,6.922771004908753,8.519039216122607,13.845496946739487,0.0,1.5987877096623322,2.4257882376074065,6.9198475729369875,4.823653965427312,8.519039216122607,9.34380176608758,4.851154820305226,11.772177676409726,11.745002305297461,9.618463421242737,9.6194738583349,"|0,0>","|1,0>","|2,0>","|0,1>","|2,1>","|1,1>","|1,2>","|3,0>","|0,2>","|3,1>","|5,0>","|4,0>"
6.922,1.5,0.351641,15.311019996503607,0.5,-0.44,-0.7030270640743552,-0.002484475655748497,0.002484475655748497,0.0,1.7504502591587041,2.797873454243053,6.922771004908753,8.670736788411709,13.845496946739487,0.0,1.7504502591587041,2.797873454243053,6.919996516570144,5.158835728624219,8.670736788411709,9.714383991423354,5.1035670615252045,12.02480188684229,12.079551426781642,9.885390362793906,9.88808841467607,"|0,0>","|1,0>","|2,0>","|0,1>","|2,1>","|1,1>","|1,2>","|3,0>","|0,2>","|3,1>","|5,0>","|4,0>"
6.922,1.5,0.351641,15.311019996503607,0.5,-0.43,-0.6362095227132798,-0.002429166129331861,0.002429166129331861,0.0,1.8956413873574505,3.155073252001621,6.922771004908753,8.815983226136872,13.845496946739487,0.0,1.8956413873574505,3.155073252001621,6.92016349928975,5.48837546779621,8.815983226136872,10.067532832026522,5.39094604285912,12.312062385330243,12.408724582788743,10.161645236585322,10.168770514341041,"|0,0>","|1,0>","|2,0>","|0,1>","|2,1>","|1,1>","|1,2>","|3,0>","|0,2>","|3,1>","|5,0>","|4,0>"
6.922,1.5,0.351641,15.311019996503607,0.5,-0.42,-0.5749006015403779,-0.002355034277492507,0.002355034277492507,0.0,2.0338872750988983,3.4928739486574187,6.922771004908753,8.95430324573016,13.845496946739487,0.0,2.0338872750988983,3.4928739486574187,6.9203600327469275,5.838002437615174,8.95430324573016,10.395352781711864,5.682255196064716,12.603251497303376,12.757928875847881,10.444969419063554,10.462735936587634,"|0,0>","|1,0>","|2,0>","|0,1>","|2,1>","|1,1>","|1,2>","|3,0>","|0,2>","|3,1>","|5,0>","|4,0>"
6.922,1.5,0.351641,15.311019996503607,0.5,-0.41000000000000003,-0.5212754577923349,-0.002264409279582935,0.002264409279582935,0.0,2.1652491002818266,3.8092227427713183,6.922771004908753,9.085755695910997,13.845496946739487,0.0,2.1652491002818266,3.8092227427713183,6.920624636297909,6.20540063056189,9.085755695910997,10.733720505779537,5.974769021809088,12.895646125961854,13.124829244982855,10.765068873250534,10.699195676350833,"|0,0>","|1,0>","|2,0>","|0,1>","|2,1>","|1,1>","|1,2>","|3,0>","|0,2>","|3,1>","|5,0>","|4,0>"
6.922,1.5,0.351641,15.311019996503607,0.5,-0.4,-0.476132233998257,-0.002159772296771223,0.002159772296771223,0.0,2.290027043463546,4.103921852928835,6.922771004908753,9.210638276075528,13.845496946739487,0.0,2.290027043463546,4.103921852928835,6.921179831276959,6.587337869141308,9.210638276075528,11.026596815408212,6.266325314298001,13.505994581618467,13.187085588342597,11.06279550385149,10.990716763269461,"|0,0>","|1,0>","|2,0>","|0,1>","|2,1>","|1,1>","|1,2>","|3,0>","|0,2>","|3,1>","|5,0>","|4,0>"
6.922,1.5,0.351641,15.311019996503607,0.5,-0.39,-0.43919978767767276,-0.002043356931828555,0.002043356931828555,0.0,2.4086136052408165,4.37802742280396,6.922771004908753,9.329341253217741,13.845496946739487,0.0,2.4086136052408165,4.37802742280396,6.916676561512183,6.9855962825840905,9.329341253217741,11.322494537515887,6.555189347160528,13.833498407265346,13.475835961055274,11.354479593693732,11.27154190996037,"|0,0>","|1,0>","|2,0>","|0,1>","|2,1>","|1,1>","|1,2>","|3,0>","|0,2>","|3,1>","|5,0>","|4,0>"
6.922,1.5,0.351641,15.311019996503607,0.5,-0.38,-0.40956558774916374,-0.0019169695376604068,0.0019169695376604068,0.0,2.521420571105189,4.633275554461214,6.922771004908753,9.442274606476282,13.845496946739487,0.0,2.521420571105189,4.633275554461214,6.920183549722715,7.383320767919095,9.442274606476282,11.620429387507961,6.839968039637917,13.840259010484779,13.760504391692642,11.647354645460588,11.535483294177077,"|0,0>","|1,0>","|2,0>","|0,1>","|2,1>","|1,1>","|1,2>","|3,0>","|0,2>","|3,1>","|5,0>","|4,0>"
6.922,1.5,0.351641,15.311019996503607,0.5,-0.37,-0.38605792944984785,-0.0017819338545450591,0.0017819338545450591,0.0,2.6288437507572553,4.871629572064663,6.922771004908753,9.549832821811464,13.845496946739487,0.0,2.6288437507572553,4.871629572064663,6.920602873366036,7.787918966429501,9.549832821811464,11.919492231714997,7.119548917933315,13.841100870391713,14.039978169834072,11.945545306501387,11.779814335689068,"|0,0>","|1,0>","|2,0>","|0,1>","|2,1>","|1,1>","|1,2>","|3,0>","|0,2>","|3,1>","|5,0>","|4,0>"
6.922,1.5,0.351641,15.311019996503607,0.5,-0.36,-0.3675033689020566,-0.0016390912182444595,0.0016390912182444595,0.0,2.7312474235321815,5.0949914781623065,6.922771004908753,9.65237933722269,13.845496946739487,0.0,2.7312474235321815,5.0949914781623065,6.92086622097063,8.193071867471382,9.65237933722269,12.218823910589059,7.393052866607455,13.841629358886031,14.313377546958982,12.248279231070207,12.006732024798175,"|0,0>","|1,0>","|2,0>","|0,1>","|2,1>","|1,1>","|1,2>","|3,0>","|0,2>","|3,1>","|5,0>","|4,0>"
6.922,1.5,0.351641,15.311019996503607,0.5,-0.35,-0.35286043390592425,-0.0014888135048067852,0.0014888135048067852,0.0,2.828959026194404,5.305057618482884,6.922771004908753,9.75024121759835,13.845496946739487,0.0,2.828959026194404,5.305057618482884,6.921092510338546,8.595672166271065,9.75024121759835,12.51760153100063,7.65979552019656,13.842083550151749,14.580017156605699,12.554092927861298,12.218976622088853,"|0,0>","|1,0>","|2,0>","|0,1>","|2,1>","|1,1>","|1,2>","|3,0>","|0,2>","|3,1>","|5,0>","|4,0>"
6.922,1.5,0.351641,15.311019996503607,0.5,-0.33999999999999997,-0.34126656474600026,-0.0013310033479996264,0.0013310033479996264,0.0,2.922269022389848,5.503271480033696,6.922771004908753,9.843709023950602,13.845496946739487,0.0,2.922269022389848,5.503271480033696,6.92131060953087,8.993121536237076,9.843709023950602,12.81503184473808,7.919254697845723,13.842521559809477,14.839373439656136,12.861982551738642,12.4186072226344,"|0,0>","|1,0>","|2,0>","|0,1>","|2,1>","|1,1>","|1,2>","|3,0>","|0,2>","|3,1>","|5,0>","|4,0>"
6.922,1.5,0.351641,15.311019996503607,0.5,-0.32999999999999996,-0.3320369797611775,-0.0011650644159999501,0.0011650644159999501,0.0,3.011433231576895,5.690829483392612,6.922771004908753,9.933039172069648,13.845496946739487,0.0,3.011433231576895,5.690829483392612,6.921533720784701,9.383237060149717,9.933039172069648,13.11034902690401,8.171042467381675,13.842970287078025,15.09105666036745,13.171254473872587,12.607132269784678,"|0,0>","|1,0>","|2,0>","|0,1>","|2,1>","|1,1>","|1,2>","|3,0>","|0,2>","|3,1>","|5,0>","|4,0>"
6.922,1.5,0.351641,15.311019996503607,0.5,-0.32,-0.32464284418376366,-0.0009898256232148128,0.0009898256232148128,0.0,3.096676164397735,5.868709484611706,6.922771004908753,10.018457343683274,13.845496946739487,0.0,3.096676164397735,5.868709484611706,6.921772289915658,9.764205257573586,10.018457343683274,13.48134893771789,8.414881005206688,13.843452760908995,15.334786672682363,13.402815097177033,12.785689683489629,"|0,0>","|1,0>","|2,0>","|0,1>","|2,1>","|1,1>","|1,2>","|3,0>","|0,2>","|3,1>","|5,0>","|4,0>"
6.922,1.5,0.351641,15.311019996503607,0.5,-0.31,-0.3186846124030467,-0.0008033971509604498,0.0008033971509604498,0.0,3.178194606739723,6.037704601076399,6.922771004908753,10.100162214497516,13.845496946739487,0.0,3.178194606739723,6.037704601076399,6.9220390607688245,10.134543626643335,10.100162214497516,13.791691054206467,8.65058170848215,13.844050584376902,15.570371876656424,13.691721784895833,12.955155163996253,"|0,0>","|1,0>","|2,0>","|0,1>","|2,1>","|1,1>","|1,2>","|3,0>","|0,2>","|3,1>","|5,0>","|4,0>"
6.922,1.5,0.351641,15.311019996503607,0.5,-0.3,-0.31386905076632843,-0.0006029214079887879,0.0006029214079887879,0.0,3.2561610759811686,6.198453101196009,6.922771004908753,10.178329159481933,13.845496946739487,0.0,3.2561610759811686,6.198453101196009,6.922354235495462,10.493067758049378,10.178329159481933,14.101963837703948,8.87802715201832,13.844588241427601,15.797690924532446,13.976393008051375,13.11620375301672,"|0,0>","|1,0>","|2,0>","|0,1>","|2,1>","|1,1>","|1,2>","|3,0>","|0,2>","|3,1>","|5,0>","|4,0>"
6.922,1.5,0.351641,15.311019996503607,0.5,-0.29000000000000004,-0.30999620209307466,-0.0003841519832903373,0.0003841519832903373,0.0,3.3307269799436696,6.351457757794265,6.922771004908753,10.253113832869133,13.845496946739487,0.0,3.3307269799436696,6.351457757794265,6.922755744471942,10.838862855709337,10.253113832869133,14.411336582001269,9.097155524894106,13.845394589704,16.0166767496535,14.256187400443736,13.269337210891337,"|0,0>","|1,0>","|2,0>","|0,1>","|2,1>","|1,1>","|1,2>","|3,0>","|0,2>","|3,1>","|5,0>","|4,0>"
6.922,1.5,0.351641,15.311019996503607,0.5,-0.28,-0.30696906783866496,-0.00014073290272875738,0.00014073290272875738,0.0,3.4020254194225643,6.497081771006464,6.922771004908753,10.324655691428589,13.845496946739487,0.0,3.4020254194225643,6.497081771006464,6.923327354966034,11.171257653603263,10.324655691428589,14.719279021852728,9.30794715248976,13.846526183866956,16.22730240652679,14.530500519578553,13.414863586529265,"|0,0>","|1,0>","|2,0>","|0,1>","|2,1>","|1,1>","|1,2>","|3,0>","|0,2>","|3,1>","|5,0>","|4,0>"
6.922,1.5,0.351641,15.311019996503607,0.5,-0.27,-0.30488090794349887,0.00013707836004073215,0.00013707836004073215,0.0,3.470173631716918,6.635466355490337,6.922771004908753,10.393081714985712,13.845496946739487,0.0,3.470173631716918,6.635466355490337,6.924300130813805,11.489798725415298,10.393081714985712,14.798766518444438,9.510412592754221,13.848424463366698,16.42956797922548,15.025085943314622,13.552733774525038,"|0,0>","|1,0>","|2,0>","|0,1>","|2,1>","|1,1>","|1,2>","|3,0>","|0,2>","|3,1>","|5,0>","|4,0>"
6.922,1.5,0.351641,15.311019996503607,0.5,-0.26,-0.3045681191449674,0.0004647943769597873,0.0004647943769597873,0.0,3.535275099584254,6.765982080023541,6.922771004908753,10.458510898869967,13.845496946739487,0.0,3.535275099584254,6.765982080023541,6.926616010156643,11.794223861227202,10.458510898869967,15.06045917715624,9.704581507711772,13.85276662071255,16.62348727404413,15.327993774148204,13.681594635263245,"|0,0>","|1,0>","|2,0>","|0,1>","|2,1>","|1,1>","|1,2>","|3,0>","|0,2>","|3,1>","|5,0>","|4,0>"
6.922,1.5,0.351641,15.311019996503607,0.5,-0.25,-0.25517418383600443,0.0008684679334933776,0.0008684679334933776,0.0,3.5974213610187675,6.939668538201531,6.922771004908753,10.521060833861014,13.845496946739487,0.0,3.5974213610187675,6.939668538201531,6.879499763718513,12.084434125507357,10.521060833861014,15.315092271874619,9.89049078784278,13.789706105115258,16.80907168153965,15.627186922757275,13.871565034699941,"|0,0>","|1,0>","|2,0>","|0,1>","|2,1>","|1,1>","|1,2>","|3,0>","|0,2>","|3,1>","|5,0>","|4,0>"
6.922,1.5,0.351641,15.311019996503607,0.5,-0.24,-0.288360444497485,0.001395153699299101,0.001395153699299101,0.0,3.65669355784717,7.025026671196855,6.922771004908753,10.580859716455222,13.845496946739487,0.0,3.65669355784717,7.025026671196855,6.914675738221177,12.3604650742531,10.580859716455222,15.562219314092772,10.068168392947285,13.829996596019242,16.986304979573717,15.921811778141006,13.952122346474681,"|0,0>","|1,0>","|2,0>","|0,1>","|2,1>","|1,1>","|1,2>","|3,0>","|0,2>","|3,1>","|5,0>","|4,0>"
6.922,1.5,0.351641,15.311019996503607,0.5,-0.22999999999999998,-0.2904995509545145,0.0021388339970300763,0.0021388339970300763,0.0,3.713163759542084,7.135827968129654,6.922771004908753,10.638073598447868,13.845496946739487,0.0,3.713163759542084,7.135827968129654,6.91856574669125,12.622458180747394,10.638073598447868,15.80143272836154,10.237602920566736,13.837135545798382,17.15509169688172,16.210993713419164,14.059966746416968,"|0,0>","|1,0>","|2,0>","|0,1>","|2,1>","|1,1>","|1,2>","|3,0>","|0,2>","|3,1>","|5,0>","|4,0>"
6.922,1.5,0.351641,15.311019996503607,0.5,-0.21999999999999997,-0.2902276340431911,0.003316573471657591,0.003316573471657591,0.0,3.766896095211102,7.243564556379013,6.922771004908753,10.692983673591513,13.845496946739487,0.0,3.766896095211102,7.243564556379013,6.919844552731703,12.870633720156505,10.692983673591513,16.493854853145194,10.398663939862644,13.839638058412774,17.31512107989704,16.032362555502402,14.166753382786581,"|0,0>","|1,0>","|2,0>","|0,1>","|2,1>","|1,1>","|1,2>","|3,0>","|0,2>","|3,1>","|5,0>","|4,0>"
6.922,1.5,0.351641,15.311019996503607,0.5,-0.21000000000000002,-0.2895086553924813,0.005556306227475716,0.005556306227475716,0.0,3.8179477226309757,7.34638678986947,6.922771004908753,10.746275033767205,13.845496946739487,0.0,3.8179477226309757,7.34638678986947,6.9205066933966535,13.105266230691655,10.746275033767205,16.76953088316081,10.550811511500186,13.840952514614656,17.465406333106202,16.25467477560487,14.269181505087275,"|0,0>","|1,0>","|2,0>","|0,1>","|2,1>","|1,1>","|1,2>","|3,0>","|0,2>","|3,1>","|5,0>","|4,0>"
6.922,1.5,0.351641,15.311019996503607,0.5,-0.2,-0.28869548355460495,0.011513188679572295,0.011513188679572295,0.0,3.866369659169848,7.4440438347850915,6.922771004908753,10.800653852758174,13.845496946739487,0.0,3.866369659169848,7.4440438347850915,6.920929409518131,13.326663296812896,10.800653852758174,17.037185691151308,10.691477806832665,13.841796924895533,17.602244084936615,16.468069344113005,14.366661949472928,"|0,0>","|1,0>","|2,0>","|0,1>","|2,1>","|1,1>","|1,2>","|3,0>","|0,2>","|3,1>","|5,0>","|4,0>"
6.922,1.5,0.351641,15.311019996503607,0.5,-0.19,-0.2878891805960535,-0.030976762786167455,0.030976762786167455,0.0,3.912207495689316,7.536525810782578,6.922771004908753,10.804001737811902,13.845496946739487,0.0,3.912207495689316,7.536525810782578,6.921233328513786,13.535147746685283,10.804001737811902,17.29602314980889,10.872911975771771,13.842407369834604,17.711245737709532,16.672278027859534,14.459072147689255,"|0,0>","|1,0>","|2,0>","|0,1>","|2,1>","|1,1>","|1,2>","|3,0>","|0,2>","|3,1>","|5,0>","|4,0>"
6.922,1.5,0.351641,15.311019996503607,0.5,-0.18,-0.2871241814404044,-0.011367904030500142,0.011367904030500142,0.0,3.9555020112044943,7.623879840968584,6.922771004908753,10.866905112082748,13.845496946739487,0.0,3.9555020112044943,7.623879840968584,6.9214687002945965,13.731039178306432,10.866905112082748,17.545295816090587,10.984650307313828,13.842889111752129,17.779719276620753,16.867062118251283,14.54641233406133,"|0,0>","|1,0>","|2,0>","|0,1>","|2,1>","|1,1>","|1,2>","|3,0>","|0,2>","|3,1>","|5,0>","|4,0>"
6.922,1.5,0.351641,15.311019996503607,0.5,-0.16999999999999998,-0.2864122156608673,-0.006654903383669364,0.006654903383669364,0.0,3.99628970324369,7.706167190826513,6.922771004908753,10.912405804768774,13.845496946739487,0.0,3.99628970324369,7.706167190826513,6.921660122780651,13.91471246916074,10.912405804768774,17.78431066785327,11.103765428918486,13.843233925847706,17.828754076456242,17.052210087285637,14.628721585534088,"|0,0>","|1,0>","|2,0>","|0,1>","|2,1>","|1,1>","|1,2>","|3,0>","|0,2>","|3,1>","|5,0>","|4,0>"
6.922,1.5,0.351641,15.311019996503607,0.5,-0.15999999999999998,-0.28575617739567605,-0.004741147827509451,0.004741147827509451,0.0,4.034603246400167,7.783450315404657,6.922771004908753,10.95263310348141,13.845496946739487,0.0,4.034603246400167,7.783450315404657,6.921821026583018,14.086364515544567,10.95263310348141,17.870703031970457,11.218234227360817,13.843574434627335,18.012432220076526,17.227535239702966,14.706051293755259,"|0,0>","|1,0>","|2,0>","|0,1>","|2,1>","|1,1>","|1,2>","|3,0>","|0,2>","|3,1>","|5,0>","|4,0>"
6.922,1.5,0.351641,15.311019996503607,0.5,-0.14999999999999997,-0.2851553238151183,-0.0037059795258471695,0.0037059795258471695,0.0,4.070471889552962,7.855788455290806,6.922771004908753,10.989536914935869,13.845496946739487,0.0,4.070471889552962,7.855788455290806,6.9219593463379425,14.246349091644362,10.989536914935869,17.908590764912447,11.32620479448343,13.843855599152192,18.22908347145753,17.392873401057358,14.778455556512668,"|0,0>","|1,0>","|2,0>","|0,1>","|2,1>","|1,1>","|1,2>","|3,0>","|0,2>","|3,1>","|5,0>","|4,0>"
6.922,1.5,0.351641,15.311019996503607,0.5,-0.14,-0.2846074450770857,-0.0030521232487501493,0.0030521232487501493,0.0,4.103921800517192,7.923236155957298,6.922771004908753,11.023640682177195,13.845496946739487,0.0,4.103921800517192,7.923236155957298,6.9220800565188085,14.39491368150805,11.023640682177195,17.9433307494539,11.427243709508637,13.844099865827353,18.349939900080933,17.548080664111502,14.845987652454504,"|0,0>","|1,0>","|2,0>","|0,1>","|2,1>","|1,1>","|1,2>","|3,0>","|0,2>","|3,1>","|5,0>","|4,0>"
6.922,1.5,0.351641,15.311019996503607,0.5,-0.13,-0.2841098311257966,-0.002598235306571439,0.002598235306571439,0.0,4.134976365426581,7.985842899727366,6.922771004908753,11.055149135028763,13.845496946739487,0.0,4.134976365426581,7.985842899727366,6.922186422840554,14.532292354406515,11.055149135028763,17.975286631599367,11.521228549733245,13.844314869164982,18.443426974913045,17.69303117774765,14.90869918123473,"|0,0>","|1,0>","|2,0>","|0,1>","|2,1>","|1,1>","|1,2>","|3,0>","|0,2>","|3,1>","|5,0>","|4,0>"
6.922,1.5,0.351641,15.311019996503607,0.5,-0.12,-0.28365971571570014,-0.0022630970310757448,0.0022630970310757448,0.0,4.163656449032608,8.043653182349516,6.922771004908753,11.084164356910286,13.845496946739487,0.0,4.163656449032608,8.043653182349516,6.922280668930739,14.658693671593348,11.084164356910286,18.004635866840637,11.608132122062067,13.84450532850746,18.529932170413822,17.82761478839128,14.966640860832179,"|0,0>","|1,0>","|2,0>","|0,1>","|2,1>","|1,1>","|1,2>","|3,0>","|0,2>","|3,1>","|5,0>","|4,0>"
6.922,1.5,0.351641,15.311019996503607,0.5,-0.10999999999999999,-0.2832544787939213,-0.0020050744030086776,0.0020050744030086776,0.0,4.189980621027395,8.096706763260869,6.922771004908753,11.11074655153314,13.845496946739487,0.0,4.189980621027395,8.096706763260869,6.922364353856196,14.7742977564031,11.11074655153314,18.031481809188605,11.687962013199169,13.844674456035634,18.609424134414255,17.95173248139568,15.019865223565645,"|0,0>","|1,0>","|2,0>","|0,1>","|2,1>","|1,1>","|1,2>","|3,0>","|0,2>","|3,1>","|5,0>","|4,0>"
6.922,1.5,0.351641,15.311019996503607,0.5,-0.09999999999999998,-0.28289173283291547,-0.0018006973081767796,0.0018006973081767796,0.0,4.213965352743664,8.145038972654412,6.922771004908753,11.13493566034424,13.845496946739487,0.0,4.213965352743664,8.145038972654412,6.92243859685464,14.879250738010867,11.13493566034424,18.05575287377492,11.760739293440494,13.844824528208463,18.681902382305097,18.06543565717162,15.0684331095201,"|0,0>","|1,0>","|2,0>","|0,1>","|2,1>","|1,1>","|1,2>","|3,0>","|0,2>","|3,1>","|5,0>","|4,0>"
6.922,1.5,0.351641,15.311019996503607,0.5,-0.08999999999999997,-0.2825693523808681,-0.001635775327549993,0.001635775327549993,0.0,4.235625187839908,8.188681023298948,6.922771004908753,11.156760417421111,13.845496946739487,0.0,4.235625187839908,8.188681023298948,6.922504216775003,14.973649237229196,11.156760417421111,18.077839747468104,11.826489776782878,13.844957198914372,18.74738066463128,18.16830440498751,15.112430533471112,"|0,0>","|1,0>","|2,0>","|0,1>","|2,1>","|1,1>","|1,2>","|3,0>","|0,2>","|3,1>","|5,0>","|4,0>"
6.922,1.5,0.351641,15.311019996503607,0.5,-0.08000000000000002,-0.2822854761048674,-0.0015012613674585396,0.0015012613674585396,0.0,4.25497289003183,8.227660303958793,6.922771004908753,11.176242633573125,13.845496946739487,0.0,4.25497289003183,8.227660303958793,6.922561821650753,15.057489221766858,11.176242633573125,18.097461747481447,11.885240037801623,13.84507369079769,18.805879279365186,18.260587825304768,15.152021334683084,"|0,0>","|1,0>","|2,0>","|0,1>","|2,1>","|1,1>","|1,2>","|3,0>","|0,2>","|3,1>","|5,0>","|4,0>"
6.922,1.5,0.351641,15.311019996503607,0.5,-0.07,-0.2820384961359821,-0.0013911488693736374,0.0013911488693736374,0.0,4.272019570410805,8.262000644685628,6.922771004908753,11.193399426450185,13.845496946739487,0.0,4.272019570410805,8.262000644685628,6.922611867937633,15.130451186570383,11.193399426450185,18.11473070957861,11.937015462798982,13.84517491877996,18.85742123738028,18.342143101148082,15.187663512694996,"|0,0>","|1,0>","|2,0>","|0,1>","|2,1>","|1,1>","|1,2>","|3,0>","|0,2>","|3,1>","|5,0>","|4,0>"
6.922,1.5,0.351641,15.311019996503607,0.5,-0.06,-0.28182704234621525,-0.001301326675729797,0.001301326675729797,0.0,4.286774796498193,8.29172255065017,6.922771004908753,11.208244474731217,13.845496946739487,0.0,4.286774796498193,8.29172255065017,6.922654700658583,15.190657720847668,11.208244474731217,18.129666776159127,11.98183925313252,13.84526157268948,18.902030198934582,18.4129210212119,15.221353103136906,"|0,0>","|1,0>","|2,0>","|0,1>","|2,1>","|1,1>","|1,2>","|3,0>","|0,2>","|3,1>","|5,0>","|4,0>"
6.922,1.5,0.351641,15.311019996503607,0.5,-0.04999999999999999,-0.28164996554636446,-0.0012289204333413295,0.0012289204333413295,0.0,4.299246684803904,8.316843404061444,6.922771004908753,11.220788769279316,13.845496946739487,0.0,4.299246684803904,8.316843404061444,6.922690581113045,15.231362105856057,11.220788769279316,18.142284295772804,12.019731904940905,13.845334173887515,18.93972922923374,18.47288068578505,15.259936898477484,"|0,0>","|1,0>","|2,0>","|0,1>","|2,1>","|1,1>","|1,2>","|3,0>","|0,2>","|3,1>","|5,0>","|4,0>"
6.922,1.5,0.351641,15.311019996503607,0.5,-0.03999999999999998,-0.2815063215890561,-0.0011718971105594278,0.0011718971105594278,0.0,4.309441978380185,8.337377635171315,6.922771004908753,11.23104108617838,13.845496946739487,0.0,4.309441978380185,8.337377635171315,6.922719706304697,15.25589330551253,11.23104108617838,18.152594231511657,12.050710938499904,13.84539311475308,18.970539897456533,18.521987465164813,15.300168621938312,"|0,0>","|1,0>","|2,0>","|0,1>","|2,1>","|1,1>","|1,2>","|3,0>","|0,2>","|3,1>","|5,0>","|4,0>"
6.922,1.5,0.351641,15.311019996503607,0.5,-0.02999999999999997,-0.2813953573738601,-0.0011288197825649604,0.0011288197825649604,0.0,4.317366110557117,8.353336863740374,6.922771004908753,11.239008295683306,13.845496946739487,0.0,4.317366110557117,8.353336863740374,6.9227422226246915,15.273102405782424,11.239008295683306,18.160604951304165,12.074790761790041,13.845438686424089,18.994481476884317,18.56021257180771,15.33326348216481,"|0,0>","|1,0>","|2,0>","|0,1>","|2,1>","|1,1>","|1,2>","|3,0>","|0,2>","|3,1>","|5,0>","|4,0>"
6.922,1.5,0.351641,15.311019996503607,0.5,-0.020000000000000018,-0.2813164992306696,-0.0010986925477496357,0.0010986925477496357,0.0,4.323023255846465,8.36473001246226,6.922771004908753,11.244695568207469,13.845496946739487,0.0,4.323023255846465,8.36473001246226,6.922758235475769,15.28502664412023,11.244695568207469,18.166322648503957,12.091982606388392,13.845471098267545,19.011570146355275,18.587533090593432,15.357234959433193,"|0,0>","|1,0>","|2,0>","|0,1>","|2,1>","|1,1>","|1,2>","|3,0>","|0,2>","|3,1>","|5,0>","|4,0>"
6.922,1.5,0.351641,15.311019996503607,0.5,-0.010000000000000009,-0.2812693438611831,-0.0010808623653630889,0.0010808623653630889,0.0,4.326416368783846,8.37156339370651,6.922771004908753,11.248106511327236,13.845496946739487,0.0,4.326416368783846,8.37156339370651,6.922767815901437,15.292099232629838,11.248106511327236,18.169751596475038,12.10229450117076,13.845490491264982,19.021818198872424,18.603932251669278,15.371685616647937,"|0,0>","|1,0>","|2,0>","|0,1>","|2,1>","|1,1>","|1,2>","|3,0>","|0,2>","|3,1>","|5,0>","|4,0>"
6.922,1.5,0.351641,15.311019996503607,0.5,0.0,-0.28125365186203055,-0.001074958967720363,0.001074958967720363,0.0,4.327547211262214,8.373840770662397,6.922771004908753,11.249243257203247,13.845496946739487,0.0,4.327547211262214,8.373840770662397,6.922771004908753,15.294446672804284,11.249243257203247,18.170894303414315,12.105731264122213,13.845496946739487,19.025233340445382,18.60939979176429,15.376510236794715,"|0,0>","|1,0>","|2,0>","|0,1>","|2,1>","|1,1>","|1,2>","|3,0>","|0,2>","|3,1>","|5,0>","|4,0>"
6.922,1.5,0.351641,15.311019996503607,0.5,0.010000000000000009,-0.2812693438595417,-0.0010808623639135817,0.0010808623639135817,0.0,4.326416368782908,8.371563393706275,6.922771004908753,11.248106511327748,13.845496946739487,0.0,4.326416368782908,8.371563393706275,6.922767815901807,15.29209923263133,11.248106511327748,18.16975159647575,12.102294501170888,13.845490491266233,19.021818198873405,18.603932251669477,15.371685616648762,"|0,0>","|1,0>","|2,0>","|0,1>","|2,1>","|1,1>","|1,2>","|3,0>","|0,2>","|3,1>","|5,0>","|4,0>"
6.922,1.5,0.351641,15.311019996503607,0.5,0.020000000000000018,-0.2813164992288293,-0.0010986925474654186,0.0010986925474654186,0.0,4.323023255845939,8.364730012463049,6.922771004908753,11.244695568207227,13.845496946739487,0.0,4.323023255845939,8.364730012463049,6.922758235475968,15.28502664412023,11.244695568207227,18.166322648503844,12.091982606388378,13.845471098268355,19.011570146355744,18.58753309059305,15.357234959434031,"|0,0>","|1,0>","|2,0>","|0,1>","|2,1>","|1,1>","|1,2>","|3,0>","|0,2>","|3,1>","|5,0>","|4,0>"
6.922,1.5,0.351641,15.311019996503607,0.5,0.030000000000000027,-0.2813953573723822,-0.0011288197817194146,0.0011288197817194146,0.0,4.317366110556776,8.35333686374117,6.922771004908753,11.23900829568381,13.845496946739487,0.0,4.317366110556776,8.35333686374117,6.922742222624407,15.273102405783867,11.23900829568381,18.160604951304727,12.074790761790204,13.845438686425446,18.994481476885845,18.560212571808385,15.333263482166522,"|0,0>","|1,0>","|2,0>","|0,1>","|2,1>","|1,1>","|1,2>","|3,0>","|0,2>","|3,1>","|5,0>","|4,0>"
6.922,1.5,0.351641,15.311019996503607,0.5,0.040000000000000036,-0.28150632158822475,-0.0011718971109999643,0.0011718971109999643,0.0,4.3094419783800575,8.33737763517189,6.922771004908753,11.231041086177811,13.845496946739487,0.0,4.3094419783800575,8.33737763517189,6.922719706304591,15.255893305513368,11.231041086177811,18.15259423151207,12.050710938499634,13.845393114753549,18.970539897457684,18.521987465165665,15.300168621939932,"|0,0>","|1,0>","|2,0>","|0,1>","|2,1>","|1,1>","|1,2>","|3,0>","|0,2>","|3,1>","|5,0>","|4,0>"
6.922,1.5,0.351641,15.311019996503607,0.5,0.050000000000000044,-0.2816499655461584,-0.0012289204327871062,0.0012289204327871062,0.0,4.299246684804139,8.31684340406212,6.922771004908753,11.220788769280105,13.845496946739487,0.0,4.299246684804139,8.31684340406212,6.922690581113088,15.231362105857713,11.220788769280105,18.142284295773763,12.019731904940812,13.845334173888233,18.93972922923483,18.472880685785952,15.259936898478315,"|0,0>","|1,0>","|2,0>","|0,1>","|2,1>","|1,1>","|1,2>","|3,0>","|0,2>","|3,1>","|5,0>","|4,0>"
6.922,1.5,0.351641,15.311019996503607,0.5,0.06000000000000005,-0.2818270423436289,-0.001301326675147152,0.001301326675147152,0.0,4.286774796497269,8.29172255065091,6.922771004908753,11.208244474730876,13.845496946739487,0.0,4.286774796497269,8.29172255065091,6.922654700657702,15.190657720847526,11.208244474730876,18.129666776158885,11.981839253131184,13.845261572688543,18.902030198934696,18.412921021210735,15.22135310313665,"|0,0>","|1,0>","|2,0>","|0,1>","|2,1>","|1,1>","|1,2>","|3,0>","|0,2>","|3,1>","|5,0>","|4,0>"
6.922,1.5,0.351641,15.311019996503607,0.5,0.07000000000000006,-0.28203849613503706,-0.001391148867604386,0.001391148867604386,0.0,4.272019570410812,8.262000644686587,6.922771004908753,11.193399426451961,13.845496946739487,0.0,4.272019570410812,8.262000644686587,6.922611867938173,15.130451186571037,11.193399426451961,18.114730709578325,11.937015462798797,13.845174918779279,18.857421237379242,18.342143101147627,15.187663512695735,"|0,0>","|1,0>","|2,0>","|0,1>","|2,1>","|1,1>","|1,2>","|3,0>","|0,2>","|3,1>","|5,0>","|4,0>"
6.922,1.5,0.351641,15.311019996503607,0.5,0.07999999999999996,-0.28228547610478927,-0.0015012613671743225,0.0015012613671743225,0.0,4.254972890031681,8.227660303958572,6.922771004908753,11.17624263357326,13.845496946739487,0.0,4.254972890031681,8.227660303958572,6.922561821650149,15.057489221766922,11.17624263357326,18.09746174748029,11.885240037801374,13.845073690797427,18.80587927936464,18.260587825304363,15.152021334682821,"|0,0>","|1,0>","|2,0>","|0,1>","|2,1>","|1,1>","|1,2>","|3,0>","|0,2>","|3,1>","|5,0>","|4,0>"
6.922,1.5,0.351641,15.311019996503607,0.5,0.08999999999999997,-0.2825693523802002,-0.0016357753268039232,0.0016357753268039232,0.0,4.2356251878400855,8.18868102329997,6.922771004908753,11.156760417422035,13.845496946739487,0.0,4.2356251878400855,8.18868102329997,6.922504216775167,14.97364923722995,11.156760417422035,18.077839747469014,11.826489776782452,13.844957198915026,18.74738066463253,18.16830440498883,15.112430533471766,"|0,0>","|1,0>","|2,0>","|0,1>","|2,1>","|1,1>","|1,2>","|3,0>","|0,2>","|3,1>","|5,0>","|4,0>"
6.922,1.5,0.351641,15.311019996503607,0.5,0.09999999999999998,-0.2828917328328515,-0.0018006973074804478,0.0018006973074804478,0.0,4.213965352743763,8.145038972654675,6.922771004908753,11.134935660345036,13.845496946739487,0.0,4.213965352743763,8.145038972654675,6.922438596854114,14.879250738011308,11.134935660345036,18.05575287377431,11.760739293440295,13.844824528208093,18.681902382304457,18.06543565717091,15.068433109520157,"|0,0>","|1,0>","|2,0>","|0,1>","|2,1>","|1,1>","|1,2>","|3,0>","|0,2>","|3,1>","|5,0>","|4,0>"
6.922,1.5,0.351641,15.311019996503607,0.5,0.10999999999999999,-0.28325447879451104,-0.002005074403001572,0.002005074403001572,0.0,4.1899806210279635,8.096706763261416,6.922771004908753,11.110746551533715,13.845496946739487,0.0,4.1899806210279635,8.096706763261416,6.922364353855954,14.774297756402738,11.110746551533715,18.031481809188683,11.687962013199645,13.844674456036579,18.60942413441463,17.95173248139671,15.019865223565013,"|0,0>","|1,0>","|2,0>","|0,1>","|2,1>","|1,1>","|1,2>","|3,0>","|0,2>","|3,1>","|5,0>","|4,0>"
6.922,1.5,0.351641,15.311019996503607,0.5,0.12,-0.283659715715018,-0.0022630970304717835,0.0022630970304717835,0.0,4.163656449032565,8.043653182350113,6.922771004908753,11.084164356910847,13.845496946739487,0.0,4.163656449032565,8.043653182350113,6.922280668930476,14.658693671594506,11.084164356910847,18.004635866840758,11.608132122062315,13.84450532850768,18.52993217041376,17.827614788392154,14.966640860832271,"|0,0>","|1,0>","|2,0>","|0,1>","|2,1>","|1,1>","|1,2>","|3,0>","|0,2>","|3,1>","|5,0>","|4,0>"
6.922,1.5,0.351641,15.311019996503607,0.5,0.13,-0.28410983112394916,-0.0025982353056264174,0.0025982353056264174,0.0,4.134976365425992,7.985842899728034,6.922771004908753,11.055149135029119,13.845496946739487,0.0,4.134976365425992,7.985842899728034,6.922186422840063,14.532292354406842,11.055149135029119,17.975286631599552,11.521228549733486,13.84431486916582,18.44342697491465,17.693031177749283,14.908699181234418,"|0,0>","|1,0>","|2,0>","|0,1>","|2,1>","|1,1>","|1,2>","|3,0>","|0,2>","|3,1>","|5,0>","|4,0>"
6.922,1.5,0.351641,15.311019996503607,0.5,0.14,-0.2846074450752383,-0.0030521232473361692,0.0030521232473361692,0.0,4.103921800516211,7.923236155957184,6.922771004908753,11.023640682177628,13.845496946739487,0.0,4.103921800516211,7.923236155957184,6.922080056517963,14.394913681506182,11.023640682177628,17.94333074945355,11.42724370950873,13.844099865826905,18.349939900081594,17.54808066411242,14.845987652453317,"|0,0>","|1,0>","|2,0>","|0,1>","|2,1>","|1,1>","|1,2>","|3,0>","|0,2>","|3,1>","|5,0>","|4,0>"
6.922,1.5,0.351641,15.311019996503607,0.5,0.15000000000000002,-0.28515532381618414,-0.003705979526323233,0.003705979526323233,0.0,4.070471889554057,7.855788455291929,6.922771004908753,10.989536914936487,13.845496946739487,0.0,4.070471889554057,7.855788455291929,6.92195934633893,14.246349091644028,10.989536914936487,17.908590764913846,11.326204794483282,13.843855599153095,18.229083471459667,17.392873401058942,14.778455556512377,"|0,0>","|1,0>","|2,0>","|0,1>","|2,1>","|1,1>","|1,2>","|3,0>","|0,2>","|3,1>","|5,0>","|4,0>"
6.922,1.5,0.351641,15.311019996503607,0.5,0.16000000000000003,-0.28575617739566894,-0.004741147826777592,0.004741147826777592,0.0,4.034603246399584,7.783450315403499,6.922771004908753,10.95263310348156,13.845496946739487,0.0,4.034603246399584,7.783450315403499,6.921821026582045,14.086364515544176,10.95263310348156,17.870703031969555,11.21823422736037,13.843574434626106,18.012432220074388,17.227535239702505,14.706051293754498,"|0,0>","|1,0>","|2,0>","|0,1>","|2,1>","|1,1>","|1,2>","|3,0>","|0,2>","|3,1>","|5,0>","|4,0>"
6.922,1.5,0.351641,15.311019996503607,0.5,0.17000000000000004,-0.2864122156597304,-0.006654903382958821,0.006654903382958821,0.0,3.996289703243974,7.706167190828218,6.922771004908753,10.912405804769769,13.845496946739487,0.0,3.996289703243974,7.706167190828218,6.921660122780558,13.914712469161309,10.912405804769769,17.78431066785425,11.103765428918301,13.8432339258487,17.828754076457805,17.05221008728713,14.628721585534315,"|0,0>","|1,0>","|2,0>","|0,1>","|2,1>","|1,1>","|1,2>","|3,0>","|0,2>","|3,1>","|5,0>","|4,0>"
6.922,1.5,0.351641,15.311019996503607,0.5,0.18000000000000005,-0.2871241814423868,-0.01136790403129595,0.01136790403129595,0.0,3.955502011205027,7.623879840967668,6.922771004908753,10.866905112082485,13.845496946739487,0.0,3.955502011205027,7.623879840967668,6.9214687002949375,13.731039178305444,10.866905112082485,17.545295816088874,10.984650307313153,13.842889111751823,17.779719276619964,16.8670621182493,14.546412334060271,"|0,0>","|1,0>","|2,0>","|0,1>","|2,1>","|1,1>","|1,2>","|3,0>","|0,2>","|3,1>","|5,0>","|4,0>"
6.922,1.5,0.351641,15.311019996503607,0.5,0.19000000000000006,-0.2878891805953643,-0.03097676278473216,0.03097676278473216,0.0,3.9122074956886266,7.536525810781889,6.922771004908753,10.804001737812648,13.845496946739487,0.0,3.9122074956886266,7.536525810781889,6.921233328514205,13.535147746684025,10.804001737812648,17.296023149809052,10.872911975770968,13.842407369834454,17.71124573770873,16.672278027858987,14.459072147689149,"|0,0>","|1,0>","|2,0>","|0,1>","|2,1>","|1,1>","|1,2>","|3,0>","|0,2>","|3,1>","|5,0>","|4,0>"
6.922,1.5,0.351641,15.311019996503607,0.5,0.20000000000000007,-0.28869548355381625,0.011513188679970199,0.011513188679970199,0.0,3.8663696591693864,7.4440438347849565,6.922771004908753,10.80065385275811,13.845496946739487,0.0,3.8663696591693864,7.4440438347849565,6.9209294095184575,13.326663296813145,10.80065385275811,17.037185691151954,10.691477806833781,13.841796924895725,17.602244084935585,16.468069344113438,14.366661949474086,"|0,0>","|1,0>","|2,0>","|0,1>","|2,1>","|1,1>","|1,2>","|3,0>","|0,2>","|3,1>","|5,0>","|4,0>"
6.922,1.5,0.351641,15.311019996503607,0.5,0.20999999999999996,-0.2895086553917423,0.005556306228051255,0.005556306228051255,0.0,3.8179477226306417,7.346386789869541,6.922771004908753,10.746275033767446,13.845496946739487,0.0,3.8179477226306417,7.346386789869541,6.920506693397549,13.105266230691242,10.746275033767446,16.769530883159604,10.550811511499987,13.84095251461531,17.465406333104468,16.254674775603945,14.269181505088838,"|0,0>","|1,0>","|2,0>","|0,1>","|2,1>","|1,1>","|1,2>","|3,0>","|0,2>","|3,1>","|5,0>","|4,0>"
6.922,1.5,0.351641,15.311019996503607,0.5,0.21999999999999997,-0.29022763404355345,0.003316573471671802,0.003316573471671802,0.0,3.7668960952111377,7.243564556378722,6.922771004908753,10.692983673591563,13.845496946739487,0.0,3.7668960952111377,7.243564556378722,6.919844552731924,12.870633720155986,10.692983673591563,16.493854853143525,10.398663939862267,13.839638058412696,17.315121079895412,16.03236255550211,14.166753382787213,"|0,0>","|1,0>","|2,0>","|0,1>","|2,1>","|1,1>","|1,2>","|3,0>","|0,2>","|3,1>","|5,0>","|4,0>"
6.922,1.5,0.351641,15.311019996503607,0.5,0.22999999999999998,-0.29049955095454294,0.0021388339971508685,0.0021388339971508685,0.0,3.7131637595420486,7.135827968129554,6.922771004908753,10.638073598447953,13.845496946739487,0.0,3.7131637595420486,7.135827968129554,6.91856574669233,12.622458180749128,10.638073598447953,15.801432728360574,10.237602920566893,13.837135545798724,17.155091696881932,16.210993713417757,14.059966746417267,"|0,0>","|1,0>","|2,0>","|0,1>","|2,1>","|1,1>","|1,2>","|3,0>","|0,2>","|3,1>","|5,0>","|4,0>"
6.922,1.5,0.351641,15.311019996503607,0.5,0.24,-0.28836044449780474,0.001395153699050411,0.001395153699050411,0.0,3.6566935578468716,7.025026671195938,6.922771004908753,10.580859716454675,13.845496946739487,0.0,3.6566935578468716,7.025026671195938,6.914675738221014,12.360465074252978,10.580859716454675,15.56221931409187,10.06816839294725,13.829996596019235,16.986304979572715,15.921811778139379,13.95212234647476,"|0,0>","|1,0>","|2,0>","|0,1>","|2,1>","|1,1>","|1,2>","|3,0>","|0,2>","|3,1>","|5,0>","|4,0>"
6.922,1.5,0.351641,15.311019996503607,0.5,0.25,-0.2551741838344199,0.0008684679333157419,0.0008684679333157419,0.0,3.5974213610186254,6.939668538202831,6.922771004908753,10.521060833860695,13.845496946739487,0.0,3.5974213610186254,6.939668538202831,6.879499763716446,12.084434125507151,10.521060833860695,15.315092271874,9.890490787843014,13.789706105114071,16.809071681539073,15.627186922756515,13.871565034701298,"|0,0>","|1,0>","|2,0>","|0,1>","|2,1>","|1,1>","|1,2>","|3,0>","|0,2>","|3,1>","|5,0>","|4,0>"
6.922,1.5,0.351641,15.311019996503607,0.5,0.26,-0.30456811914727666,0.00046479437655477795,0.00046479437655477795,0.0,3.535275099584709,6.765982080022141,6.922771004908753,10.458510898870017,13.845496946739487,0.0,3.535275099584709,6.765982080022141,6.92661601015773,11.794223861227138,10.458510898870017,15.06045917715619,9.704581507712149,13.85276662071405,16.623487274042304,15.327993774148155,13.681594635262101,"|0,0>","|1,0>","|2,0>","|0,1>","|2,1>","|1,1>","|1,2>","|3,0>","|0,2>","|3,1>","|5,0>","|4,0>"
6.922,1.5,0.351641,15.311019996503607,0.5,0.27,-0.3048809079450905,0.00013707835998388873,0.00013707835998388873,0.0,3.470173631716861,6.6354663554886315,6.922771004908753,10.393081714985598,13.845496946739487,0.0,3.470173631716861,6.6354663554886315,6.92430013081362,11.489798725416108,10.393081714985598,14.798766518444367,9.510412592754335,13.848424463366769,16.429567979224274,15.025085943312973,13.552733774523688,"|0,0>","|1,0>","|2,0>","|0,1>","|2,1>","|1,1>","|1,2>","|3,0>","|0,2>","|3,1>","|5,0>","|4,0>"
6.922,1.5,0.351641,15.311019996503607,0.5,0.28,-0.30696906783983735,-0.00014073290257243798,0.00014073290257243798,0.0,3.402025419422756,6.497081771005675,6.922771004908753,10.324655691428937,13.845496946739487,0.0,3.402025419422756,6.497081771005675,6.923327354965615,11.17125765360381,10.324655691428937,14.719279021852408,9.307947152490293,13.84652618386692,16.227302406526753,14.530500519578446,13.414863586528135,"|0,0>","|1,0>","|2,0>","|0,1>","|2,1>","|1,1>","|1,2>","|3,0>","|0,2>","|3,1>","|5,0>","|4,0>"
6.922,1.5,0.351641,15.311019996503607,0.5,0.29000000000000004,-0.30999620209518497,-0.0003841519846901065,0.0003841519846901065,0.0,3.3307269799440107,6.351457757792836,6.922771004908753,10.253113832868074,13.845496946739487,0.0,3.3307269799440107,6.351457757792836,6.922755744470528,10.838862855708605,10.253113832868074,14.411336582000665,9.097155524894,13.84539458970223,16.01667674965217,14.256187400442819,13.269337210889852,"|0,0>","|1,0>","|2,0>","|0,1>","|2,1>","|1,1>","|1,2>","|3,0>","|0,2>","|3,1>","|5,0>","|4,0>"
6.922,1.5,0.351641,15.311019996503607,0.5,0.30000000000000004,-0.31386905076816163,-0.0006029214094738222,0.0006029214094738222,0.0,3.2561610759815025,6.198453101194843,6.922771004908753,10.178329159480782,13.845496946739487,0.0,3.2561610759815025,6.198453101194843,6.922354235494865,10.493067758048312,10.178329159480782,14.10196383770338,8.878027152017381,13.844588241426948,15.79769092453239,13.976393008050223,13.116203753016634,"|0,0>","|1,0>","|2,0>","|0,1>","|2,1>","|1,1>","|1,2>","|3,0>","|0,2>","|3,1>","|5,0>","|4,0>"
6.922,1.5,0.351641,15.311019996503607,0.5,0.31000000000000005,-0.3186846124049936,-0.0008033971512588778,0.0008033971512588778,0.0,3.1781946067405187,6.037704601076044,6.922771004908753,10.100162214498013,13.845496946739487,0.0,3.1781946067405187,6.037704601076044,6.922039060767588,10.134543626643193,10.100162214498013,13.791691054205799,8.650581708482008,13.844050584376149,15.57037187665614,13.691721784895279,12.955155163994988,"|0,0>","|1,0>","|2,0>","|0,1>","|2,1>","|1,1>","|1,2>","|3,0>","|0,2>","|3,1>","|5,0>","|4,0>"
6.922,1.5,0.351641,15.311019996503607,0.5,0.32000000000000006,-0.3246428441859379,-0.0009898256238614067,0.0009898256238614067,0.0,3.096676164398154,5.8687094846103705,6.922771004908753,10.018457343683046,13.845496946739487,0.0,3.096676164398154,5.8687094846103705,6.921772289914266,9.7642052575736,10.018457343683046,13.48134893771752,8.414881005206915,13.843452760907986,15.334786672682917,13.402815097176095,12.785689683488549,"|0,0>","|1,0>","|2,0>","|0,1>","|2,1>","|1,1>","|1,2>","|3,0>","|0,2>","|3,1>","|5,0>","|4,0>"
6.922,1.5,0.351641,15.311019996503607,0.5,0.33000000000000007,-0.3320369797613907,-0.0011650644169094448,0.0011650644169094448,0.0,3.0114332315776196,5.690829483393848,6.922771004908753,9.933039172069464,13.845496946739487,0.0,3.0114332315776196,5.690829483393848,6.921533720783891,9.383237060149078,9.933039172069464,13.110349026903599,8.17104246738112,13.842970287076305,15.091056660367066,13.171254473871848,12.60713226978499,"|0,0>","|1,0>","|2,0>","|0,1>","|2,1>","|1,1>","|1,2>","|3,0>","|0,2>","|3,1>","|5,0>","|4,0>"
6.922,1.5,0.351641,15.311019996503607,0.5,0.33999999999999997,-0.3412665647461566,-0.0013310033486533257,0.0013310033486533257,0.0,2.922269022390033,5.503271480033909,6.922771004908753,9.843709023950133,13.845496946739487,0.0,2.922269022390033,5.503271480033909,6.9213106095304155,8.993121536237062,9.843709023950133,12.815031844736886,7.919254697845638,13.842521559808638,14.839373439654885,12.86198255173867,12.418607222633916,"|0,0>","|1,0>","|2,0>","|0,1>","|2,1>","|1,1>","|1,2>","|3,0>","|0,2>","|3,1>","|5,0>","|4,0>"
6.922,1.5,0.351641,15.311019996503607,0.5,0.35,-0.3528604339079422,-0.001488813505552855,0.001488813505552855,0.0,2.8289590261949513,5.3050576184819604,6.922771004908753,9.750241217598152,13.845496946739487,0.0,2.8289590261949513,5.3050576184819604,6.92109251033758,8.595672166271193,9.750241217598152,12.517601530999961,7.659795520196717,13.842083550151123,14.580017156605358,12.554092927860871,12.218976622087787,"|0,0>","|1,0>","|2,0>","|0,1>","|2,1>","|1,1>","|1,2>","|3,0>","|0,2>","|3,1>","|5,0>","|4,0>"
6.922,1.5,0.351641,15.311019996503607,0.5,0.36,-0.3675033689016587,-0.0016390912177897121,0.0016390912177897121,0.0,2.731247423532153,5.0949914781626475,6.922771004908753,9.652379337223117,13.845496946739487,0.0,2.731247423532153,5.0949914781626475,6.920866220970588,8.193071867471367,9.652379337223117,12.218823910588831,7.393052866607256,13.841629358885449,14.313377546959693,12.248279231070732,12.006732024797863,"|0,0>","|1,0>","|2,0>","|0,1>","|2,1>","|1,1>","|1,2>","|3,0>","|0,2>","|3,1>","|5,0>","|4,0>"
6.922,1.5,0.351641,15.311019996503607,0.5,0.37,-0.38605792945183026,-0.0017819338558524578,0.0017819338558524578,0.0,2.628843750758115,4.8716295720644,6.922771004908753,9.549832821811016,13.845496946739487,0.0,2.628843750758115,4.8716295720644,6.920602873366725,7.787918966430219,9.549832821811016,11.919492231715232,7.119548917933706,13.841100870391962,14.039978169834122,11.945545306501067,11.779814335688833,"|0,0>","|1,0>","|2,0>","|0,1>","|2,1>","|1,1>","|1,2>","|3,0>","|0,2>","|3,1>","|5,0>","|4,0>"
6.922,1.5,0.351641,15.311019996503607,0.5,0.38,-0.40956558775009455,-0.0019169695379162022,0.0019169695379162022,0.0,2.5214205711058497,4.633275554461605,6.922771004908753,9.442274606476687,13.845496946739487,0.0,2.5214205711058497,4.633275554461605,6.920183549722935,7.383320767918207,9.442274606476687,11.620429387508395,6.839968039638322,13.840259010485582,13.760504391693601,11.647354645460751,11.535483294177467,"|0,0>","|1,0>","|2,0>","|0,1>","|2,1>","|1,1>","|1,2>","|3,0>","|0,2>","|3,1>","|5,0>","|4,0>"
6.922,1.5,0.351641,15.311019996503607,0.5,0.39,-0.4391997876783762,-0.0020433569331714807,0.0020433569331714807,0.0,2.408613605241513,4.378027422804649,6.922771004908753,9.329341253217095,13.845496946739487,0.0,2.408613605241513,4.378027422804649,6.916676561512233,6.985596282583472,9.329341253217095,11.322494537515496,6.555189347161033,13.833498407266418,13.475835961053619,11.35447959369273,11.271541909960249,"|0,0>","|1,0>","|2,0>","|0,1>","|2,1>","|1,1>","|1,2>","|3,0>","|0,2>","|3,1>","|5,0>","|4,0>"
6.922,1.5,0.351641,15.311019996503607,0.5,0.4,-0.4761322339990173,-0.0021597722967783284,0.0021597722967783284,0.0,2.290027043464626,4.103921852930235,6.922771004908753,9.210638276076601,13.845496946739487,0.0,2.290027043464626,4.103921852930235,6.921179831276596,6.587337869140448,9.210638276076601,11.026596815408872,6.266325314298321,13.505994581618928,13.187085588343159,11.062795503851198,10.990716763269383,"|0,0>","|1,0>","|2,0>","|0,1>","|2,1>","|1,1>","|1,2>","|3,0>","|0,2>","|3,1>","|5,0>","|4,0>"
6.922,1.5,0.351641,15.311019996503607,0.5,0.41000000000000003,-0.5212754577921714,-0.002264409278978974,0.002264409278978974,0.0,2.1652491002818124,3.8092227427714533,6.922771004908753,9.085755695911587,13.845496946739487,0.0,2.1652491002818124,3.8092227427714533,6.920624636298939,6.205400630561513,9.085755695911587,10.733720505780639,5.974769021809919,12.89564612596267,13.124829244984213,10.76506887325074,10.699195676351735,"|0,0>","|1,0>","|2,0>","|0,1>","|2,1>","|1,1>","|1,2>","|3,0>","|0,2>","|3,1>","|5,0>","|4,0>"
6.922,1.5,0.351641,15.311019996503607,0.5,0.42000000000000004,-0.5749006015412448,-0.002355034276895651,0.002355034276895651,0.0,2.0338872750995094,3.492873948657774,6.922771004908753,8.954303245731367,13.845496946739487,0.0,2.0338872750995094,3.492873948657774,6.920360032747041,5.838002437613881,8.954303245731367,10.395352781712262,5.682255196064432,12.603251497303347,12.757928875848265,10.444969419064364,10.462735936588501,"|0,0>","|1,0>","|2,0>","|0,1>","|2,1>","|1,1>","|1,2>","|3,0>","|0,2>","|3,1>","|5,0>","|4,0>"
6.922,1.5,0.351641,15.311019996503607,0.5,0.43000000000000005,-0.6362095227136493,-0.002429166130127669,0.002429166130127669,0.0,1.8956413873576636,3.155073252001678,6.922771004908753,8.81598322613629,13.845496946739487,0.0,1.8956413873576636,3.155073252001678,6.920163499290489,5.488375467796082,8.81598322613629,10.067532832026565,5.3909460428592055,12.312062385330158,12.4087245827889,10.161645236585407,10.168770514340814,"|0,0>","|1,0>","|2,0>","|0,1>","|2,1>","|1,1>","|1,2>","|3,0>","|0,2>","|3,1>","|5,0>","|4,0>"
6.922,1.5,0.351641,15.311019996503607,0.5,0.44000000000000006,-0.7030270640771334,-0.0024844756571553717,0.0024844756571553717,0.0,1.750450259159848,2.7978734542425627,6.922771004908753,8.670736788411446,13.845496946739487,0.0,1.750450259159848,2.7978734542425627,6.9199965165696256,5.158835728624041,8.670736788411446,9.714383991423688,5.103567061525098,12.024801886842852,12.079551426782217,9.885390362793927,9.888088414675906,"|0,0>","|1,0>","|2,0>","|0,1>","|2,1>","|1,1>","|1,2>","|3,0>","|0,2>","|3,1>","|5,0>","|4,0>"
6.922,1.5,0.351641,15.311019996503607,0.5,0.45000000000000007,-0.7717871817169311,-0.0025194984480094718,0.0025194984480094718,0.0,1.5987877096618206,2.42578823760671,6.922771004908753,8.519039216122565,13.845496946739487,0.0,1.5987877096618206,2.42578823760671,6.919847572936874,4.823653965427212,8.519039216122565,9.343801766087182,4.851154820304174,11.772177676408816,11.745002305296353,9.618463421242339,9.619473858334203,"|0,0>","|1,0>","|2,0>","|0,1>","|2,1>","|1,1>","|1,2>","|3,0>","|0,2>","|3,1>","|5,0>","|4,0>"
6.922,1.5,0.351641,15.311019996503607,0.5,0.45999999999999996,-0.8378723915243427,-0.002534659028611941,0.002534659028611941,0.0,1.44228044592181,2.046688500319277,6.922771004908753,8.362516791801951,13.845496946739487,0.0,1.44228044592181,2.046688500319277,6.919712775801344,4.556066522841832,8.362516791801951,8.965307374304828,4.5673896386893915,11.488656818747941,11.477518976096391,9.36431100098551,9.3646575692146,unlabeled,unlabeled,unlabeled,unlabeled,unlabeled,unlabeled,unlabeled,unlabeled,unlabeled,unlabeled,unlabeled,unlabeled
6.922,1.5,0.351641,15.311019996503607,0.5,0.47,-0.8962108742814436,-0.0025333328070473726,0.0025333328070473726,0.0,1.2850718123680664,1.6739327504546893,6.922771004908753,8.205309484469772,13.845496946739487,0.0,1.2850718123680664,1.6739327504546893,6.91959160087486,4.30817931086407,8.205309484469772,8.592821957483956,4.311598791145265,11.233048385839531,11.22972122192595,9.128851595292055,9.128947220255164,unlabeled,unlabeled,unlabeled,unlabeled,unlabeled,unlabeled,unlabeled,unlabeled,unlabeled,unlabeled,unlabeled,unlabeled
6.922,1.5,0.351641,15.311019996503607,0.5,0.48,-0.9419626072652605,-0.0025222413660799248,0.0025222413660799248,0.0,1.136969064058981,1.3319755208527013,6.922771004908753,8.057217827601654,13.845496946739487,0.0,1.136969064058981,1.3319755208527013,6.919486601713764,4.092785150437287,8.057217827601654,8.251003367132888,4.093322453785284,11.014896806429327,11.014396296763401,8.923506926409381,8.923522984872058,unlabeled,unlabeled,unlabeled,unlabeled,unlabeled,unlabeled,unlabeled,unlabeled,unlabeled,unlabeled,unlabeled,unlabeled
6.922,1.5,0.351641,15.311019996503607,0.5,0.49,-0.9711550840339953,-0.002510237667848969,0.002510237667848969,0.0,1.0199908296694815,1.0688265753049677,6.922771004908753,7.940251596910386,13.845496946739487,0.0,1.0199908296694815,1.0688265753049677,6.919406864620299,3.9343493309668958,7.940251596910386,7.987933532191207,3.9343360761245947,10.855982659116208,10.856004429286287,8.771606378522577,8.77160681720899,unlabeled,unlabeled,unlabeled,unlabeled,unlabeled,unlabeled,unlabeled,unlabeled,unlabeled,unlabeled,unlabeled,unlabeled
6.922,1.5,0.351641,15.311019996503607,0.5,0.5,-0.9811874123729112,-0.0025051771081621155,0.0025051771081621155,0.0,0.9725917322470607,0.9639960521212103,6.922771004908753,7.892857560047652,13.845496946739487,0.0,0.9725917322470607,0.9639960521212103,6.919374440501038,3.8729423936593363,7.892857560047652,7.883132406206663,3.8729494234244086,10.794619606755496,10.79461257613466,8.71246612367434,8.712466155549073,unlabeled,unlabeled,unlabeled,unlabeled,unlabeled,unlabeled,unlabeled,unlabeled,unlabeled,unlabeled,unlabeled,unlabeled
6.922,1.0,0.526901,22.954324211355036,0.5,-0.5,-0.9874906004329276,-0.0037554181014272103,0.0037554181014272103,0.0,0.9746230275393231,0.9617554546457185,6.922928722885871,7.893796332323767,13.845696214576648,0.0,0.9746230275393231,0.9617554546457185,6.917837803253235,3.872392560848766,7.893796332323767,7.87924169079669,3.8724083119134036,10.793694190537593,10.793678468522963,8.710393768365968,8.71039387542497,unlabeled,unlabeled,unlabeled,unlabeled,unlabeled,unlabeled,unlabeled,unlabeled,unlabeled,unlabeled,unlabeled,unlabeled
6.922,1.0,0.526901,22.954324211355036,0.5,-0.49,-0.9774240698833623,-0.0037630609059320363,0.0037630609059320363,0.0,1.0220927727800841,1.066761475676806,6.922928722885871,7.941258434760023,13.845696214576648,0.0,1.0220927727800841,1.066761475676806,6.91788691469754,3.9338701607560154,7.941258434760023,7.9842033774133725,3.933829916265104,10.855080625494388,10.855133412168101,8.76960746389208,8.769607619651246,unlabeled,unlabeled,unlabeled,unlabeled,unlabeled,unlabeled,unlabeled,unlabeled,unlabeled,unlabeled,unlabeled,unlabeled
6.922,1.0,0.526901,22.954324211355036,0.5,-0.48,-0.9481287558937552,-0.0037811965650575985,0.0037811965650575985,0.0,1.1391752039620897,1.3302216520304242,6.922928722885871,8.058322730282903,13.845696214576648,0.0,1.1391752039620897,1.3302216520304242,6.918007414613832,4.092409831152892,8.058322730282903,8.247544894583115,4.092812676940227,11.013955727900651,11.013607067067525,8.921618227054466,8.92163985199958,unlabeled,unlabeled,unlabeled,unlabeled,unlabeled,unlabeled,unlabeled,unlabeled,unlabeled,unlabeled,unlabeled,unlabeled
6.922,1.0,0.526901,22.954324211355036,0.5,-0.47,-0.9022052605711011,-0.0037979846308004994,0.0037979846308004994,0.0,1.2873197409383224,1.6724342213055436,6.922928722885871,8.206450479193393,13.845696214576648,0.0,1.2873197409383224,1.6724342213055436,6.918165718868892,4.307844015997894,8.206450479193393,8.589550973643625,4.310949251180659,11.23190628054499,11.22893726126862,9.12700792306206,9.127143854146738,unlabeled,unlabeled,unlabeled,unlabeled,unlabeled,unlabeled,unlabeled,unlabeled,unlabeled,unlabeled,unlabeled,unlabeled
6.922,1.0,0.526901,22.954324211355036,0.5,-0.46,-0.8436270046056009,-0.0038000951500976043,0.0038000951500976043,0.0,1.4445059396692557,2.0453848747329104,6.922928722885871,8.363634567405029,13.845696214576648,0.0,1.4445059396692557,2.0453848747329104,6.918348110561574,4.555704167735655,8.363634567405029,8.962100989888441,4.566461491060302,11.487146365234416,11.476663048905444,9.362438125623108,9.362936562831806,unlabeled,unlabeled,unlabeled,unlabeled,unlabeled,unlabeled,unlabeled,unlabeled,unlabeled,unlabeled,unlabeled,unlabeled
6.922,1.0,0.526901,22.954324211355036,0.5,-0.45,-0.7772382311127899,-0.003777424528621509,0.003777424528621509,0.0,1.600945311654833,2.424652392196876,6.922928722885871,8.520096610012082,13.845696214576648,0.0,1.600945311654833,2.424652392196876,6.918550776501164,4.82321472863547,8.520096610012082,9.340474383442029,4.8498303021169065,11.770150352749077,11.744017235060433,9.6164996649917,9.617955384096284,"|0,0>","|1,0>","|2,0>","|0,1>","|2,1>","|1,1>","|4,0>","|3,0>","|0,2>","|1,2>","|3,1>","|5,0>"
6.922,1.0,0.526901,22.954324211355036,0.5,-0.44,-0.7081206435800382,-0.0037249159599213044,0.0037249159599213044,0.0,1.7525098536003725,2.7968990636207067,6.922928722885871,8.671713660526322,13.845696214576648,0.0,1.7525098536003725,2.7968990636207067,6.918774517787753,5.157020371398055,8.671713660526322,9.710517394455287,5.103015149096336,12.023647164496161,12.076881303549719,9.883285324084405,9.887161166396531,"|0,0>","|1,0>","|2,0>","|0,1>","|2,1>","|1,1>","|4,0>","|3,0>","|0,2>","|1,2>","|3,1>","|5,0>"
6.922,1.0,0.526901,22.954324211355036,0.5,-0.43,-0.6409084781077752,-0.003641953729200509,0.003641953729200509,0.0,1.8975831670275554,3.1542578559473355,6.922928722885871,8.816869936184226,13.845696214576648,0.0,1.8975831670275554,3.1542578559473355,6.919025157360132,5.4859993515504115,8.816869936184226,10.062125654811638,5.390254970632405,12.310709040273963,12.405311724887689,10.15935700396441,10.16941662643817,"|0,0>","|1,0>","|2,0>","|0,1>","|2,1>","|1,1>","|4,0>","|3,0>","|0,2>","|1,2>","|3,1>","|5,0>"
6.922,1.0,0.526901,22.954324211355036,0.5,-0.42,-0.5791898823849806,-0.0035307590214941342,0.0035307590214941342,0.0,2.0356982139403144,3.492206545495648,6.922928722885871,8.955096177804691,13.845696214576648,0.0,2.0356982139403144,3.492206545495648,6.919319852919315,5.835019188832817,8.955096177804691,10.387340919215262,5.681404589730533,12.601678385157605,12.753698469408064,10.44246283866503,10.465990989424562,"|0,0>","|1,0>","|2,0>","|0,1>","|2,1>","|1,1>","|4,0>","|3,0>","|0,2>","|1,2>","|3,1>","|5,0>"
6.922,1.0,0.526901,22.954324211355036,0.5,-0.41000000000000003,-0.5251631148807263,-0.003394847845591187,0.003394847845591187,0.0,2.1669206906146528,3.808678266348579,6.922928722885871,9.086454565654932,13.845696214576648,0.0,2.1669206906146528,3.808678266348579,6.919715785085323,6.20177384534567,9.086454565654932,10.730966135117484,5.973742625029978,12.893837432309084,13.119707639023169,10.68962173314894,10.76984245766949,"|0,0>","|1,0>","|2,0>","|0,1>","|2,1>","|1,1>","|4,0>","|3,0>","|0,2>","|1,2>","|3,1>","|5,0>"
6.922,1.0,0.526901,22.954324211355036,0.5,-0.4,-0.47964533512804053,-0.003237960251986749,0.003237960251986749,0.0,2.291553844945682,4.103462354763323,6.922928722885871,9.211244607579566,13.845696214576648,0.0,2.291553844945682,4.103462354763323,6.920539809612642,6.582950404046201,9.211244607579566,10.98037599918164,6.26510972620477,13.49973800112199,13.185029126174861,11.023570194013963,11.06822520806358,"|0,0>","|1,0>","|2,0>","|0,1>","|2,1>","|1,1>","|4,0>","|3,0>","|0,2>","|1,2>","|3,1>","|5,0>"
6.922,1.0,0.526901,22.954324211355036,0.5,-0.39,-0.4423772635982388,-0.003063461625153252,0.003063461625153252,0.0,2.4099922995932914,4.377607335588344,6.922928722885871,9.329857560854009,13.845696214576648,0.0,2.4099922995932914,4.377607335588344,6.9136470015945335,6.983142656343276,9.329857560854009,11.261163164495997,6.553773186328243,13.827635137651384,13.473521975370033,11.319175606606287,11.359756647810116,"|0,0>","|1,0>","|2,0>","|0,1>","|2,1>","|1,1>","|4,0>","|3,0>","|0,2>","|1,2>","|3,1>","|5,0>"
6.922,1.0,0.526901,22.954324211355036,0.5,-0.38,-0.4124510434547446,-0.0028740745146365043,0.0028740745146365043,0.0,2.522649336531721,4.632847629608698,6.922928722885871,9.442703984902955,13.845696214576648,0.0,2.522649336531721,4.632847629608698,6.919047053958053,7.378562622497718,9.442703984902955,11.526459157156367,6.838341364689292,13.837840321802517,13.75792469427003,11.616801995268368,11.651002110066685,"|0,0>","|1,0>","|2,0>","|0,1>","|2,1>","|1,1>","|4,0>","|3,0>","|0,2>","|1,2>","|3,1>","|5,0>"
6.922,1.0,0.526901,22.954324211355036,0.5,-0.37,-0.38869444581698076,-0.002671797184831348,0.002671797184831348,0.0,2.6299218426293294,4.871149239441678,6.922928722885871,9.550178768330369,13.845696214576648,0.0,2.6299218426293294,4.871149239441678,6.919681003682506,7.782581411961694,9.550178768330369,11.772617883359025,7.117702809387815,13.839114653970704,14.037125491287192,11.915543699965355,11.947007960136055,"|0,0>","|1,0>","|2,0>","|0,1>","|2,1>","|1,1>","|4,0>","|3,0>","|0,2>","|1,2>","|3,1>","|5,0>"
6.922,1.0,0.526901,22.954324211355036,0.5,-0.36,-0.369930747974891,-0.0024579055055724552,0.0024579055055724552,0.0,2.732174890537337,5.094419033099783,6.922928722885871,9.652645707917635,13.845696214576648,0.0,2.732174890537337,5.094419033099783,6.920077017757684,8.187282733465047,9.652645707917635,12.000917288566853,7.390979112906756,13.839909918492339,14.310245028767085,12.214544651245937,12.247926793844428,"|0,0>","|1,0>","|2,0>","|0,1>","|2,1>","|1,1>","|4,0>","|3,0>","|0,2>","|1,2>","|3,1>","|5,0>"
6.922,1.0,0.526901,22.954324211355036,0.5,-0.35,-0.3551143919453139,-0.0022329741506297296,0.0022329741506297296,0.0,2.829736516699839,5.304358641454364,6.922928722885871,9.75043226543508,13.845696214576648,0.0,2.829736516699839,5.304358641454364,6.920416573002306,8.589494602337055,9.75043226543508,12.214041218035703,7.657486369427822,13.84059172292605,14.576597925214429,12.512984704920285,12.552358544535927,"|0,0>","|1,0>","|2,0>","|0,1>","|2,1>","|1,1>","|4,0>","|3,0>","|0,2>","|1,2>","|3,1>","|5,0>"
6.922,1.0,0.526901,22.954324211355036,0.5,-0.33999999999999997,-0.34337918223594954,-0.0019968790496989186,0.0019968790496989186,0.0,2.9228976515229874,5.502416120810025,6.922928722885871,9.84382949535916,13.845696214576648,0.0,2.9228976515229874,5.502416120810025,6.920743445523847,8.98660155196523,9.84382949535916,12.414199826196885,7.916702644869531,13.841248464987913,14.835660214320825,12.810073057595645,12.859154610270195,"|0,0>","|1,0>","|2,0>","|0,1>","|2,1>","|1,1>","|4,0>","|3,0>","|0,2>","|1,2>","|3,1>","|5,0>"
6.922,1.0,0.526901,22.954324211355036,0.5,-0.32999999999999996,-0.3340379255906001,-0.0017487557651350016,0.0017487557651350016,0.0,3.0119144895451555,5.689791053499711,6.922928722885871,9.933094456665891,13.845696214576648,0.0,3.0119144895451555,5.689791053499711,6.921077527482495,9.376412358769763,9.933094456665891,12.603018986879519,8.168240048182511,13.841921032715177,15.0870413487051,13.105046058316262,13.167508087452326,"|0,0>","|1,0>","|2,0>","|0,1>","|2,1>","|1,1>","|4,0>","|3,0>","|0,2>","|1,2>","|3,1>","|5,0>"
6.922,1.0,0.526901,22.954324211355036,0.5,-0.32,-0.32656122460148396,-0.001486890194200896,0.001486890194200896,0.0,3.097011852965146,5.867462481328808,6.922928722885871,10.018453685656816,13.845696214576648,0.0,3.097011852965146,5.867462481328808,6.921434440944452,9.757107959247882,10.018453685656816,12.781706214244231,8.41182056798118,13.842645345004463,15.330459903262032,13.397167660462763,13.47678888850379,"|0,0>","|1,0>","|2,0>","|0,1>","|2,1>","|1,1>","|4,0>","|3,0>","|0,2>","|1,2>","|3,1>","|5,0>"
6.922,1.0,0.526901,22.954324211355036,0.5,-0.31,-0.3205517024690039,-0.001208509613874753,0.001208509613874753,0.0,3.178386795066473,6.036221887663942,6.922928722885871,10.100107008338469,13.845696214576648,0.0,3.178386795066473,6.036221887663942,6.92183312775439,10.127201339472819,10.100107008338469,12.951173590207134,8.647255123821587,13.843571383504909,15.56572240439403,13.685731315738444,13.786326877832074,"|0,0>","|1,0>","|2,0>","|0,1>","|2,1>","|1,1>","|4,0>","|3,0>","|0,2>","|1,2>","|3,1>","|5,0>"
6.922,1.0,0.526901,22.954324211355036,0.5,-0.3,-0.31572284204801093,-0.0009094208332314224,0.0009094208332314224,0.0,3.256212069779039,6.196701297510067,6.922928722885871,10.178231371831679,13.845696214576648,0.0,3.256212069779039,6.196701297510067,6.9223034750845756,10.485504043562976,10.178231371831679,13.112107966829669,8.874425409901889,13.84431655416936,15.79270481721501,13.970062480683708,14.096008449787298,"|0,0>","|1,0>","|2,0>","|0,1>","|2,1>","|1,1>","|4,0>","|3,0>","|0,2>","|1,2>","|3,1>","|5,0>"
6.922,1.0,0.526901,22.954324211355036,0.5,-0.29000000000000004,-0.3118903570599372,-0.0005833992415134048,0.0005833992415134048,0.0,3.3306392998218897,6.349388242583842,6.922928722885871,10.252984623466247,13.845696214576648,0.0,3.3306392998218897,6.349388242583842,6.922901326005089,10.831097451990658,10.252984623466247,13.264997180485203,9.093268138160745,13.845519127683247,16.01133621225351,14.249521170089551,14.4047146634313,"|0,0>","|1,0>","|2,0>","|0,1>","|2,1>","|1,1>","|4,0>","|3,0>","|0,2>","|1,2>","|3,1>","|5,0>"
6.922,1.0,0.526901,22.954324211355036,0.5,-0.28,-0.30899421696587126,-0.00022114602364098346,0.00022114602364098346,0.0,3.401801785545473,6.494609354125075,6.922928722885871,10.324509362407703,13.845696214576648,0.0,3.401801785545473,6.494609354125075,6.923749134787052,11.163306630234452,10.324509362407703,13.410091789502971,9.303761232456033,13.847188456944046,16.221584002739192,14.523504189678569,14.712026581384684,"|0,0>","|1,0>","|2,0>","|0,1>","|2,1>","|1,1>","|4,0>","|3,0>","|0,2>","|1,2>","|3,1>","|5,0>"
6.922,1.0,0.526901,22.954324211355036,0.5,-0.27,-0.3072285232419816,0.00019155156627448378,0.00019155156627448378,0.0,3.469816952777933,6.632405382313884,6.922928722885871,10.392937227230078,13.845696214576648,0.0,3.469816952777933,6.632405382313884,6.925180139785837,11.481674668182734,10.392937227230078,13.54717475953418,9.505911354998226,13.84994946271609,16.423439820990488,14.791446830965896,15.017229533098813,"|0,0>","|1,0>","|2,0>","|0,1>","|2,1>","|1,1>","|4,0>","|3,0>","|0,2>","|1,2>","|3,1>","|5,0>"
6.922,1.0,0.526901,22.954324211355036,0.5,-0.26,-0.30779669650329566,0.000677233865189919,0.000677233865189919,0.0,3.534788464683359,6.761780232863423,6.922928722885871,10.45839442143442,13.845696214576648,0.0,3.534788464683359,6.761780232863423,6.928504346329952,11.785936137215785,10.45839442143442,13.6743527643265,9.69974173999568,13.856027327623245,16.616904366946677,15.052823923956865,15.319557692586898,"|0,0>","|1,0>","|2,0>","|0,1>","|2,1>","|1,1>","|4,0>","|3,0>","|0,2>","|1,2>","|3,1>","|5,0>"
6.922,1.0,0.526901,22.954324211355036,0.5,-0.25,-0.24916522807335184,0.0012735454427428294,0.0012735454427428294,0.0,3.5968080334581174,6.944450838842883,6.922928722885871,10.521010301786731,13.845696214576648,0.0,3.5968080334581174,6.944450838842883,6.872270357357586,12.075989242183518,10.521010301786731,13.878195568075192,9.885278303823839,13.779129948264831,16.801967790593096,15.30715022483922,15.618195084631466,"|0,0>","|1,0>","|2,0>","|0,1>","|2,1>","|1,1>","|4,0>","|3,0>","|0,2>","|1,2>","|3,1>","|5,0>"
6.922,1.0,0.526901,22.954324211355036,0.5,-0.24,-0.285760327205395,0.0020479265904000954,0.0020479265904000954,0.0,3.6559569701432366,7.026153613081078,6.922928722885871,10.580933619619508,13.845696214576648,0.0,3.6559569701432366,7.026153613081078,6.910968040829616,12.351867117399344,10.580933619619508,13.955004699768487,10.06252924871275,13.82319080913804,16.978577492407794,15.553980171545511,15.91228847102768,"|0,0>","|1,0>","|2,0>","|0,1>","|2,1>","|1,1>","|4,0>","|3,0>","|0,2>","|1,2>","|3,1>","|5,0>"
6.922,1.0,0.526901,22.954324211355036,0.5,-0.22999999999999998,-0.2895630230384896,0.00313339178887162,0.00313339178887162,0.0,3.7123075091560906,7.135051995273692,6.922928722885871,10.638369623830833,13.845696214576648,0.0,3.7123075091560906,7.135051995273692,6.916628112823979,12.613709296531532,10.638369623830833,14.059956781876956,10.231444771721506,13.833233976039885,17.146571366328203,15.792907075054408,16.200963852574176,"|0,0>","|1,0>","|2,0>","|0,1>","|2,1>","|1,1>","|4,0>","|3,0>","|0,2>","|1,2>","|3,1>","|5,0>"
6.922,1.0,0.526901,22.954324211355036,0.5,-0.21999999999999997,-0.2898234379455644,0.004830633533380535,0.004830633533380535,0.0,3.7659239406417626,7.242024443337961,6.922928722885871,10.693683297061014,13.845696214576648,0.0,3.7659239406417626,7.242024443337961,6.918539750120509,12.86173459505244,10.693683297061014,14.165551427044555,10.391811443454714,13.836932541716976,17.305507291421122,16.023561833323164,16.483343965202018,"|0,0>","|1,0>","|2,0>","|0,1>","|2,1>","|1,1>","|4,0>","|3,0>","|0,2>","|1,2>","|3,1>","|5,0>"
6.922,1.0,0.526901,22.954324211355036,0.5,-0.21000000000000002,-0.28934103391929256,0.007973037417713158,0.007973037417713158,0.0,3.816863579621831,7.34438612532437,6.922928722885871,10.747765339925415,13.845696214576648,0.0,3.816863579621831,7.34438612532437,6.9195333313907526,13.096216511643313,10.747765339925415,14.267329783608268,10.542884494805357,13.838895050915966,17.45413164696486,16.245611261918647,16.75856494782282,"|0,0>","|1,0>","|2,0>","|0,1>","|2,1>","|1,1>","|4,0>","|3,0>","|0,2>","|1,2>","|3,1>","|5,0>"
6.922,1.0,0.526901,22.954324211355036,0.5,-0.2,-0.2886503039377928,0.015715496723075262,0.015715496723075262,0.0,3.8651775968609954,7.441704889784198,6.922928722885871,10.803821816469942,13.845696214576648,0.0,3.8651775968609954,7.441704889784198,6.920167999356167,13.317461850372268,10.803821816469942,14.364384368050423,10.681596969965554,13.840159738477979,17.588430957500996,16.45875613435591,17.025790922508698,"|0,0>","|1,0>","|2,0>","|0,1>","|2,1>","|1,1>","|4,0>","|3,0>","|0,2>","|1,2>","|3,1>","|5,0>"
6.922,1.0,0.526901,22.954324211355036,0.5,-0.19,-0.28791192717913106,-0.040721247353815215,0.040721247353815215,0.0,3.9109117325843314,7.533911537989532,6.922928722885871,10.793119208116387,13.845696214576648,0.0,3.9109117325843314,7.533911537989532,6.920624225056592,13.525792375330354,10.793119208116387,14.4564819186743,10.876813888041454,13.841075684972381,17.696512132964315,16.66272901853013,17.28422576844911,"|0,0>","|1,0>","|2,0>","|0,1>","|2,1>","|1,1>","|4,0>","|3,0>","|0,2>","|1,2>","|3,1>","|5,0>"
6.922,1.0,0.526901,22.954324211355036,0.5,-0.18,-0.2871853203850989,-0.016825012532706296,0.016825012532706296,0.0,3.9541069108737545,7.62102850136241,6.922928722885871,10.86021062122692,13.845696214576648,0.0,3.9541069108737545,7.62102850136241,6.9209774257452,13.721521842955916,10.86021062122692,14.543575587871167,10.984105575126385,13.841802422412236,17.769056320160345,16.857291985665093,17.53312184153461,"|0,0>","|1,0>","|2,0>","|0,1>","|2,1>","|1,1>","|4,0>","|3,0>","|0,2>","|1,2>","|3,1>","|5,0>"
6.922,1.0,0.526901,22.954324211355036,0.5,-0.16999999999999998,-0.28649442829078,-0.009996255464443493,0.009996255464443493,0.0,3.994799769705807,7.703105111120834,6.922928722885871,10.907732237127234,13.845696214576648,0.0,3.994799769705807,7.703105111120834,6.921264566873241,13.905095353829715,10.907732237127234,14.625681603020745,11.10095100096509,13.84228577214136,17.771785745680866,17.042234256241706,17.821124328499856,"|0,0>","|1,0>","|2,0>","|0,1>","|2,1>","|1,1>","|4,0>","|3,0>","|0,2>","|1,2>","|3,1>","|5,0>"
6.922,1.0,0.526901,22.954324211355036,0.5,-0.15999999999999998,-0.28584878411090386,-0.007133874031858056,0.007133874031858056,0.0,4.0330231191571855,7.780197454203467,6.922928722885871,10.948817968011198,13.845696214576648,0.0,4.0330231191571855,7.780197454203467,6.921505843515774,14.07656689618075,10.948817968011198,14.702839331254964,11.214323093877773,13.842814746856938,17.864653736576606,17.21736983394718,17.999581488048484,"|0,0>","|1,0>","|2,0>","|0,1>","|2,1>","|1,1>","|4,0>","|3,0>","|0,2>","|1,2>","|3,1>","|5,0>"
6.922,1.0,0.526901,22.954324211355036,0.5,-0.14999999999999997,-0.28525154131175867,-0.005575316777424177,0.005575316777424177,0.0,4.068806338257886,7.8523611352040135,6.922928722885871,10.986159744366333,13.845696214576648,0.0,4.068806338257886,7.8523611352040135,6.921713189973396,14.236394369352062,10.986159744366333,14.775096338004424,11.321628557767276,13.84323817596092,17.90343743349517,17.382535162986805,18.215931463007834,"|0,0>","|1,0>","|2,0>","|0,1>","|2,1>","|1,1>","|4,0>","|3,0>","|0,2>","|1,2>","|3,1>","|5,0>"
6.922,1.0,0.526901,22.954324211355036,0.5,-0.14,-0.28470291337028186,-0.004589500344167163,0.004589500344167163,0.0,4.102175719257168,7.919648525144055,6.922928722885871,11.020514941798872,13.845696214576648,0.0,4.102175719257168,7.919648525144055,6.921894089299222,14.384803777485082,11.020514941798872,14.842502526241205,11.422200643091458,13.843604796069059,17.938736940185464,17.537586819623222,18.34500117052564,"|0,0>","|1,0>","|2,0>","|0,1>","|2,1>","|1,1>","|4,0>","|3,0>","|0,2>","|1,2>","|3,1>","|5,0>"
6.922,1.0,0.526901,22.954324211355036,0.5,-0.13,-0.2842017672035624,-0.0039051947832575706,0.0039051947832575706,0.0,4.13315476664458,7.982107766085598,6.922928722885871,11.052178294747193,13.845696214576648,0.0,4.13315476664458,7.982107766085598,6.9220534545437715,14.522026967323754,11.052178294747193,14.905108247170524,11.515827492827839,13.843927096529868,17.971068474797015,17.68239918432876,18.437884664150232,"|0,0>","|1,0>","|2,0>","|0,1>","|2,1>","|1,1>","|4,0>","|3,0>","|0,2>","|1,2>","|3,1>","|5,0>"
6.922,1.0,0.526901,22.954324211355036,0.5,-0.12,-0.2837464004545893,-0.003400146026052653,0.003400146026052653,0.0,4.161764457080679,8.039782513706768,6.922928722885871,11.081293033940497,13.845696214576648,0.0,4.161764457080679,8.039782513706768,6.922194631284917,14.64827064600641,11.081293033940497,14.96296477045594,11.602441302120127,13.844212413745339,18.000684087141778,17.816861725365413,18.523902109176227,"|0,0>","|1,0>","|2,0>","|0,1>","|2,1>","|1,1>","|4,0>","|3,0>","|0,2>","|1,2>","|3,1>","|5,0>"
6.922,1.0,0.526901,22.954324211355036,0.5,-0.10999999999999999,-0.2833349320780272,-0.0030115191673374397,0.0030115191673374397,0.0,4.188023465370144,8.09271199866226,6.922928722885871,11.107940669088677,13.845696214576648,0.0,4.188023465370144,8.09271199866226,6.9223199654528,14.76371190145472,11.107940669088677,15.01612719193718,11.682028851369388,13.844465663878566,18.027729768781455,17.940872365103324,18.60298333728972,"|0,0>","|1,0>","|2,0>","|0,1>","|2,1>","|1,1>","|4,0>","|3,0>","|0,2>","|1,2>","|3,1>","|5,0>"
6.922,1.0,0.526901,22.954324211355036,0.5,-0.09999999999999998,-0.28296550023858913,-0.002703853816548474,0.002703853816548474,0.0,4.2119483608327215,8.140931221426854,6.922928722885871,11.132173229902044,13.845696214576648,0.0,4.2119483608327215,8.140931221426854,6.922431141371689,14.868491394476905,11.132173229902044,15.064661775093597,11.754599585496969,13.84469030891318,18.051472142355152,18.05516689356253,18.675105981718048,"|0,0>","|1,0>","|2,0>","|0,1>","|2,1>","|1,1>","|4,0>","|3,0>","|0,2>","|1,2>","|3,1>","|5,0>"
6.922,1.0,0.526901,22.954324211355036,0.5,-0.08999999999999997,-0.282636360746352,-0.0024557015554691475,0.0024557015554691475,0.0,4.233553777673741,8.18447119460113,6.922928722885871,11.154026799004143,13.845696214576648,0.0,4.233553777673741,8.18447119460113,6.922529391492176,14.962695928022121,11.154026799004143,15.108664542232361,11.820172395198789,13.844888856414855,18.074315563205346,18.157325161447588,18.740271030797587,"|0,0>","|1,0>","|2,0>","|0,1>","|2,1>","|1,1>","|4,0>","|3,0>","|0,2>","|1,2>","|3,1>","|5,0>"
6.922,1.0,0.526901,22.954324211355036,0.5,-0.08000000000000002,-0.2823459330866456,-0.0022533870974044135,0.0022533870974044135,0.0,4.252852562429894,8.223359191773142,6.922928722885871,11.17352789821836,13.845696214576648,0.0,4.252852562429894,8.223359191773142,6.922615631132345,15.046305717649801,11.17352789821836,15.148315399581008,11.878769530908862,13.845063157194453,18.094031265335175,18.249552370809617,18.79849138086886,"|0,0>","|1,0>","|2,0>","|0,1>","|2,1>","|1,1>","|4,0>","|3,0>","|0,2>","|1,2>","|3,1>","|5,0>"
6.922,1.0,0.526901,22.954324211355036,0.5,-0.07,-0.2820928186548173,-0.002087831984070476,0.002087831984070476,0.0,4.26985590102241,8.257618983390003,6.922928722885871,11.19069679192421,13.845696214576648,0.0,4.26985590102241,8.257618983390003,6.922690547569097,15.119001232809403,11.19069679192421,15.18407274447469,11.930413580044792,13.84521459510109,18.111369911563592,18.33107142851378,18.84978605419461,"|0,0>","|1,0>","|2,0>","|0,1>","|2,1>","|1,1>","|4,0>","|3,0>","|0,2>","|1,2>","|3,1>","|5,0>"
6.922,1.0,0.526901,22.954324211355036,0.5,-0.06,-0.2818758044849261,-0.0019528235342534117,0.0019528235342534117,0.0,4.284573427570869,8.287271050656813,6.922928722885871,11.205549326922487,13.845696214576648,0.0,4.284573427570869,8.287271050656813,6.92275466040784,15.179297994429142,11.205549326922487,15.217540066906125,11.975125884082004,13.845344213098357,18.12635967012133,18.40182727010359,18.894177042847268,"|0,0>","|1,0>","|2,0>","|0,1>","|2,1>","|1,1>","|4,0>","|3,0>","|0,2>","|1,2>","|3,1>","|5,0>"
6.922,1.0,0.526901,22.954324211355036,0.5,-0.04999999999999999,-0.28169385974835137,-0.001844018881968168,0.001844018881968168,0.0,4.297013316740745,8.31233277373314,6.922928722885871,11.218098020744648,13.845696214576648,0.0,4.297013316740745,8.31233277373314,6.922808363266526,15.222486285534018,11.218098020744648,15.253527528550336,12.012925680645502,13.845452799326921,18.139018583146125,18.461775780241055,18.931687377778566,"|0,0>","|1,0>","|2,0>","|0,1>","|2,1>","|1,1>","|4,0>","|3,0>","|0,2>","|1,2>","|3,1>","|5,0>"
6.922,1.0,0.526901,22.954324211355036,0.5,-0.03999999999999998,-0.28154612911792043,-0.0017583468749009512,0.0017583468749009512,0.0,4.307182361107309,8.332818593096697,6.922928722885871,11.228352737118279,13.845696214576648,0.0,4.307182361107309,8.332818593096697,6.9228519529712855,15.249118802149226,11.228352737118279,15.291565456898425,12.043829629982199,13.845540946936318,18.14935995315669,18.510879278860074,18.962339719299784,"|0,0>","|1,0>","|2,0>","|0,1>","|2,1>","|1,1>","|4,0>","|3,0>","|0,2>","|1,2>","|3,1>","|5,0>"
6.922,1.0,0.526901,22.954324211355036,0.5,-0.02999999999999997,-0.2814319252502031,-0.0016936371957214646,0.0016936371957214646,0.0,4.315086034737078,8.348740144223953,6.922928722885871,11.236321120427228,13.845696214576648,0.0,4.315086034737078,8.348740144223953,6.922885650142753,15.267072987666793,11.236321120427228,15.323842991791011,12.067851552674277,13.845609096073794,18.157393738358934,18.549105934319613,18.986155108882578,"|0,0>","|1,0>","|2,0>","|0,1>","|2,1>","|1,1>","|4,0>","|3,0>","|0,2>","|1,2>","|3,1>","|5,0>"
6.922,1.0,0.526901,22.954324211355036,0.5,-0.020000000000000018,-0.28135072169123276,-0.0016483858505367266,0.0016483858505367266,0.0,4.320728543964208,8.360106366237183,6.922928722885871,11.242008880999542,13.845696214576648,0.0,4.320728543964208,8.360106366237183,6.9229096136609485,15.279293975339243,11.242008880999542,15.347465949643507,12.085002285928738,13.845657563299028,18.16312721677766,18.57642998567541,19.003151733080017,"|0,0>","|1,0>","|2,0>","|0,1>","|2,1>","|1,1>","|4,0>","|3,0>","|0,2>","|1,2>","|3,1>","|5,0>"
6.922,1.0,0.526901,22.954324211355036,0.5,-0.010000000000000009,-0.28130214689255695,-0.0016216067218124408,0.0016216067218124408,0.0,4.324112866122853,8.366923585353149,6.922928722885871,11.245419982286911,13.845696214576648,0.0,4.324112866122853,8.366923585353149,6.922923950633404,15.286492112545652,11.245419982286911,15.361759927421254,12.095289606871354,13.845686561806325,18.166565368081983,18.592832311269945,19.013343707649014,"|0,0>","|1,0>","|2,0>","|0,1>","|2,1>","|1,1>","|4,0>","|3,0>","|0,2>","|1,2>","|3,1>","|5,0>"
6.922,1.0,0.526901,22.954324211355036,0.5,0.0,-0.28128597975667446,-0.0016127407373360825,0.0016127407373360825,0.0,4.325240776816656,8.369195573876638,6.922928722885871,11.246556758965191,13.845696214576648,0.0,4.325240776816656,8.369195573876638,6.922928722885871,15.288875082607277,11.246556758965191,15.36653862925089,12.098718193507416,13.845696214576648,18.167711099718964,18.598301088471516,19.0167400054944,"|0,0>","|1,0>","|2,0>","|0,1>","|2,1>","|1,1>","|4,0>","|3,0>","|0,2>","|1,2>","|3,1>","|5,0>"
6.922,1.0,0.526901,22.954324211355036,0.5,0.010000000000000009,-0.2813021468920809,-0.001621606722729041,0.001621606722729041,0.0,4.324112866122292,8.366923585352502,6.922928722885871,11.245419982285433,13.845696214576648,0.0,4.324112866122292,8.366923585352502,6.922923950632992,15.286492112545304,11.245419982285433,15.361759927421055,12.095289606870232,13.845686561805437,18.166565368081415,18.592832311268943,19.013343707648247,"|0,0>","|1,0>","|2,0>","|0,1>","|2,1>","|1,1>","|4,0>","|3,0>","|0,2>","|1,2>","|3,1>","|5,0>"
6.922,1.0,0.526901,22.954324211355036,0.5,0.020000000000000018,-0.2813507216904725,-0.001648385850295142,0.001648385850295142,0.0,4.320728543963796,8.360106366237119,6.922928722885871,11.242008880999371,13.845696214576648,0.0,4.320728543963796,8.360106366237119,6.922909613660728,15.279293975339122,11.242008880999371,15.347465949643137,12.085002285928297,13.845657563298744,18.163127216777156,18.576429985675247,19.00315173308021,"|0,0>","|1,0>","|2,0>","|0,1>","|2,1>","|1,1>","|4,0>","|3,0>","|0,2>","|1,2>","|3,1>","|5,0>"
6.922,1.0,0.526901,22.954324211355036,0.5,0.030000000000000027,-0.28143192525015337,-0.0016936371956717267,0.0016936371956717267,0.0,4.315086034737057,8.34874014422396,6.922928722885871,11.236321120427256,13.845696214576648,0.0,4.315086034737057,8.34874014422396,6.9228856501423905,15.267072987667113,11.236321120427256,15.323842991791203,12.067851552674284,13.845609096073389,18.157393738358266,18.549105934319343,18.986155108882322,"|0,0>","|1,0>","|2,0>","|0,1>","|2,1>","|1,1>","|4,0>","|3,0>","|0,2>","|1,2>","|3,1>","|5,0>"
6.922,1.0,0.526901,22.954324211355036,0.5,0.040000000000000036,-0.2815461291164567,-0.0017583468741619868,0.0017583468741619868,0.0,4.30718236110684,8.332818593097223,6.922928722885871,11.228352737118549,13.845696214576648,0.0,4.30718236110684,8.332818593097223,6.922851952971008,15.249118802149468,11.228352737118549,15.291565456899107,12.043829629982277,13.845540946936346,18.149359953157372,18.510879278860557,18.962339719300786,"|0,0>","|1,0>","|2,0>","|0,1>","|2,1>","|1,1>","|4,0>","|3,0>","|0,2>","|1,2>","|3,1>","|5,0>"
6.922,1.0,0.526901,22.954324211355036,0.5,0.050000000000000044,-0.28169385974820926,-0.0018440188821102765,0.0018440188821102765,0.0,4.297013316740731,8.312332773733253,6.922928722885871,11.218098020744492,13.845696214576648,0.0,4.297013316740731,8.312332773733253,6.922808363266206,15.222486285534615,11.218098020744492,15.253527528550542,12.0129256806457,13.84545279932685,18.139018583145564,18.461775780241176,18.931687377778154,"|0,0>","|1,0>","|2,0>","|0,1>","|2,1>","|1,1>","|4,0>","|3,0>","|0,2>","|1,2>","|3,1>","|5,0>"
6.922,1.0,0.526901,22.954324211355036,0.5,0.06000000000000005,-0.2818758044848835,-0.0019528235346939482,0.0019528235346939482,0.0,4.28457342757109,8.287271050657296,6.922928722885871,11.205549326922267,13.845696214576648,0.0,4.28457342757109,8.287271050657296,6.92275466040806,15.179297994430286,11.205549326922267,15.217540066906949,11.975125884082068,13.845344213098869,18.126359670121623,18.40182727010452,18.89417704284851,"|0,0>","|1,0>","|2,0>","|0,1>","|2,1>","|1,1>","|4,0>","|3,0>","|0,2>","|1,2>","|3,1>","|5,0>"
6.922,1.0,0.526901,22.954324211355036,0.5,0.07000000000000006,-0.28209281865593994,-0.0020878319851718175,0.0020878319851718175,0.0,4.269855901023192,8.257618983390444,6.922928722885871,11.19069679192389,13.845696214576648,0.0,4.269855901023192,8.257618983390444,6.922690547569928,15.119001232810199,11.19069679192389,15.184072744475515,11.930413580044878,13.845214595101972,18.11136991156406,18.331071428514576,18.849786054196187,"|0,0>","|1,0>","|2,0>","|0,1>","|2,1>","|1,1>","|4,0>","|3,0>","|0,2>","|1,2>","|3,1>","|5,0>"
6.922,1.0,0.526901,22.954324211355036,0.5,0.07999999999999996,-0.2823459330858853,-0.0022533870978023174,0.0022533870978023174,0.0,4.252852562429794,8.223359191773703,6.922928722885871,11.173527898217863,13.845696214576648,0.0,4.252852562429794,8.223359191773703,6.922615631132032,15.04630571765032,11.173527898217863,15.148315399581591,11.878769530908478,13.845063157194659,18.094031265334756,18.24955237080924,18.798491380869123,"|0,0>","|1,0>","|2,0>","|0,1>","|2,1>","|1,1>","|4,0>","|3,0>","|0,2>","|1,2>","|3,1>","|5,0>"
6.922,1.0,0.526901,22.954324211355036,0.5,0.08999999999999997,-0.28263636074629517,-0.002455701555348355,0.002455701555348355,0.0,4.233553777673883,8.184471194601471,6.922928722885871,11.154026799004406,13.845696214576648,0.0,4.233553777673883,8.184471194601471,6.922529391492553,14.962695928022164,11.154026799004406,15.108664542232404,11.820172395197986,13.84488885641479,18.07431556320578,18.15732516144709,18.740271030797594,"|0,0>","|1,0>","|2,0>","|0,1>","|2,1>","|1,1>","|4,0>","|3,0>","|0,2>","|1,2>","|3,1>","|5,0>"
6.922,1.0,0.526901,22.954324211355036,0.5,0.09999999999999998,-0.2829655002374949,-0.0027038538164063652,0.0027038538164063652,0.0,4.211948360832437,8.14093122142738,6.922928722885871,11.132173229901902,13.845696214576648,0.0,4.211948360832437,8.14093122142738,6.922431141370772,14.868491394477154,11.132173229901902,15.06466177509386,11.754599585497125,13.844690308913378,18.051472142356182,18.055166893562763,18.675105981718573,"|0,0>","|1,0>","|2,0>","|0,1>","|2,1>","|1,1>","|4,0>","|3,0>","|0,2>","|1,2>","|3,1>","|5,0>"
6.922,1.0,0.526901,22.954324211355036,0.5,0.10999999999999999,-0.2833349320788585,-0.003011519167174015,0.003011519167174015,0.0,4.188023465370847,8.092711998662836,6.922928722885871,11.107940669089544,13.845696214576648,0.0,4.188023465370847,8.092711998662836,6.922319965453596,14.763711901455231,11.107940669089544,15.016127191937521,11.682028851370028,13.844465663878843,18.027729768782628,17.940872365104816,18.602983337291185,"|0,0>","|1,0>","|2,0>","|0,1>","|2,1>","|1,1>","|4,0>","|3,0>","|0,2>","|1,2>","|3,1>","|5,0>"
6.922,1.0,0.526901,22.954324211355036,0.5,0.12,-0.2837464004553283,-0.003400146025704487,0.003400146025704487,0.0,4.161764457080878,8.039782513706427,6.922928722885871,11.081293033941044,13.845696214576648,0.0,4.161764457080878,8.039782513706427,6.9221946312850235,14.64827064600643,11.081293033941044,14.962964770455862,11.602441302120646,13.844212413745836,18.00068408714185,17.816861725366138,18.523902109177335,"|0,0>","|1,0>","|2,0>","|0,1>","|2,1>","|1,1>","|4,0>","|3,0>","|0,2>","|1,2>","|3,1>","|5,0>"
6.922,1.0,0.526901,22.954324211355036,0.5,0.13,-0.2842017672036974,-0.0039051947830088807,0.0039051947830088807,0.0,4.133154766644601,7.982107766085505,6.922928722885871,11.052178294747463,13.845696214576648,0.0,4.133154766644601,7.982107766085505,6.92205345454331,14.522026967322773,11.052178294747463,14.905108247170112,11.515827492827931,13.843927096529697,17.971068474797036,17.68239918432903,18.437884664150516,"|0,0>","|1,0>","|2,0>","|0,1>","|2,1>","|1,1>","|4,0>","|3,0>","|0,2>","|1,2>","|3,1>","|5,0>"
6.922,1.0,0.526901,22.954324211355036,0.5,0.14,-0.28470291337067977,-0.0045895003442026905,0.0045895003442026905,0.0,4.102175719256728,7.919648525142776,6.922928722885871,11.020514941798396,13.845696214576648,0.0,4.102175719256728,7.919648525142776,6.921894089298398,14.384803777483967,11.020514941798396,14.842502526239969,11.422200643090626,13.843604796069044,17.938736940183702,17.537586819622817,18.345001170525293,"|0,0>","|1,0>","|2,0>","|0,1>","|2,1>","|1,1>","|4,0>","|3,0>","|0,2>","|1,2>","|3,1>","|5,0>"
6.922,1.0,0.526901,22.954324211355036,0.5,0.15000000000000002,-0.28525154131105523,-0.005575316776791794,0.005575316776791794,0.0,4.068806338257751,7.852361135204447,6.922928722885871,10.98615974436683,13.845696214576648,0.0,4.068806338257751,7.852361135204447,6.921713189972721,14.236394369352908,10.98615974436683,14.775096338004872,11.321628557767887,13.84323817596158,17.90343743349596,17.38253516298795,18.215931463008587,"|0,0>","|1,0>","|2,0>","|0,1>","|2,1>","|1,1>","|4,0>","|3,0>","|0,2>","|1,2>","|3,1>","|5,0>"
6.922,1.0,0.526901,22.954324211355036,0.5,0.16000000000000003,-0.28584878411022885,-0.007133874031332255,0.007133874031332255,0.0,4.033023119156937,7.780197454203645,6.922928722885871,10.948817968011475,13.845696214576648,0.0,4.033023119156937,7.780197454203645,6.921505843516066,14.076566896180893,10.948817968011475,14.702839331255298,11.214323093877823,13.842814746857101,17.864653736577914,17.217369833948545,17.99958148804936,"|0,0>","|1,0>","|2,0>","|0,1>","|2,1>","|1,1>","|4,0>","|3,0>","|0,2>","|1,2>","|3,1>","|5,0>"
6.922,1.0,0.526901,22.954324211355036,0.5,0.17000000000000004,-0.28649442829087945,-0.009996255464351123,0.009996255464351123,0.0,3.9947997697057076,7.703105111120536,6.922928722885871,10.907732237127227,13.845696214576648,0.0,3.9947997697057076,7.703105111120536,6.9212645668728,13.905095353829395,10.907732237127227,14.625681603019913,11.10095100096489,13.842285772140869,17.771785745680035,17.0422342562411,17.82112432849887,"|0,0>","|1,0>","|2,0>","|0,1>","|2,1>","|1,1>","|4,0>","|3,0>","|0,2>","|1,2>","|3,1>","|5,0>"
6.922,1.0,0.526901,22.954324211355036,0.5,0.18000000000000005,-0.2871853203841681,-0.01682501253227997,0.01682501253227997,0.0,3.9541069108733,7.6210285013624315,6.922928722885871,10.86021062122689,13.845696214576648,0.0,3.9541069108733,7.6210285013624315,6.920977425745335,13.721521842955553,10.86021062122689,14.543575587870755,10.984105575126556,13.841802422412577,17.769056320159983,16.857291985664865,17.53312184153468,"|0,0>","|1,0>","|2,0>","|0,1>","|2,1>","|1,1>","|4,0>","|3,0>","|0,2>","|1,2>","|3,1>","|5,0>"
6.922,1.0,0.526901,22.954324211355036,0.5,0.19000000000000006,-0.2879119271781292,-0.04072124735320415,0.04072124735320415,0.0,3.910911732583962,7.533911537989795,6.922928722885871,10.793119208116629,13.845696214576648,0.0,3.910911732583962,7.533911537989795,6.920624225057104,13.52579237532995,10.793119208116629,14.456481918673667,10.87681388804097,13.841075684972338,17.69651213296308,16.662729018529205,17.284225768448394,"|0,0>","|1,0>","|2,0>","|0,1>","|2,1>","|1,1>","|4,0>","|3,0>","|0,2>","|1,2>","|3,1>","|5,0>"
6.922,1.0,0.526901,22.954324211355036,0.5,0.20000000000000007,-0.2886503039375228,0.015715496721760758,0.015715496721760758,0.0,3.8651775968607325,7.441704889783942,6.922928722885871,10.803821816468364,13.845696214576648,0.0,3.8651775968607325,7.441704889783942,6.920167999356572,13.317461850371984,10.803821816468364,14.364384368049912,10.681596969965348,13.840159738478242,17.58843095749993,16.45875613435446,17.025790922507134,"|0,0>","|1,0>","|2,0>","|0,1>","|2,1>","|1,1>","|4,0>","|3,0>","|0,2>","|1,2>","|3,1>","|5,0>"
6.922,1.0,0.526901,22.954324211355036,0.5,0.20999999999999996,-0.2893410339190652,0.007973037416967088,0.007973037416967088,0.0,3.8168635796217885,7.344386125324512,6.922928722885871,10.747765339924626,13.845696214576648,0.0,3.8168635796217885,7.344386125324512,6.919533331391726,13.09621651164354,10.747765339924626,14.267329783609142,10.542884494805037,13.838895050916136,17.454131646963397,16.245611261918732,16.758564947822876,"|0,0>","|1,0>","|2,0>","|0,1>","|2,1>","|1,1>","|4,0>","|3,0>","|0,2>","|1,2>","|3,1>","|5,0>"
6.922,1.0,0.526901,22.954324211355036,0.5,0.21999999999999997,-0.2898234379442428,0.004830633533813966,0.004830633533813966,0.0,3.765923940640988,7.242024443337733,6.922928722885871,10.693683297060673,13.845696214576648,0.0,3.765923940640988,7.242024443337733,6.918539750121411,12.86173459505163,10.693683297060673,14.165551427044946,10.391811443454436,13.836932541717509,17.30550729141966,16.02356183332197,16.483343965200213,"|0,0>","|1,0>","|2,0>","|0,1>","|2,1>","|1,1>","|4,0>","|3,0>","|0,2>","|1,2>","|3,1>","|5,0>"
6.922,1.0,0.526901,22.954324211355036,0.5,0.22999999999999998,-0.2895630230385464,0.0031333917889924123,0.0031333917889924123,0.0,3.7123075091564246,7.135051995274303,6.922928722885871,10.638369623831288,13.845696214576648,0.0,3.7123075091564246,7.135051995274303,6.916628112825194,12.61370929653232,10.638369623831288,14.059956781877737,10.23144477172194,13.833233976041036,17.146571366329823,15.792907075054622,16.200963852574667,"|0,0>","|1,0>","|2,0>","|0,1>","|2,1>","|1,1>","|4,0>","|3,0>","|0,2>","|1,2>","|3,1>","|5,0>"
6.922,1.0,0.526901,22.954324211355036,0.5,0.24,-0.2857603272058853,0.0020479265908690536,0.0020479265908690536,0.0,3.6559569701430235,7.026153613080162,6.922928722885871,10.580933619619763,13.845696214576648,0.0,3.6559569701430235,7.026153613080162,6.9109680408293315,12.35186711739943,10.580933619619763,13.955004699768317,10.062529248712785,13.82319080913787,16.978577492405854,15.553980171544303,15.912288471026265,"|0,0>","|1,0>","|2,0>","|0,1>","|2,1>","|1,1>","|4,0>","|3,0>","|0,2>","|1,2>","|3,1>","|5,0>"
6.922,1.0,0.526901,22.954324211355036,0.5,0.25,-0.24916522807267683,0.0012735454428280946,0.0012735454428280946,0.0,3.5968080334579824,6.944450838843288,6.922928722885871,10.521010301786681,13.845696214576648,0.0,3.5968080334579824,6.944450838843288,6.872270357356534,12.07598924218366,10.521010301786681,13.878195568075895,9.885278303823782,13.77912994826442,16.8019677905912,15.3071502248387,15.618195084630123,"|0,0>","|1,0>","|2,0>","|0,1>","|2,1>","|1,1>","|4,0>","|3,0>","|0,2>","|1,2>","|3,1>","|5,0>"
6.922,1.0,0.526901,22.954324211355036,0.5,0.26,-0.3077966965034804,0.0006772338657441423,0.0006772338657441423,0.0,3.534788464682954,6.761780232862428,6.922928722885871,10.45839442143457,13.845696214576648,0.0,3.534788464682954,6.761780232862428,6.928504346329866,11.785936137216027,10.45839442143457,13.67435276432618,9.699741739995325,13.856027327624275,16.616904366946372,15.052823923956332,15.319557692586137,"|0,0>","|1,0>","|2,0>","|0,1>","|2,1>","|1,1>","|4,0>","|3,0>","|0,2>","|1,2>","|3,1>","|5,0>"
6.922,1.0,0.526901,22.954324211355036,0.5,0.27,-0.3072285232433316,0.00019155156650896288,0.00019155156650896288,0.0,3.4698169527781957,6.63240538231306,6.922928722885871,10.392937227230576,13.845696214576648,0.0,3.4698169527781957,6.63240538231306,6.925180139785773,11.48167466818331,10.392937227230576,13.547174759533533,9.50591135499841,13.84994946271653,16.423439820989984,14.791446830965938,15.017229533098416,"|0,0>","|1,0>","|2,0>","|0,1>","|2,1>","|1,1>","|4,0>","|3,0>","|0,2>","|1,2>","|3,1>","|5,0>"
6.922,1.0,0.526901,22.954324211355036,0.5,0.28,-0.30899421696689444,-0.00022114602402467654,0.00022114602402467654,0.0,3.401801785545814,6.494609354124734,6.922928722885871,10.32450936240766,13.845696214576648,0.0,3.401801785545814,6.494609354124734,6.923749134786334,11.163306630234068,10.32450936240766,13.410091789502275,9.303761232456317,13.847188456943854,16.221584002737536,14.523504189678604,14.712026581384109,"|0,0>","|1,0>","|2,0>","|0,1>","|2,1>","|1,1>","|4,0>","|3,0>","|0,2>","|1,2>","|3,1>","|5,0>"
6.922,1.0,0.526901,22.954324211355036,0.5,0.29000000000000004,-0.31189035706083246,-0.0005833992414423506,0.0005833992414423506,0.0,3.3306392998220247,6.349388242583217,6.922928722885871,10.252984623466453,13.845696214576648,0.0,3.3306392998220247,6.349388242583217,6.922901326005032,10.831097451991305,10.252984623466453,13.26499718048499,9.093268138160916,13.845519127683666,16.011336212252964,14.249521170089878,14.404714663431434,"|0,0>","|1,0>","|2,0>","|0,1>","|2,1>","|1,1>","|4,0>","|3,0>","|0,2>","|1,2>","|3,1>","|5,0>"
6.922,1.0,0.526901,22.954324211355036,0.5,0.30000000000000004,-0.3157228420485225,-0.0009094208330182596,0.0009094208330182596,0.0,3.2562120697789823,6.196701297509442,6.922928722885871,10.178231371831835,13.845696214576648,0.0,3.2562120697789823,6.196701297509442,6.922303475083915,10.485504043563331,10.178231371831835,13.112107966829505,8.874425409901875,13.844316554169566,15.792704817215089,13.970062480683943,14.096008449787938,"|0,0>","|1,0>","|2,0>","|0,1>","|2,1>","|1,1>","|4,0>","|3,0>","|0,2>","|1,2>","|3,1>","|5,0>"
6.922,1.0,0.526901,22.954324211355036,0.5,0.31000000000000005,-0.32055170246947995,-0.0012085096139315965,0.0012085096139315965,0.0,3.1783867950663094,6.036221887663139,6.922928722885871,10.100107008338249,13.845696214576648,0.0,3.1783867950663094,6.036221887663139,6.92183312775385,10.127201339473189,10.100107008338249,12.951173590207276,8.647255123821672,13.843571383504617,15.565722404393675,13.685731315737605,13.786326877831954,"|0,0>","|1,0>","|2,0>","|0,1>","|2,1>","|1,1>","|4,0>","|3,0>","|0,2>","|1,2>","|3,1>","|5,0>"
6.922,1.0,0.526901,22.954324211355036,0.5,0.32000000000000006,-0.3265612246016829,-0.001486890193866941,0.001486890193866941,0.0,3.097011852965295,5.867462481328907,6.922928722885871,10.018453685657299,13.845696214576648,0.0,3.097011852965295,5.867462481328907,6.921434440944033,9.75710795924845,10.018453685657299,12.781706214244842,8.411820567981344,13.842645345004328,15.33045990326137,13.39716766046223,13.476788888504288,"|0,0>","|1,0>","|2,0>","|0,1>","|2,1>","|1,1>","|4,0>","|3,0>","|0,2>","|1,2>","|3,1>","|5,0>"
6.922,1.0,0.526901,22.954324211355036,0.5,0.33000000000000007,-0.33403792559095535,-0.0017487557652842156,0.0017487557652842156,0.0,3.0119144895457097,5.689791053500464,6.922928722885871,9.933094456666296,13.845696214576648,0.0,3.0119144895457097,5.689791053500464,6.921077527482289,9.376412358769457,9.933094456666296,12.60301898688035,8.168240048183357,13.841921032715327,15.087041348705462,13.105046058315665,13.167508087452426,"|0,0>","|1,0>","|2,0>","|0,1>","|2,1>","|1,1>","|4,0>","|3,0>","|0,2>","|1,2>","|3,1>","|5,0>"
6.922,1.0,0.526901,22.954324211355036,0.5,0.33999999999999997,-0.3433791822371788,-0.0019968790500115574,0.0019968790500115574,0.0,2.922897651523634,5.502416120810089,6.922928722885871,9.843829495359493,13.845696214576648,0.0,2.922897651523634,5.502416120810089,6.92074344552362,8.986601551965727,9.843829495359493,12.414199826196835,7.916702644869858,13.8412484649878,14.835660214320619,12.810073057594956,12.85915461027026,"|0,0>","|1,0>","|2,0>","|0,1>","|2,1>","|1,1>","|4,0>","|3,0>","|0,2>","|1,2>","|3,1>","|5,0>"
6.922,1.0,0.526901,22.954324211355036,0.5,0.35,-0.3551143919457971,-0.002232974150899736,0.002232974150899736,0.0,2.8297365166996613,5.3043586414535255,6.922928722885871,9.750432265434632,13.845696214576648,0.0,2.8297365166996613,5.3043586414535255,6.920416573002292,8.589494602337375,9.750432265434632,12.214041218035554,7.657486369428192,13.840591722926263,14.576597925214557,12.512984704919994,12.552358544536155,"|0,0>","|1,0>","|2,0>","|0,1>","|2,1>","|1,1>","|4,0>","|3,0>","|0,2>","|1,2>","|3,1>","|5,0>"
6.922,1.0,0.526901,22.954324211355036,0.5,0.36,-0.3699307479747489,-0.002457905504954283,0.002457905504954283,0.0,2.7321748905373653,5.094419033099982,6.922928722885871,9.652645707918282,13.845696214576648,0.0,2.7321748905373653,5.094419033099982,6.920077017757961,8.187282733464912,9.652645707918282,12.000917288566889,7.39097911290645,13.839909918492978,14.31024502876815,12.214544651245703,12.247926793844265,"|0,0>","|1,0>","|2,0>","|0,1>","|2,1>","|1,1>","|4,0>","|3,0>","|0,2>","|1,2>","|3,1>","|5,0>"
6.922,1.0,0.526901,22.954324211355036,0.5,0.37,-0.38869444581828816,-0.0026717971845684474,0.0026717971845684474,0.0,2.629921842629642,4.871149239440996,6.922928722885871,9.550178768330944,13.845696214576648,0.0,2.629921842629642,4.871149239440996,6.919681003682406,7.782581411961679,9.550178768330944,11.772617883359096,7.1177028093879,13.839114653970704,14.037125491287853,11.915543699965149,11.947007960136247,"|0,0>","|1,0>","|2,0>","|0,1>","|2,1>","|1,1>","|4,0>","|3,0>","|0,2>","|1,2>","|3,1>","|5,0>"
6.922,1.0,0.526901,22.954324211355036,0.5,0.38,-0.4124510434548725,-0.002874074514615188,0.002874074514615188,0.0,2.522649336531714,4.6328476296085555,6.922928722885871,9.44270398490297,13.845696214576648,0.0,2.522649336531714,4.6328476296085555,6.919047053958018,7.3785626224970144,9.44270398490297,11.52645915715567,6.838341364689242,13.837840321802567,13.757924694269065,11.616801995267998,11.651002110065868,"|0,0>","|1,0>","|2,0>","|0,1>","|2,1>","|1,1>","|4,0>","|3,0>","|0,2>","|1,2>","|3,1>","|5,0>"
6.922,1.0,0.526901,22.954324211355036,0.5,0.39,-0.4423772635977983,-0.003063461624982722,0.003063461624982722,0.0,2.409992299592872,4.377607335587946,6.922928722885871,9.32985756085376,13.845696214576648,0.0,2.409992299592872,4.377607335587946,6.913647001594519,6.983142656343084,9.32985756085376,11.261163164496082,6.553773186328627,13.827635137653736,13.473521975369664,11.319175606606812,11.359756647810059,"|0,0>","|1,0>","|2,0>","|0,1>","|2,1>","|1,1>","|4,0>","|3,0>","|0,2>","|1,2>","|3,1>","|5,0>"
6.922,1.0,0.526901,22.954324211355036,0.5,0.4,-0.47964533512858765,-0.0032379602516812156,0.0032379602516812156,0.0,2.2915538449462005,4.103462354763813,6.922928722885871,9.21124460758039,13.845696214576648,0.0,2.2915538449462005,4.103462354763813,6.920539809613402,6.582950404046073,9.21124460758039,10.980375999182478,6.265109726205019,13.499738001124022,13.185029126175287,11.02357019401473,11.068225208064106,"|0,0>","|1,0>","|2,0>","|0,1>","|2,1>","|1,1>","|4,0>","|3,0>","|0,2>","|1,2>","|3,1>","|5,0>"
6.922,1.0,0.526901,22.954324211355036,0.5,0.41000000000000003,-0.5251631148802005,-0.0033948478453496023,0.0033948478453496023,0.0,2.166920690614475,3.8086782663487497,6.922928722885871,9.086454565654996,13.845696214576648,0.0,2.166920690614475,3.8086782663487497,6.919715785084492,6.201773845344675,9.086454565654996,10.730966135117733,5.973742625029622,12.893837432308729,13.119707639022884,10.689621733148869,10.769842457668915,"|0,0>","|1,0>","|2,0>","|0,1>","|2,1>","|1,1>","|4,0>","|3,0>","|0,2>","|1,2>","|3,1>","|5,0>"
6.922,1.0,0.526901,22.954324211355036,0.5,0.42000000000000004,-0.5791898823854353,-0.0035307590218849327,0.0035307590218849327,0.0,2.0356982139403854,3.4922065454953355,6.922928722885871,8.955096177804371,13.845696214576648,0.0,2.0356982139403854,3.4922065454953355,6.919319852919216,5.835019188831737,8.955096177804371,10.387340919215212,5.681404589729979,12.601678385157584,12.753698469408171,10.442462838665193,10.465990989424519,"|0,0>","|1,0>","|2,0>","|0,1>","|2,1>","|1,1>","|4,0>","|3,0>","|0,2>","|1,2>","|3,1>","|5,0>"
6.922,1.0,0.526901,22.954324211355036,0.5,0.43000000000000005,-0.6409084781082441,-0.003641953728489966,0.003641953728489966,0.0,1.8975831670278325,3.154257855947421,6.922928722885871,8.816869936185213,13.845696214576648,0.0,1.8975831670278325,3.154257855947421,6.919025157361162,5.485999351550298,8.816869936185213,10.062125654812114,5.390254970632689,12.310709040274098,12.405311724887888,10.159357003964729,10.16941662643817,"|0,0>","|1,0>","|2,0>","|0,1>","|2,1>","|1,1>","|4,0>","|3,0>","|0,2>","|1,2>","|3,1>","|5,0>"
6.922,1.0,0.526901,22.954324211355036,0.5,0.44000000000000006,-0.7081206435799245,-0.0037249159590047043,0.0037249159590047043,0.0,1.7525098536001522,2.79689906362038,6.922928722885871,8.671713660527018,13.845696214576648,0.0,1.7525098536001522,2.79689906362038,6.918774517787888,5.157020371397699,8.671713660527018,9.710517394455167,5.103015149096237,12.023647164495117,12.076881303548852,9.883285324083964,9.887161166395707,"|0,0>","|1,0>","|2,0>","|0,1>","|2,1>","|1,1>","|4,0>","|3,0>","|0,2>","|1,2>","|3,1>","|5,0>"
6.922,1.0,0.526901,22.954324211355036,0.5,0.45000000000000007,-0.7772382311132731,-0.0037774245287636177,0.0037774245287636177,0.0,1.6009453116554084,2.424652392197544,6.922928722885871,8.520096610012516,13.845696214576648,0.0,1.6009453116554084,2.424652392197544,6.918550776501789,4.823214728635605,8.520096610012516,9.340474383442277,4.849830302116729,11.770150352749361,11.744017235060596,9.61649966499209,9.617955384096831,"|0,0>","|1,0>","|2,0>","|0,1>","|2,1>","|1,1>","|4,0>","|3,0>","|0,2>","|1,2>","|3,1>","|5,0>"
6.922,1.0,0.526901,22.954324211355036,0.5,0.45999999999999996,-0.8436270046059846,-0.003800095150090499,0.003800095150090499,0.0,1.444505939669476,2.0453848747329673,6.922928722885871,8.363634567405256,13.845696214576648,0.0,1.444505939669476,2.0453848747329673,6.91834811056183,4.55570416773574,8.363634567405256,8.96210098988886,4.5664614910601316,11.487146365234224,11.476663048905365,9.362438125623264,9.362936562831806,unlabeled,unlabeled,unlabeled,unlabeled,unlabeled,unlabeled,unlabeled,unlabeled,unlabeled,unlabeled,unlabeled,unlabeled
6.922,1.0,0.526901,22.954324211355036,0.5,0.47,-0.9022052605717761,-0.003797984631539464,0.003797984631539464,0.0,1.2873197409387203,1.6724342213056644,6.922928722885871,8.206450479193052,13.845696214576648,0.0,1.2873197409387203,1.6724342213056644,6.918165718868593,4.307844015997503,8.206450479193052,8.589550973643163,4.310949251180034,11.231906280544472,11.228937261268136,9.12700792306154,9.127143854146219,unlabeled,unlabeled,unlabeled,unlabeled,unlabeled,unlabeled,unlabeled,unlabeled,unlabeled,unlabeled,unlabeled,unlabeled
6.922,1.0,0.526901,22.954324211355036,0.5,0.48,-0.9481287558938121,-0.0037811965648870682,0.0037811965648870682,0.0,1.1391752039619973,1.3302216520301826,6.922928722885871,8.058322730282981,13.845696214576648,0.0,1.1391752039619973,1.3302216520301826,6.918007414613676,4.092409831152963,8.058322730282981,8.247544894582987,4.09281267694017,11.013955727900132,11.01360706706702,8.921618227054658,8.921639851999785,unlabeled,unlabeled,unlabeled,unlabeled,unlabeled,unlabeled,unlabeled,unlabeled,unlabeled,unlabeled,unlabeled,unlabeled
6.922,1.0,0.526901,22.954324211355036,0.5,0.49,-0.9774240698837176,-0.0037630609062659914,0.0037630609062659914,0.0,1.0220927727800202,1.0667614756763228,6.922928722885871,7.941258434759625,13.845696214576648,0.0,1.0220927727800202,1.0667614756763228,6.917886914697199,3.9338701607555535,7.941258434759625,7.984203377413031,3.933829916264841,10.85508062549421,10.855133412167298,8.769607463892285,8.769607619651332,unlabeled,unlabeled,unlabeled,unlabeled,unlabeled,unlabeled,unlabeled,unlabeled,unlabeled,unlabeled,unlabeled,unlabeled
6.922,1.0,0.526901,22.954324211355036,0.5,0.5,-0.987490600432487,-0.003755418101206942,0.003755418101206942,0.0,0.9746230275390388,0.9617554546455906,6.922928722885871,7.893796332323703,13.845696214576648,0.0,0.9746230275390388,0.9617554546455906,6.917837803253143,3.872392560849029,7.893796332323703,7.879241690796732,3.8724083119131194,10.793694190538133,10.793678468523048,8.710393768366231,8.710393875425282,unlabeled,unlabeled,unlabeled,unlabeled,unlabeled,unlabeled,unlabeled,unlabeled,unlabeled,unlabeled,unlabeled,unlabeled
