frequency_GHz,capacitance_pF,L_tot_nH,Z_ohm,beta,phi_ext_over_phi0,alpha_GHz,chi_GHz,abs_chi_GHz,state_0_0_GHz,state_1_0_GHz,state_2_0_GHz,state_0_1_GHz,state_1_1_GHz,state_0_2_GHz,tracked_level_0_GHz,tracked_level_1_GHz,tracked_level_2_GHz,tracked_level_3_GHz,tracked_level_4_GHz,tracked_level_5_GHz,tracked_level_6_GHz,tracked_level_7_GHz,tracked_level_8_GHz,tracked_level_9_GHz,tracked_level_10_GHz,tracked_level_11_GHz,tracked_level_0_label,tracked_level_1_label,tracked_level_2_label,tracked_level_3_label,tracked_level_4_label,tracked_level_5_label,tracked_level_6_label,tracked_level_7_label,tracked_level_8_label,tracked_level_9_label,tracked_level_10_label,tracked_level_11_label
10.0,4.0,0.063206,3.9751100613693704,0.5,-0.5,-0.9707549438707019,-0.000951638258982257,0.000951638258982257,0.0,0.9692457575277444,0.967736571184787,10.004248811050388,10.97254293031915,22.126472264989474,0.0,0.9692457575277444,0.967736571184787,10.003209850436491,3.8739550495754145,10.97254293031915,3.8739553198170427,10.970893600264588,8.716353256389624,8.716353256353727,13.87725095038266,13.877250644183903,unlabeled,unlabeled,unlabeled,unlabeled,unlabeled,unlabeled,unlabeled,unlabeled,unlabeled,unlabeled,unlabeled,unlabeled
10.0,4.0,0.063206,3.9751100613693704,0.5,-0.49,-0.9607631237531109,-0.000949260726031298,0.000949260726031298,0.0,1.0165998600606372,1.0724365963681635,10.004248811050388,11.019899410384994,22.126472264989474,0.0,1.0165998600606372,1.0724365963681635,10.003218703309841,3.9353399499595128,11.019899410384994,3.9353793659329597,11.075588262509882,8.775459049619457,8.77545904882706,13.938672452133716,13.93863411078354,unlabeled,unlabeled,unlabeled,unlabeled,unlabeled,unlabeled,unlabeled,unlabeled,unlabeled,unlabeled,unlabeled,unlabeled
10.0,4.0,0.063206,3.9751100613693704,0.5,-0.48,-0.9316953615816885,-0.0009422523004332106,0.0009422523004332106,0.0,1.133555260183698,1.3354151587857075,10.004248811050388,11.136861818933653,22.126472264989474,0.0,1.133555260183698,1.3354151587857075,10.003240063291372,4.093820734095942,11.136861818933653,4.09459150469911,11.338556128519173,8.927372116611224,8.927372293435383,14.09787678559934,14.097110715472496,unlabeled,unlabeled,unlabeled,unlabeled,unlabeled,unlabeled,unlabeled,unlabeled,unlabeled,unlabeled,unlabeled,unlabeled
10.0,4.0,0.063206,3.9751100613693704,0.5,-0.47,-0.8861609275514866,-0.0009309575886504717,0.0009309575886504717,0.0,1.281742266414625,1.6773236052777634,10.004248811050388,11.285060119876363,22.126472264989474,0.0,1.281742266414625,1.6773236052777634,10.003267364645467,4.309408750978207,11.285060119876363,4.313370299974167,11.680455674775459,9.132870568123053,9.132873044431307,14.316642037821993,14.312692146575017,unlabeled,unlabeled,unlabeled,unlabeled,unlabeled,unlabeled,unlabeled,unlabeled,unlabeled,unlabeled,unlabeled,unlabeled
10.0,4.0,0.063206,3.9751100613693704,0.5,-0.46,-0.828142298949814,-0.0009158695260680361,0.0009158695260680361,0.0,1.439123817262356,2.050105335574898,10.004248811050388,11.442456758786676,22.126472264989474,0.0,1.439123817262356,2.050105335574898,10.003297974197494,4.557615757762505,11.442456758786676,4.569924455787287,12.05323385768287,9.36861727566324,9.368631895141988,14.573176262494968,14.560890650628608,unlabeled,unlabeled,unlabeled,unlabeled,unlabeled,unlabeled,unlabeled,unlabeled,unlabeled,unlabeled,unlabeled,unlabeled
10.0,4.0,0.063206,3.9751100613693704,0.5,-0.45,-0.7624853014313544,-0.0008975398518487054,0.0008975398518487054,0.0,1.5958599679570966,2.429234634482839,10.004248811050388,11.599211239155636,22.126472264989474,0.0,1.5958599679570966,2.429234634482839,10.003331934245494,4.8256108816163135,11.599211239155636,4.8546782964182,12.43236663900825,9.6231660498199,9.623221904368023,14.85790320103203,14.828875912670213,"|0,0>","|1,0>","|2,0>","|0,1>","|4,0>","|1,1>","|3,0>","|2,1>","|5,0>",unlabeled,"|0,2>","|6,0>"
10.0,4.0,0.063206,3.9751100613693704,0.5,-0.44,-0.694256751651352,-0.0008764978898341269,0.0008764978898341269,0.0,1.747784616251863,2.801312480852374,10.004248811050388,11.751156929412417,22.126472264989474,0.0,1.747784616251863,2.801312480852374,10.00338150392895,5.163537095131375,11.751156929412417,5.10599120825168,12.804455654799284,9.890579649293016,9.890733928407883,15.10924557503077,15.1667279404505,"|0,0>","|1,0>","|2,0>","|0,1>","|4,0>","|1,1>","|3,0>","|2,1>","|5,0>",unlabeled,"|0,2>","|6,0>"
10.0,4.0,0.063206,3.9751100613693704,0.5,-0.43,-0.6280537596807108,-0.0008531902249728773,0.0008531902249728773,0.0,1.8932571164104672,3.1584604731402237,10.004248811050388,11.896652737235883,22.126472264989474,0.0,1.8932571164104672,3.1584604731402237,10.003372244690695,5.494403749594653,11.896652737235883,5.3938777341201956,13.161622194821518,10.1673974571749,10.167851687673533,15.397121145003183,15.497553889018093,"|0,0>","|1,0>","|2,0>","|0,1>","|4,0>","|1,1>","|3,0>","|2,1>","|5,0>",unlabeled,"|0,2>","|6,0>"
10.0,4.0,0.063206,3.9751100613693704,0.5,-0.42,-0.5674076674006017,-0.0008279391896053312,0.0008279391896053312,0.0,2.031795190366381,3.4961827133321606,10.004248811050388,12.035216062227164,22.126472264989474,0.0,2.031795190366381,3.4961827133321606,10.003416256313983,5.845465172977214,12.035216062227164,5.685721607381339,13.499369105563545,10.451349214345726,10.452300801917204,15.688954216600393,15.8485692414109,"|0,0>","|1,0>","|2,0>","|0,1>","|4,0>","|1,1>","|3,0>","|2,1>","|5,0>",unlabeled,"|0,2>","|6,0>"
10.0,4.0,0.063206,3.9751100613693704,0.5,-0.41000000000000003,-0.5144522072308746,-0.0008009068299941191,0.0008009068299941191,0.0,2.1634547843665075,3.8124573615021404,10.004248811050388,12.166902688586902,22.126472264989474,0.0,2.1634547843665075,3.8124573615021404,10.003452205851573,6.214387755899679,12.166902688586902,5.978788213598534,13.815672636279885,10.74078213846633,10.742643282276475,15.982010554592478,16.21744215791628,"|0,0>","|1,0>","|2,0>","|0,1>","|4,0>","|1,1>","|3,0>","|2,1>","|5,0>",unlabeled,"|0,2>","|6,0>"
10.0,4.0,0.063206,3.9751100613693704,0.5,-0.4,-0.46994782189986495,-0.0007720409195428601,0.0007720409195428601,0.0,2.2885327576721863,4.107117693444508,10.004248811050388,12.292009527803032,22.126472264989474,0.0,2.2885327576721863,4.107117693444508,10.003486948611652,6.598111941940289,12.292009527803032,6.270908997240127,14.11036400762788,11.03438496210498,11.037765187774397,16.274121922678887,16.601114793803873,"|0,0>","|1,0>","|2,0>","|0,1>","|4,0>","|1,1>","|3,0>","|2,1>","|5,0>",unlabeled,"|0,2>","|6,0>"
10.0,4.0,0.063206,3.9751100613693704,0.5,-0.39,-0.4335969506860238,-0.0007409589108249293,0.0007409589108249293,0.0,2.407419441309969,4.381241931933914,10.004248811050388,12.410927293449532,22.126472264989474,0.0,2.407419441309969,4.381241931933914,10.003521285620565,6.993034031207628,12.410927293449532,6.560344866927778,14.38451971451886,11.331044805936244,11.336809954423956,16.56354949651137,16.99598455164599,"|0,0>","|1,0>","|2,0>","|0,1>","|4,0>","|1,1>","|3,0>","|2,1>","|5,0>",unlabeled,"|0,2>","|6,0>"
10.0,4.0,0.063206,3.9751100613693704,0.5,-0.38,-0.40447371257502596,-0.0007066611750019547,0.0007066611750019547,0.0,2.5205251594003073,4.636576606225589,10.004248811050388,12.524067309275694,22.126472264989474,0.0,2.5205251594003073,4.636576606225589,10.003555408867385,7.395345407953386,12.524067309275694,6.845699848950176,14.639885116445356,11.629768462345595,11.639092810176692,16.848897522152896,17.39824292902759,"|0,0>","|1,0>","|2,0>","|0,1>","|4,0>","|1,1>","|3,0>","|2,1>","|5,0>",unlabeled,"|0,2>","|6,0>"
10.0,4.0,0.063206,3.9751100613693704,0.5,-0.37,-0.38140343820620615,-0.0006667264771920145,0.0006667264771920145,0.0,2.628244703392653,4.8750859685791,10.004248811050388,12.63182678796585,22.126472264989474,0.0,2.628244703392653,4.8750859685791,10.003589398292576,7.801345206542379,12.63182678796585,7.125859693559391,14.87842383955396,11.929637151488976,11.944049845372149,17.12905192336791,17.804187919682363,"|0,0>","|1,0>","|2,0>","|0,1>","|4,0>","|1,1>","|3,0>","|2,1>","|5,0>",unlabeled,"|0,2>","|6,0>"
10.0,4.0,0.063206,3.9751100613693704,0.5,-0.36,-0.3632158728707964,-0.0006145305308109528,0.0006145305308109528,0.0,2.730941615560994,5.098667358251191,10.004248811050388,12.734575896080571,22.126472264989474,0.0,2.730941615560994,5.098667358251191,10.003623353005992,8.207642844840422,12.734575896080571,7.399944373250094,15.102032997972827,12.229778507666651,12.251202199378241,17.403132797970045,18.210426136979066,"|0,0>","|1,0>","|2,0>","|0,1>","|4,0>","|1,1>","|3,0>","|2,1>","|5,0>",unlabeled,"|0,2>","|6,0>"
10.0,4.0,0.063206,3.9751100613693704,0.5,-0.35,-0.34887515189382157,-0.0005251419941316726,0.0005251419941316726,0.0,2.8289427758545003,5.309010399815179,10.004248811050388,12.832666444910757,22.126472264989474,0.0,2.8289427758545003,5.309010399815179,10.00365750590447,8.611250205872011,12.832666444910757,7.667269296325998,15.312402232633474,12.529338720303713,12.560127481259428,17.670455628420143,18.613963959359893,"|0,0>","|1,0>","|2,0>","|0,1>","|4,0>","|1,1>","|3,0>","|2,1>","|5,0>",unlabeled,"|0,2>","|6,0>"
10.0,4.0,0.063206,3.9751100613693704,0.5,-0.33999999999999997,-0.33752412751380234,-0.0001653185066459173,0.0001653185066459173,0.0,2.9225382072825425,5.507552287051283,10.004248811050388,12.926621699826285,22.126472264989474,0.0,2.9225382072825425,5.507552287051283,10.003692518649473,9.00959881719561,12.926621699826285,7.927312627405001,15.510968873027622,12.827285868082129,12.87043454598603,17.930498600470628,19.01222188666665,"|0,0>","|1,0>","|2,0>","|0,1>","|4,0>","|1,1>","|3,0>","|2,1>","|5,0>",unlabeled,"|0,2>","|6,0>"
10.0,4.0,0.063206,3.9751100613693704,0.5,-0.32999999999999996,-0.32848149467218946,-0.0010915255211614294,0.0010915255211614294,0.0,3.0119833636366593,5.695485232601129,10.004248811050388,13.015140649165886,22.126472264989474,0.0,3.0119833636366593,5.695485232601129,10.003730843805442,9.400517676005336,13.015140649165886,8.179687299871148,15.69892531119362,13.124405680300072,13.181739915150956,18.18287461635373,19.403003570852945,"|0,0>","|1,0>","|2,0>","|0,1>","|4,0>","|1,1>","|3,0>","|2,1>","|5,0>",unlabeled,"|0,2>","|6,0>"
10.0,4.0,0.063206,3.9751100613693704,0.5,-0.32,-0.3212185013192368,-0.0007714494618653589,0.0007714494618653589,0.0,3.0975024379724516,5.873786374625666,10.004248811050388,13.100979799560974,22.126472264989474,0.0,3.0975024379724516,5.873786374625666,10.003791811801932,9.78218373438881,13.100979799560974,8.424116893570726,15.877248869326024,13.417423437195055,13.49364550475866,18.42730717646768,19.78440448166964,"|0,0>","|1,0>","|2,0>","|0,1>","|4,0>","|1,1>","|3,0>","|2,1>","|5,0>",unlabeled,"|0,2>","|6,0>"
10.0,4.0,0.063206,3.9751100613693704,0.5,-0.31,-0.31533029418125125,-0.0006868425938932887,0.0006868425938932887,0.0,3.179291929129306,6.043253564077361,10.004248811050388,13.182853897585801,22.126472264989474,0.0,3.179291929129306,6.043253564077361,10.003704055371571,10.153294111753723,13.182853897585801,8.660414851258906,16.046737571584117,13.707108645440343,13.805718257304108,18.663609602874175,20.007700756831014,"|0,0>","|1,0>","|2,0>","|0,1>","|4,0>","|1,1>","|3,0>","|2,1>","|5,0>",unlabeled,"|0,2>","|6,0>"
10.0,4.0,0.063206,3.9751100613693704,0.5,-0.3,-0.310508952323886,-0.0006379179338296126,0.0006379179338296126,0.0,3.257524086418556,6.204539220513226,10.004248811050388,13.261134979535115,22.126472264989474,0.0,3.257524086418556,6.204539220513226,10.003783389586516,10.512356445284155,13.261134979535115,8.88846665965633,16.20804399842197,13.9925818756644,14.11747286341864,18.891667229557697,20.007861243169685,"|0,0>","|1,0>","|2,0>","|0,1>","|4,0>","|1,1>","|3,0>","|2,1>","|5,0>",unlabeled,"|0,2>","|6,0>"
10.0,4.0,0.063206,3.9751100613693704,0.5,-0.29000000000000004,-0.3065207752857475,-0.0006014533441600634,0.0006014533441600634,0.0,3.332350061095525,6.3581793469053025,10.004248811050388,13.335997418801753,22.126472264989474,0.0,3.332350061095525,6.3581793469053025,10.003820654181226,10.858672994797985,13.335997418801753,9.108214694467392,16.361704308190866,14.273175355252306,14.42835898535347,19.111422257700553,20.007936243175124,"|0,0>","|1,0>","|2,0>","|0,1>","|4,0>","|1,1>","|3,0>","|2,1>","|5,0>",unlabeled,"|0,2>","|6,0>"
10.0,4.0,0.063206,3.9751100613693704,0.5,-0.28,-0.30318821913917304,-0.0005710716563953611,0.0005710716563953611,0.0,3.403902704088523,6.504617189037873,10.004248811050388,13.407580443482516,22.126472264989474,0.0,3.403902704088523,6.504617189037873,10.003852222345387,11.191544133511428,13.407580443482516,9.319645459976414,16.50816190926119,14.548275416128632,14.737754233029904,19.322861005338865,20.007999809281017,"|0,0>","|1,0>","|2,0>","|0,1>","|4,0>","|1,1>","|3,0>","|2,1>","|5,0>",unlabeled,"|0,2>","|6,0>"
10.0,4.0,0.063206,3.9751100613693704,0.5,-0.27,-0.3003759823242831,-0.0005443300540264318,0.0005443300540264318,0.0,3.4722990065704096,6.644222030816536,10.004248811050388,13.476003487566771,22.126472264989474,0.0,3.4722990065704096,6.644222030816536,10.003881415962695,11.51052111945009,13.476003487566771,9.522778966341974,16.647786274678282,14.817311214784723,15.04496362322135,19.526003293741695,20.008058629513755,"|0,0>","|1,0>","|2,0>","|0,1>","|4,0>","|1,1>","|3,0>","|2,1>","|5,0>",unlabeled,"|0,2>","|6,0>"
10.0,4.0,0.063206,3.9751100613693704,0.5,-0.26,-0.297980481567663,-0.0005201029037777971,0.0005201029037777971,0.0,3.537642207212997,6.777303932858331,10.004248811050388,13.541370915359607,22.126472264989474,0.0,3.537642207212997,6.777303932858331,10.00390907169077,11.815348667989525,13.541370915359607,9.717659993574074,16.780887710743684,15.079753105903166,15.349225489861482,19.720893718875516,20.008114382507813,"|0,0>","|1,0>","|2,0>","|0,1>","|4,0>","|1,1>","|3,0>","|2,1>","|5,0>",unlabeled,"|0,2>","|6,0>"
10.0,4.0,0.063206,3.9751100613693704,0.5,-0.25,-0.2959219710439527,-0.0004978066450291863,0.0004978066450291863,0.0,3.6000236011400943,6.904125231236236,10.004248811050388,13.603774605545453,22.126472264989474,0.0,3.6000236011400943,6.904125231236236,10.003935482314546,12.105934792656882,13.603774605545453,9.904350998191234,16.907728906261497,15.335112196683838,15.649722995994921,19.90759456369227,20.008167653427677,"|0,0>","|1,0>","|2,0>","|0,1>","|4,0>","|1,1>","|3,0>","|2,1>","|5,0>",unlabeled,"|0,2>","|6,0>"
10.0,4.0,0.063206,3.9751100613693704,0.5,-0.24,-0.29413866905707664,-0.00047711289678886715,0.00047711289678886715,0.0,3.6595240882848827,7.024909507512689,10.004248811050388,13.663295786438482,22.126472264989474,0.0,3.6595240882848827,7.024909507512689,10.003960765517235,12.382321404821596,13.663295786438482,10.082926429476146,17.02853399666762,15.582939762320649,15.945599724328616,20.086180118245295,20.008218675860604,"|0,0>","|1,0>","|2,0>","|0,1>","|4,0>","|1,1>","|3,0>","|2,1>","|5,0>",unlabeled,"|0,2>","|6,0>"
10.0,4.0,0.063206,3.9751100613693704,0.5,-0.22999999999999998,-0.2925823869316275,-0.00045782508863112525,0.00045782508863112525,0.0,3.7162154973787835,7.1398486078259396,10.004248811050388,13.72000648334054,22.126472264989474,0.0,3.7162154973787835,7.1398486078259396,10.003984969537413,12.644655458821319,13.72000648334054,10.253468237859067,17.14349577821983,15.82282626691088,16.235977427983926,20.256732190312704,20.00826754406731,"|0,0>","|1,0>","|2,0>","|0,1>","|4,0>","|1,1>","|3,0>","|2,1>","|5,0>",unlabeled,"|0,2>","|6,0>"
10.0,4.0,0.063206,3.9751100613693704,0.5,-0.21999999999999997,-0.29121527295853866,-0.0004398192357655262,0.0004398192357655262,0.0,3.7701617183958263,7.249108163833114,10.004248811050388,13.773970710210449,22.126472264989474,0.0,3.7701617183958263,7.249108163833114,10.004008111509165,12.893161723158244,13.773970710210449,10.416062377332821,17.252781687566937,16.054399978455564,16.519973904831545,20.419336608728827,20.008314289955706,"|0,0>","|1,0>","|2,0>","|0,1>","|4,0>","|1,1>","|3,0>","|2,1>","|5,0>",unlabeled,"|0,2>","|6,0>"
10.0,4.0,0.063206,3.9751100613693704,0.5,-0.21000000000000002,-0.29000738096468126,-0.0004230130224414097,0.0004230130224414097,0.0,3.821419672223641,7.3528319634826005,10.004248811050388,13.825245470251588,22.126472264989474,0.0,3.821419672223641,7.3528319634826005,10.004030193788765,13.128118263885256,13.825245470251588,10.570796125495463,17.35653944145426,16.27732523724964,16.796718855420835,20.574080543349822,20.00835891585055,"|0,0>","|1,0>","|2,0>","|0,1>","|4,0>","|1,1>","|3,0>","|2,1>","|5,0>",unlabeled,"|0,2>","|6,0>"
10.0,4.0,0.063206,3.9751100613693704,0.5,-0.2,-0.2889348482198102,-0.0004073485524145326,0.0004073485524145326,0.0,3.870040142355066,7.451145436490322,10.004248811050388,13.87388160485304,22.126472264989474,0.0,3.870040142355066,7.451145436490322,10.004051211783093,13.349835407338503,13.87388160485304,10.71775606746587,17.454904984059453,16.491300457309308,17.065364206180448,20.721050488131482,20.008401410164595,"|0,0>","|1,0>","|2,0>","|0,1>","|4,0>","|1,1>","|3,0>","|2,1>","|5,0>",unlabeled,"|0,2>","|6,0>"
10.0,4.0,0.063206,3.9751100613693704,0.5,-0.19,-0.28797852404127866,-0.0003927821440186108,0.0003927821440186108,0.0,3.916068489592135,7.544158455142991,10.004248811050388,13.919924518498505,22.126472264989474,0.0,3.916068489592135,7.544158455142991,10.004071158054387,13.558638536766665,13.919924518498505,10.85702661200557,17.548029105332688,16.69605594228318,17.325072104201325,20.860330775978298,20.008441755677836,"|0,0>","|1,0>","|2,0>","|0,1>","|4,0>","|1,1>","|3,0>","|2,1>","|5,0>",unlabeled,"|0,2>","|6,0>"
10.0,4.0,0.063206,3.9751100613693704,0.5,-0.18,-0.28712293269313705,-0.0003792781097899933,0.0003792781097899933,0.0,3.9595452676007596,7.631967602508382,10.004248811050388,13.963414800541358,22.126472264989474,0.0,3.9595452676007596,7.631967602508382,10.004090024687741,13.754854695734451,13.963414800541358,10.988688929172667,17.63647181210277,16.89135159141958,17.57463147150608,20.99200251481966,20.00847993426646,"|0,0>","|1,0>","|2,0>","|0,1>","|4,0>","|1,1>","|3,0>","|2,1>","|5,0>",unlabeled,"|0,2>","|6,0>"
10.0,4.0,0.063206,3.9751100613693704,0.5,-0.16999999999999998,-0.28635548489415896,-0.00036680473510841693,0.00036680473510841693,0.0,4.000506754130356,7.714658023366553,10.004248811050388,14.004388760445636,22.126472264989474,0.0,4.000506754130356,7.714658023366553,10.004107804723049,13.938802685798663,14.004388760445636,11.112820217600955,17.717775391842792,17.076974561801848,17.81589244890941,21.116142853168526,20.008515929761927,"|0,0>","|1,0>","|2,0>","|0,1>","|4,0>","|1,1>","|3,0>","|2,1>","|5,0>",unlabeled,"|0,2>","|6,0>"
10.0,4.0,0.063206,3.9751100613693704,0.5,-0.15999999999999998,-0.28566587517130415,-0.0003553317360456276,0.0003553317360456276,0.0,4.038985410450039,7.792304945728773,10.004248811050388,14.042878889764381,22.126472264989474,0.0,4.038985410450039,7.792304945728773,10.004124493057986,14.110786174962186,14.042878889764381,11.229493226213691,17.795756735351148,17.252736942585273,18.044478616447464,21.23282450012269,20.00854972979343,"|0,0>","|1,0>","|2,0>","|0,1>","|4,0>","|1,1>","|3,0>","|2,1>","|5,0>",unlabeled,"|0,2>","|6,0>"
10.0,4.0,0.063206,3.9751100613693704,0.5,-0.14999999999999997,-0.28504561851266885,-0.0003448285731337819,0.0003448285731337819,0.0,4.075010279413107,7.8649749403135445,10.004248811050388,14.078914261890361,22.126472264989474,0.0,4.075010279413107,7.8649749403135445,10.004140087057692,14.271089264972346,14.078914261890361,11.338775969528342,17.868512002314276,17.41847348638987,18.261784439219525,21.342115439008836,20.00858132698818,"|0,0>","|1,0>","|2,0>","|0,1>","|4,0>","|1,1>","|3,0>","|2,1>","|5,0>",unlabeled,"|0,2>","|6,0>"
10.0,4.0,0.063206,3.9751100613693704,0.5,-0.14,-0.28448769227080106,-0.00033526343668199843,0.00033526343668199843,0.0,4.108607330951656,7.932726969632512,10.004248811050388,14.112520878565363,22.126472264989474,0.0,4.108607330951656,7.932726969632512,10.004154586923818,14.41997397263222,14.112520878565363,11.440731587849285,17.936305661299798,17.57403943312346,18.467086442466325,21.44407878599185,20.008610719739494,"|0,0>","|1,0>","|2,0>","|0,1>","|4,0>","|1,1>","|3,0>","|2,1>","|5,0>",unlabeled,"|0,2>","|6,0>"
10.0,4.0,0.063206,3.9751100613693704,0.5,-0.13,-0.2839862575706604,-0.00032660266040807073,0.00032660266040807073,0.0,4.139799762228705,7.99561326688675,10.004248811050388,14.143721970618685,22.126472264989474,0.0,4.139799762228705,7.99561326688675,10.004167995897518,14.557679134174009,14.143721970618685,11.53541831361855,17.999217856003355,17.71930845243446,18.659894653973396,21.5387727550399,20.008637912620742,"|0,0>","|1,0>","|2,0>","|0,1>","|4,0>","|1,1>","|3,0>","|2,1>","|5,0>",unlabeled,"|0,2>","|6,0>"
10.0,4.0,0.063206,3.9751100613693704,0.5,-0.12,-0.28353644155083657,-0.0003188105154947607,0.0003188105154947607,0.0,4.168608258701283,8.05368007585173,10.004248811050388,14.172538259236177,22.126472264989474,0.0,4.168608258701283,8.05368007585173,10.004180320350116,14.684420318294286,14.172538259236177,11.622889513598551,18.057302907609937,17.854170723302985,18.83979192475698,21.626250698820513,20.008662916529772,"|0,0>","|1,0>","|2,0>","|0,1>","|4,0>","|1,1>","|3,0>","|2,1>","|5,0>",unlabeled,"|0,2>","|6,0>"
10.0,4.0,0.063206,3.9751100613693704,0.5,-0.10999999999999999,-0.2831341660900648,-0.0003118492985265675,0.0003118492985265675,0.0,4.195051221158138,8.106968276226212,10.004248811050388,14.19898818291,22.126472264989474,0.0,4.195051221158138,8.106968276226212,10.00419156966916,14.800390414986566,14.19898818291,11.703193783070759,18.1106049071941,17.978531162488025,19.00641551904303,21.706561201837076,20.00868574852973,"|0,0>","|1,0>","|2,0>","|0,1>","|4,0>","|1,1>","|3,0>","|2,1>","|5,0>",unlabeled,"|0,2>","|6,0>"
10.0,4.0,0.063206,3.9751100613693704,0.5,-0.09999999999999998,-0.28277601232346683,-0.00030567963719363433,0.00030567963719363433,0.0,4.219144963051292,8.155513913779117,10.004248811050388,14.223088094464487,22.126472264989474,0.0,4.219144963051292,8.155513913779117,10.004201756065527,14.905760643818809,14.223088094464487,11.77637507368513,18.1591614364213,18.092307808207778,19.15945020843489,21.7797482073845,20.00870643141755,"|0,0>","|1,0>","|2,0>","|0,1>","|4,0>","|1,1>","|3,0>","|2,1>","|5,0>",unlabeled,"|0,2>","|6,0>"
10.0,4.0,0.063206,3.9751100613693704,0.5,-0.08999999999999997,-0.28245911309986127,-0.0003002610539510897,0.0003002610539510897,0.0,4.240903881829382,8.199348650558903,10.004248811050388,14.24485243182582,22.126472264989474,0.0,4.240903881829382,8.199348650558903,10.004210894212008,15.000681791017286,14.24485243182582,11.842472840858392,18.20300498835789,18.195430360978435,19.298623508926198,21.845851164195864,20.00872499303418,"|0,0>","|1,0>","|2,0>","|0,1>","|4,0>","|1,1>","|3,0>","|2,1>","|5,0>",unlabeled,"|0,2>","|6,0>"
10.0,4.0,0.063206,3.9751100613693704,0.5,-0.08000000000000002,-0.2821810670866398,-0.0002955526545918019,0.0002955526545918019,0.0,4.26034060720022,8.2385001473138,10.004248811050388,14.264293865596017,22.126472264989474,0.0,4.26034060720022,8.2385001473138,10.004219000754915,15.085285538410233,14.264293865596017,11.901522199830112,18.24216371510869,18.287838880207772,19.42370159259866,21.90490518198976,20.00874146529364,"|0,0>","|1,0>","|2,0>","|0,1>","|4,0>","|1,1>","|3,0>","|2,1>","|5,0>",unlabeled,"|0,2>","|6,0>"
10.0,4.0,0.063206,3.9751100613693704,0.5,-0.07,-0.2819398700477791,-0.0002915140109962522,0.0002915140109962522,0.0,4.277466128986475,8.272992387925171,10.004248811050388,14.281423426025867,22.126472264989474,0.0,4.277466128986475,8.272992387925171,10.004226093709235,15.1596857888631,14.281423426025867,11.953554082278231,18.27666191090546,18.369482632708184,19.534485582984644,21.95694118765823,20.008755882959974,"|0,0>","|1,0>","|2,0>","|0,1>","|4,0>","|1,1>","|3,0>","|2,1>","|5,0>",unlabeled,"|0,2>","|6,0>"
10.0,4.0,0.063206,3.9751100613693704,0.5,-0.06,-0.2817338597240848,-0.00028810610098162215,0.00028810610098162215,0.0,4.292289906611643,8.302845953499201,10.004248811050388,14.29625061156105,22.126472264989474,0.0,4.292289906611643,8.302845953499201,10.004232191734587,15.2239799243564,14.29625061156105,11.998595387213015,18.306520362780788,18.44031908757762,19.630808187518397,22.001986075944956,20.008768282226583,"|0,0>","|1,0>","|2,0>","|0,1>","|4,0>","|1,1>","|3,0>","|2,1>","|5,0>",unlabeled,"|0,2>","|6,0>"
10.0,4.0,0.063206,3.9751100613693704,0.5,-0.04999999999999999,-0.2815616717022067,-0.00028529232639584734,0.00028529232639584734,0.0,4.304819962086157,8.328078252470107,10.004248811050388,14.308783480810149,22.126472264989474,0.0,4.304819962086157,8.328078252470107,10.004237313355048,15.278249955463394,14.308783480810149,12.036669121623703,18.33175662065969,18.5003130510147,19.712530676977224,22.04006284995674,20.0087786991418,"|0,0>","|1,0>","|2,0>","|0,1>","|4,0>","|1,1>","|3,0>","|2,1>","|5,0>",unlabeled,"|0,2>","|6,0>"
10.0,4.0,0.063206,3.9751100613693704,0.5,-0.03999999999999998,-0.2814222042332801,-0.0002830395508226502,0.0002830395508226502,0.0,4.3150629579023985,8.348703711571517,10.004248811050388,14.319028729401964,22.126472264989474,0.0,4.3150629579023985,8.348703711571517,10.004241476121365,15.322563537100706,14.319028729401964,12.067794527365805,18.35238521057738,18.54943593411471,19.77954023176443,22.071190748043875,20.008787167953614,"|0,0>","|1,0>","|2,0>","|0,1>","|4,0>","|1,1>","|3,0>","|2,1>","|5,0>",unlabeled,"|0,2>","|6,0>"
10.0,4.0,0.063206,3.9751100613693704,0.5,-0.02999999999999997,-0.28131459047671115,-0.0002813190801020937,0.0002813190801020937,0.0,4.3230242610631535,8.364733931649596,10.004248811050388,14.32699175303344,22.126472264989474,0.0,4.3230242610631535,8.364733931649596,10.004244695770495,15.35697483623585,14.32699175303344,12.091987191808329,18.368417803426723,18.587665146859138,19.831747673058658,22.09538535449687,20.008793719438415,"|0,0>","|1,0>","|2,0>","|0,1>","|4,0>","|1,1>","|3,0>","|2,1>","|5,0>",unlabeled,"|0,2>","|6,0>"
10.0,4.0,0.063206,3.9751100613693704,0.5,-0.020000000000000018,-0.28123817710144294,-0.0002801075530385333,0.0002801075530385333,0.0,4.328707994243246,8.376177811385048,10.004248811050388,14.332676697740595,22.126472264989474,0.0,4.328707994243246,8.376177811385048,10.004246985477806,15.381525244351621,14.332676697740595,12.109259140395295,18.379863346526292,18.614983611951033,19.86908559255008,22.112658692191275,20.0087983793899,"|0,0>","|1,0>","|2,0>","|0,1>","|4,0>","|1,1>","|3,0>","|2,1>","|5,0>",unlabeled,"|0,2>","|6,0>"
10.0,4.0,0.063206,3.9751100613693704,0.5,-0.010000000000000009,-0.28119250837119125,-0.0002793877119415811,0.0002793877119415811,0.0,4.332117074820502,8.383041641269813,10.004248811050388,14.336086498158949,22.126472264989474,0.0,4.332117074820502,8.383041641269813,10.004248355180152,15.396243931652577,14.336086498158949,12.119618909791143,18.38672816234174,18.631379392874322,19.89150689017322,22.123019295855983,20.00880116727234,"|0,0>","|1,0>","|2,0>","|0,1>","|4,0>","|1,1>","|3,0>","|2,1>","|5,0>",unlabeled,"|0,2>","|6,0>"
10.0,4.0,0.063206,3.9751100613693704,0.5,0.0,-0.2811773151306909,-0.0002791489552294024,0.0002791489552294024,0.0,4.333253242333683,8.385329169536675,10.004248811050388,14.337222904428842,22.126472264989474,0.0,4.333253242333683,8.385329169536675,10.004248811050388,15.401148242377218,14.337222904428842,12.123071600700058,18.389016017287588,18.636845431653057,19.898983726011693,22.126472264989474,20.008802095198604,"|0,0>","|1,0>","|2,0>","|0,1>","|4,0>","|1,1>","|3,0>","|2,1>","|5,0>",unlabeled,"|0,2>","|6,0>"
10.0,4.0,0.063206,3.9751100613693704,0.5,0.010000000000000009,-0.28119250837050913,-0.0002793877102931219,0.0002793877102931219,0.0,4.332117074820417,8.383041641270324,10.004248811050388,14.336086498160512,22.126472264989474,0.0,4.332117074820417,8.383041641270324,10.004248355182,15.396243931653231,14.336086498160512,12.119618909793843,18.38672816234532,18.63137939287637,19.891506890175492,22.12301929585749,20.008801167275777,"|0,0>","|1,0>","|2,0>","|0,1>","|4,0>","|1,1>","|3,0>","|2,1>","|5,0>",unlabeled,"|0,2>","|6,0>"
10.0,4.0,0.063206,3.9751100613693704,0.5,0.020000000000000018,-0.28123817710380195,-0.0002801075553975352,0.0002801075553975352,0.0,4.328707994246031,8.37617781138826,10.004248811050388,14.332676697741022,22.126472264989474,0.0,4.328707994246031,8.37617781138826,10.004246985481899,15.381525244353753,14.332676697741022,12.109259140398962,18.379863346528765,18.614983611953505,19.869085592553915,22.112658692194145,20.00879837939266,"|0,0>","|1,0>","|2,0>","|0,1>","|4,0>","|1,1>","|3,0>","|2,1>","|5,0>",unlabeled,"|0,2>","|6,0>"
10.0,4.0,0.063206,3.9751100613693704,0.5,0.030000000000000027,-0.28131459047384055,-0.0002813190801020937,0.0002813190801020937,0.0,4.323024261061192,8.364733931648544,10.004248811050388,14.326991753031479,22.126472264989474,0.0,4.323024261061192,8.364733931648544,10.004244695769302,15.356974836234002,14.326991753031479,12.091987191807988,18.368417803426894,18.587665146858456,19.83174767305897,22.095385354498717,20.00879371943887,"|0,0>","|1,0>","|2,0>","|0,1>","|4,0>","|1,1>","|3,0>","|2,1>","|5,0>",unlabeled,"|0,2>","|6,0>"
10.0,4.0,0.063206,3.9751100613693704,0.5,0.040000000000000036,-0.28142220423174535,-0.00028303955431852046,0.00028303955431852046,0.0,4.315062957900693,8.348703711569641,10.004248811050388,14.319028729396763,22.126472264989474,0.0,4.315062957900693,8.348703711569641,10.004241476117812,15.322563537096556,14.319028729396763,12.067794527361599,18.352385210574425,18.549435934113575,19.779540231761814,22.071190748045495,20.008787167951652,"|0,0>","|1,0>","|2,0>","|0,1>","|4,0>","|1,1>","|3,0>","|2,1>","|5,0>",unlabeled,"|0,2>","|6,0>"
10.0,4.0,0.063206,3.9751100613693704,0.5,0.050000000000000044,-0.2815616717038836,-0.0002852923298917176,0.0002852923298917176,0.0,4.304819962087407,8.328078252470931,10.004248811050388,14.308783480807904,22.126472264989474,0.0,4.304819962087407,8.328078252470931,10.004237313355674,15.27824995546257,14.308783480807904,12.036669121622765,18.33175662066148,18.50031305101473,19.712530676978503,22.04006284995728,20.008778699142823,"|0,0>","|1,0>","|2,0>","|0,1>","|4,0>","|1,1>","|3,0>","|2,1>","|5,0>",unlabeled,"|0,2>","|6,0>"
10.0,4.0,0.063206,3.9751100613693704,0.5,0.06000000000000005,-0.2817338597250796,-0.00028810610373852796,0.00028810610373852796,0.0,4.292289906611643,8.302845953498206,10.004248811050388,14.296250611558293,22.126472264989474,0.0,4.292289906611643,8.302845953498206,10.004232191733593,15.223979924353443,14.296250611558293,11.998595387212418,18.306520362778087,18.440319087575972,19.63080818751797,22.001986075944586,20.00876828222482,"|0,0>","|1,0>","|2,0>","|0,1>","|4,0>","|1,1>","|3,0>","|2,1>","|5,0>",unlabeled,"|0,2>","|6,0>"
10.0,4.0,0.063206,3.9751100613693704,0.5,0.07000000000000006,-0.28193987005019494,-0.0002915140134689409,0.0002915140134689409,0.0,4.277466128986731,8.272992387923267,10.004248811050388,14.28142342602365,22.126472264989474,0.0,4.277466128986731,8.272992387923267,10.004226093708297,15.159685788861083,14.28142342602365,11.953554082280334,18.27666191090401,18.36948263270679,19.534485582983308,21.956941187659112,20.008755882959406,"|0,0>","|1,0>","|2,0>","|0,1>","|4,0>","|1,1>","|3,0>","|2,1>","|5,0>",unlabeled,"|0,2>","|6,0>"
10.0,4.0,0.063206,3.9751100613693704,0.5,0.07999999999999996,-0.2821810670865261,-0.00029555265655289986,0.00029555265655289986,0.0,4.260340607200618,8.23850014731471,10.004248811050388,14.264293865594453,22.126472264989474,0.0,4.260340607200618,8.23850014731471,10.004219000754262,15.085285538409067,14.264293865594453,11.901522199831703,18.24216371511119,18.287838880209563,19.4237015925996,21.90490518198868,20.008741465295287,"|0,0>","|1,0>","|2,0>","|0,1>","|4,0>","|1,1>","|3,0>","|2,1>","|5,0>",unlabeled,"|0,2>","|6,0>"
10.0,4.0,0.063206,3.9751100613693704,0.5,0.08999999999999997,-0.28245911310020233,-0.00030026105346792065,0.00030026105346792065,0.0,4.240903881828899,8.199348650557596,10.004248811050388,14.24485243182582,22.126472264989474,0.0,4.240903881828899,8.199348650557596,10.004210894211269,15.000681791017655,14.24485243182582,11.842472840856999,18.203004988357293,18.195430360977923,19.29862350892543,21.84585116419447,20.00872499303685,"|0,0>","|1,0>","|2,0>","|0,1>","|4,0>","|1,1>","|3,0>","|2,1>","|5,0>",unlabeled,"|0,2>","|6,0>"
10.0,4.0,0.063206,3.9751100613693704,0.5,0.09999999999999998,-0.28277601232076677,-0.00030567963787575536,0.00030567963787575536,0.0,4.219144963051519,8.155513913782272,10.004248811050388,14.223088094464032,22.126472264989474,0.0,4.219144963051519,8.155513913782272,10.004201756066237,14.905760643816421,14.223088094464032,11.776375073685301,18.159161436421726,18.092307808207636,19.159450208436795,21.779748207383392,20.008706431417664,"|0,0>","|1,0>","|2,0>","|0,1>","|4,0>","|1,1>","|3,0>","|2,1>","|5,0>",unlabeled,"|0,2>","|6,0>"
10.0,4.0,0.063206,3.9751100613693704,0.5,0.10999999999999999,-0.2831341660854889,-0.00031184929710548204,0.00031184929710548204,0.0,4.195051221155808,8.106968276226127,10.004248811050388,14.19898818290909,22.126472264989474,0.0,4.195051221155808,8.106968276226127,10.004191569668563,14.800390414986168,14.19898818290909,11.703193783069509,18.110604907195466,17.97853116248791,19.006415519042775,21.70656120183773,20.00868574852754,"|0,0>","|1,0>","|2,0>","|0,1>","|4,0>","|1,1>","|3,0>","|2,1>","|5,0>",unlabeled,"|0,2>","|6,0>"
10.0,4.0,0.063206,3.9751100613693704,0.5,0.12,-0.2835364415545598,-0.00031881051563686924,0.00031881051563686924,0.0,4.168608258704381,8.053680075854203,10.004248811050388,14.172538259239133,22.126472264989474,0.0,4.168608258704381,8.053680075854203,10.004180320350656,14.68442031829511,14.172538259239133,11.622889513600228,18.057302907611046,17.854170723303497,18.83979192475968,21.626250698820684,20.008662916530596,"|0,0>","|1,0>","|2,0>","|0,1>","|4,0>","|1,1>","|3,0>","|2,1>","|5,0>",unlabeled,"|0,2>","|6,0>"
10.0,4.0,0.063206,3.9751100613693704,0.5,0.13,-0.2839862575687846,-0.00032660265890172013,0.00032660265890172013,0.0,4.139799762229018,7.995613266889251,10.004248811050388,14.143721970620504,22.126472264989474,0.0,4.139799762229018,7.995613266889251,10.004167995900161,14.557679134175487,14.143721970620504,11.535418313618948,17.999217856006652,17.719308452434632,18.659894653975556,21.538772755041805,20.00863791262205,"|0,0>","|1,0>","|2,0>","|0,1>","|4,0>","|1,1>","|3,0>","|2,1>","|5,0>",unlabeled,"|0,2>","|6,0>"
10.0,4.0,0.063206,3.9751100613693704,0.5,0.14,-0.28448769226696413,-0.00033526343528933467,0.00033526343528933467,0.0,4.108607330950321,7.932726969633677,10.004248811050388,14.11252087856542,22.126472264989474,0.0,4.108607330950321,7.932726969633677,10.004154586922596,14.419973972633244,14.11252087856542,11.44073158784903,17.936305661299457,17.574039433123318,18.467086442466865,21.444078785993327,20.008610719739323,"|0,0>","|1,0>","|2,0>","|0,1>","|4,0>","|1,1>","|3,0>","|2,1>","|5,0>",unlabeled,"|0,2>","|6,0>"
10.0,4.0,0.063206,3.9751100613693704,0.5,0.15000000000000002,-0.2850456185111909,-0.00034482857302009506,0.00034482857302009506,0.0,4.075010279412282,7.864974940313374,10.004248811050388,14.07891426188965,22.126472264989474,0.0,4.075010279412282,7.864974940313374,10.004140087059,14.271089264971778,14.07891426188965,11.3387759695282,17.86851200231419,17.418473486389388,18.261784439218616,21.342115439008523,20.008581326987297,"|0,0>","|1,0>","|2,0>","|0,1>","|4,0>","|1,1>","|3,0>","|2,1>","|5,0>",unlabeled,"|0,2>","|6,0>"
10.0,4.0,0.063206,3.9751100613693704,0.5,0.16000000000000003,-0.2856658751618397,-0.0003553317347098073,0.0003553317347098073,0.0,4.038985410445747,7.792304945729654,10.004248811050388,14.042878889761425,22.126472264989474,0.0,4.038985410445747,7.792304945729654,10.004124493059123,14.110786174959884,14.042878889761425,11.229493226211048,17.795756735349073,17.252736942584647,18.04447861644556,21.232824500122064,20.008549729793202,"|0,0>","|1,0>","|2,0>","|0,1>","|4,0>","|1,1>","|3,0>","|2,1>","|5,0>",unlabeled,"|0,2>","|6,0>"
10.0,4.0,0.063206,3.9751100613693704,0.5,0.17000000000000004,-0.2863554848938463,-0.00036680473519368206,0.00036680473519368206,0.0,4.000506754129276,7.714658023364706,10.004248811050388,14.00438876044447,22.126472264989474,0.0,4.000506754129276,7.714658023364706,10.00410780472265,13.938802685797668,14.00438876044447,11.11282021760124,17.717775391842224,17.076974561801507,17.815892448907448,21.1161428531681,20.008515929761046,"|0,0>","|1,0>","|2,0>","|0,1>","|4,0>","|1,1>","|3,0>","|2,1>","|5,0>",unlabeled,"|0,2>","|6,0>"
10.0,4.0,0.063206,3.9751100613693704,0.5,0.18000000000000005,-0.2871229326949276,-0.0003792781109552834,0.0003792781109552834,0.0,3.9595452676010723,7.631967602507217,10.004248811050388,13.963414800540505,22.126472264989474,0.0,3.9595452676010723,7.631967602507217,10.004090024685155,13.754854695732917,13.963414800540505,10.98868892917099,17.636471812103196,16.891351591419664,17.574631471506507,20.99200251481821,20.008479934267456,"|0,0>","|1,0>","|2,0>","|0,1>","|4,0>","|1,1>","|3,0>","|2,1>","|5,0>",unlabeled,"|0,2>","|6,0>"
10.0,4.0,0.063206,3.9751100613693704,0.5,0.19000000000000006,-0.28797852404582613,-0.0003927821479408067,0.0003927821479408067,0.0,3.9160684895939823,7.544158455142139,10.004248811050388,13.91992451849643,22.126472264989474,0.0,3.9160684895939823,7.544158455142139,10.004071158050948,13.558638536765727,13.91992451849643,10.857026612004233,17.54802910533246,16.696055942283635,17.325072104201325,20.86033077597898,20.008441755676643,"|0,0>","|1,0>","|2,0>","|0,1>","|4,0>","|1,1>","|3,0>","|2,1>","|5,0>",unlabeled,"|0,2>","|6,0>"
10.0,4.0,0.063206,3.9751100613693704,0.5,0.20000000000000007,-0.28893484822617665,-0.00040734855343771414,0.00040734855343771414,0.0,3.8700401423583344,7.451145436490492,10.004248811050388,13.873881604855285,22.126472264989474,0.0,3.8700401423583344,7.451145436490492,10.004051211781814,13.349835407341004,13.873881604855285,10.717756067469423,17.454904984060505,16.491300457309535,17.065364206181272,20.721050488131908,20.008401410165305,"|0,0>","|1,0>","|2,0>","|0,1>","|4,0>","|1,1>","|3,0>","|2,1>","|5,0>",unlabeled,"|0,2>","|6,0>"
10.0,4.0,0.063206,3.9751100613693704,0.5,0.20999999999999996,-0.2900073809713888,-0.0004230130279267996,0.0004230130279267996,0.0,3.821419672227222,7.352831963483055,10.004248811050388,13.825245470249683,22.126472264989474,0.0,3.821419672227222,7.352831963483055,10.00403019378956,13.12811826388446,13.825245470249683,10.570796125497253,17.35653944145423,16.27732523724839,16.796718855420437,20.57408054334951,20.008358915850323,"|0,0>","|1,0>","|2,0>","|0,1>","|4,0>","|1,1>","|3,0>","|2,1>","|5,0>",unlabeled,"|0,2>","|6,0>"
10.0,4.0,0.063206,3.9751100613693704,0.5,0.21999999999999997,-0.29121527296061345,-0.0004398192361634301,0.0004398192361634301,0.0,3.770161718395997,7.24910816383138,10.004248811050388,13.773970710210222,22.126472264989474,0.0,3.770161718395997,7.24910816383138,10.004008111508028,12.893161723158983,13.773970710210222,10.416062377332196,17.252781687569126,16.054399978454853,16.51997390483146,20.41933660872874,20.00831428995724,"|0,0>","|1,0>","|2,0>","|0,1>","|4,0>","|1,1>","|3,0>","|2,1>","|5,0>",unlabeled,"|0,2>","|6,0>"
10.0,4.0,0.063206,3.9751100613693704,0.5,0.22999999999999998,-0.2925823869292401,-0.00045782508956904167,0.00045782508956904167,0.0,3.7162154973768793,7.1398486078245185,10.004248811050388,13.720006483337698,22.126472264989474,0.0,3.7162154973768793,7.1398486078245185,10.003984969534685,12.64465545881879,13.720006483337698,10.253468237856623,17.143495778218607,15.822826266908407,16.235977427982903,20.256732190310174,20.008267544064125,"|0,0>","|1,0>","|2,0>","|0,1>","|4,0>","|1,1>","|3,0>","|2,1>","|5,0>",unlabeled,"|0,2>","|6,0>"
10.0,4.0,0.063206,3.9751100613693704,0.5,0.24,-0.294138669053126,-0.0004771128957372639,0.0004771128957372639,0.0,3.6595240882824953,7.024909507511865,10.004248811050388,13.663295786437146,22.126472264989474,0.0,3.6595240882824953,7.024909507511865,10.003960765515103,12.382321404820345,13.663295786437146,10.082926429474327,17.028533996669324,15.5829397623192,15.945599724328588,20.086180118243334,20.008218675858643,"|0,0>","|1,0>","|2,0>","|0,1>","|4,0>","|1,1>","|3,0>","|2,1>","|5,0>",unlabeled,"|0,2>","|6,0>"
10.0,4.0,0.063206,3.9751100613693704,0.5,0.25,-0.2959219710485286,-0.0004978066453134034,0.0004978066453134034,0.0,3.600023601141629,6.90412523123473,10.004248811050388,13.603774605546704,22.126472264989474,0.0,3.600023601141629,6.90412523123473,10.003935482314148,12.105934792655574,13.603774605546704,9.904350998190608,16.907728906263713,15.335112196683696,15.64972299599529,19.90759456369156,20.008167653426796,"|0,0>","|1,0>","|2,0>","|0,1>","|4,0>","|1,1>","|3,0>","|2,1>","|5,0>",unlabeled,"|0,2>","|6,0>"
10.0,4.0,0.063206,3.9751100613693704,0.5,0.26,-0.29798048156800405,-0.000520102901930386,0.000520102901930386,0.0,3.537642207213736,6.777303932859468,10.004248811050388,13.541370915362194,22.126472264989474,0.0,3.537642207213736,6.777303932859468,10.003909071690515,11.81534866799069,13.541370915362194,9.717659993574955,16.780887710745446,15.079753105902796,15.349225489861595,19.72089371887688,20.008114382508523,"|0,0>","|1,0>","|2,0>","|0,1>","|4,0>","|1,1>","|3,0>","|2,1>","|5,0>",unlabeled,"|0,2>","|6,0>"
10.0,4.0,0.063206,3.9751100613693704,0.5,0.27,-0.30037598232451046,-0.0005443300515821647,0.0005443300515821647,0.0,3.4722990065714328,6.644222030818355,10.004248811050388,13.476003487570239,22.126472264989474,0.0,3.4722990065714328,6.644222030818355,10.003881415963491,11.51052111945262,13.476003487570239,9.522778966342912,16.647786274680755,14.817311214785548,15.044963623223481,19.526003293744026,20.008058629517166,"|0,0>","|1,0>","|2,0>","|0,1>","|4,0>","|1,1>","|3,0>","|2,1>","|5,0>",unlabeled,"|0,2>","|6,0>"
10.0,4.0,0.063206,3.9751100613693704,0.5,0.28,-0.3031882191423847,-0.0005710716581859288,0.0005710716581859288,0.0,3.403902704090683,6.5046171890389815,10.004248811050388,13.407580443482885,22.126472264989474,0.0,3.403902704090683,6.5046171890389815,10.003852222345216,11.191544133509495,13.407580443482885,9.319645459977949,16.508161909260707,14.54827541612579,14.737754233028454,19.322861005337074,20.007999809278658,"|0,0>","|1,0>","|2,0>","|0,1>","|4,0>","|1,1>","|3,0>","|2,1>","|5,0>",unlabeled,"|0,2>","|6,0>"
10.0,4.0,0.063206,3.9751100613693704,0.5,0.29000000000000004,-0.30652077528580435,-0.000601453341460001,0.000601453341460001,0.0,3.332350061093024,6.3581793469002434,10.004248811050388,13.335997418801952,22.126472264989474,0.0,3.332350061093024,6.3581793469002434,10.00382065418006,10.858672994798326,13.335997418801952,9.108214694464209,16.36170430819243,14.273175355248867,14.42835898535148,19.111422257698052,20.007936243172992,"|0,0>","|1,0>","|2,0>","|0,1>","|4,0>","|1,1>","|3,0>","|2,1>","|5,0>",unlabeled,"|0,2>","|6,0>"
10.0,4.0,0.063206,3.9751100613693704,0.5,0.30000000000000004,-0.3105089523205038,-0.0006379179351085895,0.0006379179351085895,0.0,3.2575240864155433,6.204539220510583,10.004248811050388,13.261134979530823,22.126472264989474,0.0,3.2575240864155433,6.204539220510583,10.003783389583731,10.51235644528191,13.261134979530823,8.888466659651044,16.20804399841964,13.992581875658061,14.117472863415287,18.891667229554088,20.007861243165564,"|0,0>","|1,0>","|2,0>","|0,1>","|4,0>","|1,1>","|3,0>","|2,1>","|5,0>",unlabeled,"|0,2>","|6,0>"
10.0,4.0,0.063206,3.9751100613693704,0.5,0.31000000000000005,-0.3153302941778975,-0.0006868425927279986,0.0006868425927279986,0.0,3.1792919291270323,6.043253564076167,10.004248811050388,13.182853897584693,22.126472264989474,0.0,3.1792919291270323,6.043253564076167,10.003704055368814,10.153294111751308,13.182853897584693,8.660414851257684,16.046737571580877,13.707108645439689,13.80571825730334,18.66360960286815,20.007700756831554,"|0,0>","|1,0>","|2,0>","|0,1>","|4,0>","|1,1>","|3,0>","|2,1>","|5,0>",unlabeled,"|0,2>","|6,0>"
10.0,4.0,0.063206,3.9751100613693704,0.5,0.32000000000000006,-0.3212185013176736,-0.0007714494615527201,0.0007714494615527201,0.0,3.097502437973219,5.873786374628764,10.004248811050388,13.100979799562054,22.126472264989474,0.0,3.097502437973219,5.873786374628764,10.003791811803893,9.782183734387502,13.100979799562054,8.424116893573625,15.877248869329748,13.417423437196106,13.493645504760138,18.427307176469583,19.784404481673874,"|0,0>","|1,0>","|2,0>","|0,1>","|4,0>","|1,1>","|3,0>","|2,1>","|5,0>",unlabeled,"|0,2>","|6,0>"
10.0,4.0,0.063206,3.9751100613693704,0.5,0.33000000000000007,-0.32848149467517374,-0.0010915255236341181,0.0010915255236341181,0.0,3.011983363637569,5.695485232599964,10.004248811050388,13.015140649164323,22.126472264989474,0.0,3.011983363637569,5.695485232599964,10.003730843802344,9.40051767600346,13.015140649164323,8.179687299870864,15.698925311193705,13.124405680298366,13.181739915150644,18.182874616354525,19.40300357085485,"|0,0>","|1,0>","|2,0>","|0,1>","|4,0>","|1,1>","|3,0>","|2,1>","|5,0>",unlabeled,"|0,2>","|6,0>"
10.0,4.0,0.063206,3.9751100613693704,0.5,0.33999999999999997,-0.33752412751394445,-0.00016531850681644755,0.00016531850681644755,0.0,2.922538207284191,5.507552287054438,10.004248811050388,12.926621699827763,22.126472264989474,0.0,2.922538207284191,5.507552287054438,10.00369251865041,9.00959881719362,12.926621699827763,7.92731262740719,15.510968873030237,12.827285868083038,12.87043454598708,17.93049860047097,19.01222188666344,"|0,0>","|1,0>","|2,0>","|0,1>","|4,0>","|1,1>","|3,0>","|2,1>","|5,0>",unlabeled,"|0,2>","|6,0>"
10.0,4.0,0.063206,3.9751100613693704,0.5,0.35,-0.3488751518939637,-0.0005251419912326583,0.0005251419912326583,0.0,2.8289427758519423,5.309010399809921,10.004248811050388,12.832666444911098,22.126472264989474,0.0,2.8289427758519423,5.309010399809921,10.003657505902822,8.611250205873063,12.832666444911098,7.667269296327362,15.312402232633502,12.529338720304281,12.560127481257268,17.67045562842054,18.613963959357875,"|0,0>","|1,0>","|2,0>","|0,1>","|4,0>","|1,1>","|3,0>","|2,1>","|5,0>",unlabeled,"|0,2>","|6,0>"
10.0,4.0,0.063206,3.9751100613693704,0.5,0.36,-0.3632158728755428,-0.000614530532942581,0.000614530532942581,0.0,2.7309416155627275,5.098667358249912,10.004248811050388,12.734575896080173,22.126472264989474,0.0,2.7309416155627275,5.098667358249912,10.003623353005935,8.207642844842667,12.734575896080173,7.399944373252282,15.102032997972543,12.229778507665799,12.251202199379719,17.4031327979705,18.21042613697884,"|0,0>","|1,0>","|2,0>","|0,1>","|4,0>","|1,1>","|3,0>","|2,1>","|5,0>",unlabeled,"|0,2>","|6,0>"
10.0,4.0,0.063206,3.9751100613693704,0.5,0.37,-0.38140343820921885,-0.0006667264778457138,0.0006667264778457138,0.0,2.628244703394273,4.875085968579327,10.004248811050388,12.631826787966816,22.126472264989474,0.0,2.628244703394273,4.875085968579327,10.00358939829502,7.801345206547381,12.631826787966816,7.12585969356374,14.878423839557286,11.929637151491761,11.944049845375162,17.12905192337564,17.804187919689554,"|0,0>","|1,0>","|2,0>","|0,1>","|4,0>","|1,1>","|3,0>","|2,1>","|5,0>",unlabeled,"|0,2>","|6,0>"
10.0,4.0,0.063206,3.9751100613693704,0.5,0.38,-0.40447371257829445,-0.0007066611754851237,0.0007066611754851237,0.0,2.520525159401842,4.63657660622539,10.004248811050388,12.524067309276745,22.126472264989474,0.0,2.520525159401842,4.63657660622539,10.003555408870284,7.395345407953215,12.524067309276745,6.8456998489527905,14.639885116446635,11.629768462346362,11.63909281017797,16.848897522153067,17.398242929026907,"|0,0>","|1,0>","|2,0>","|0,1>","|4,0>","|1,1>","|3,0>","|2,1>","|5,0>",unlabeled,"|0,2>","|6,0>"
10.0,4.0,0.063206,3.9751100613693704,0.5,0.39,-0.43359695069150916,-0.0007409589129281358,0.0007409589129281358,0.0,2.407419441312669,4.381241931933829,10.004248811050388,12.41092729345013,22.126472264989474,0.0,2.407419441312669,4.381241931933829,10.003521285620195,6.993034031202825,12.41092729345013,6.560344866926357,14.38451971451829,11.331044805936585,11.336809954423188,16.563549496511655,16.995984551646302,"|0,0>","|1,0>","|2,0>","|0,1>","|4,0>","|1,1>","|3,0>","|2,1>","|5,0>",unlabeled,"|0,2>","|6,0>"
10.0,4.0,0.063206,3.9751100613693704,0.5,0.4,-0.4699478218971649,-0.0007720409197702338,0.0007720409197702338,0.0,2.2885327576708505,4.107117693444536,10.004248811050388,12.292009527801468,22.126472264989474,0.0,2.2885327576708505,4.107117693444536,10.003486948611368,6.598111941937162,12.292009527801468,6.270908997239502,14.110364007627311,11.034384962105491,11.037765187774482,16.274121922677864,16.60111479380066,"|0,0>","|1,0>","|2,0>","|0,1>","|4,0>","|1,1>","|3,0>","|2,1>","|5,0>",unlabeled,"|0,2>","|6,0>"
10.0,4.0,0.063206,3.9751100613693704,0.5,0.41000000000000003,-0.5144522072340578,-0.0008009068293688415,0.0008009068293688415,0.0,2.163454784367758,3.8124573615014583,10.004248811050388,12.166902688588777,22.126472264989474,0.0,2.163454784367758,3.8124573615014583,10.00345220585237,6.214387755899878,12.166902688588777,5.978788213600211,13.815672636280652,10.740782138468205,10.74264328227656,15.982010554592648,16.21744215791594,"|0,0>","|1,0>","|2,0>","|0,1>","|4,0>","|1,1>","|3,0>","|2,1>","|5,0>",unlabeled,"|0,2>","|6,0>"
10.0,4.0,0.063206,3.9751100613693704,0.5,0.42000000000000004,-0.5674076674023354,-0.0008279391901737654,0.0008279391901737654,0.0,2.0317951903670064,3.4961827133316774,10.004248811050388,12.03521606222722,22.126472264989474,0.0,2.0317951903670064,3.4961827133316774,10.003416256314495,5.845465172975395,12.03521606222722,5.685721607382959,13.499369105563147,10.451349214343793,10.452300801917232,15.688954216599228,15.848569241410985,"|0,0>","|1,0>","|2,0>","|0,1>","|4,0>","|1,1>","|3,0>","|2,1>","|5,0>",unlabeled,"|0,2>","|6,0>"
10.0,4.0,0.063206,3.9751100613693704,0.5,0.43000000000000005,-0.6280537596803981,-0.0008531902253423596,0.0008531902253423596,0.0,1.893257116410382,3.158460473140366,10.004248811050388,11.896652737235428,22.126472264989474,0.0,1.893257116410382,3.158460473140366,10.003372244691462,5.494403749593971,11.896652737235428,5.393877734120849,13.161622194821206,10.167397457175582,10.1678516876745,15.397121145005656,15.49755388901687,"|0,0>","|1,0>","|2,0>","|0,1>","|4,0>","|1,1>","|3,0>","|2,1>","|5,0>",unlabeled,"|0,2>","|6,0>"
10.0,4.0,0.063206,3.9751100613693704,0.5,0.44000000000000006,-0.6942567516499594,-0.000876497889919392,0.000876497889919392,0.0,1.7477846162514084,2.8013124808528573,10.004248811050388,11.751156929411877,22.126472264989474,0.0,1.7477846162514084,2.8013124808528573,10.003381503929063,5.163537095130124,11.751156929411877,5.105991208251169,12.804455654799995,9.890579649291311,9.890733928408537,15.109245575028382,15.166727940449192,"|0,0>","|1,0>","|2,0>","|0,1>","|4,0>","|1,1>","|3,0>","|2,1>","|5,0>",unlabeled,"|0,2>","|6,0>"
10.0,4.0,0.063206,3.9751100613693704,0.5,0.45000000000000007,-0.7624853014310986,-0.0008975398522181877,0.0008975398522181877,0.0,1.5958599679556187,2.4292346344801388,10.004248811050388,11.599211239153789,22.126472264989474,0.0,1.5958599679556187,2.4292346344801388,10.003331934242397,4.825610881613699,11.599211239153789,4.854678296416068,12.432366639007284,9.623166049818138,9.623221904366432,14.857903201029217,14.828875912670782,"|0,0>","|1,0>","|2,0>","|0,1>","|4,0>","|1,1>","|3,0>","|2,1>","|5,0>",unlabeled,"|0,2>","|6,0>"
10.0,4.0,0.063206,3.9751100613693704,0.5,0.45999999999999996,-0.8281422989523435,-0.0009158695277449169,0.0009158695277449169,0.0,1.4391238172644591,2.050105335576575,10.004248811050388,11.442456758787102,22.126472264989474,0.0,1.4391238172644591,2.050105335576575,10.003297974196954,4.557615757764495,11.442456758787102,4.56992445578598,12.053233857684233,9.36861727566506,9.368631895142528,14.573176262495906,14.560890650630427,unlabeled,unlabeled,unlabeled,unlabeled,unlabeled,unlabeled,unlabeled,unlabeled,unlabeled,unlabeled,unlabeled,unlabeled
10.0,4.0,0.063206,3.9751100613693704,0.5,0.47,-0.8861609275515434,-0.0009309575887357369,0.0009309575887357369,0.0,1.281742266414426,1.6773236052773086,10.004248811050388,11.285060119876078,22.126472264989474,0.0,1.281742266414426,1.6773236052773086,10.003267364643165,4.309408750978207,11.285060119876078,4.313370299974707,11.680455674773526,9.132870568121206,9.132873044430596,14.316642037819292,14.31269214657371,unlabeled,unlabeled,unlabeled,unlabeled,unlabeled,unlabeled,unlabeled,unlabeled,unlabeled,unlabeled,unlabeled,unlabeled
10.0,4.0,0.063206,3.9751100613693704,0.5,0.48,-0.9316953615809211,-0.00094225229892686,0.00094225229892686,0.0,1.1335552601827317,1.3354151587845422,10.004248811050388,11.136861818934193,22.126472264989474,0.0,1.1335552601827317,1.3354151587845422,10.003240063290662,4.093820734095914,11.136861818934193,4.094591504700389,11.338556128517695,8.927372116611679,8.927372293435809,14.097876785598515,14.097110715469114,unlabeled,unlabeled,unlabeled,unlabeled,unlabeled,unlabeled,unlabeled,unlabeled,unlabeled,unlabeled,unlabeled,unlabeled
10.0,4.0,0.063206,3.9751100613693704,0.5,0.49,-0.9607631237542194,-0.000949260726912371,0.000949260726912371,0.0,1.0165998600618877,1.0724365963695561,10.004248811050388,11.019899410385364,22.126472264989474,0.0,1.0165998600618877,1.0724365963695561,10.003218703309727,3.9353399499602233,11.019899410385364,3.9353793659342955,11.075588262509228,8.775459049620139,8.775459048827656,13.93867245213471,13.93863411078462,unlabeled,unlabeled,unlabeled,unlabeled,unlabeled,unlabeled,unlabeled,unlabeled,unlabeled,unlabeled,unlabeled,unlabeled
10.0,4.0,0.063206,3.9751100613693704,0.5,0.5,-0.9707549438712135,-0.0009516382588117267,0.0009516382588117267,0.0,0.9692457575285118,0.9677365711858101,10.004248811050388,10.972542930320088,22.126472264989474,0.0,0.9692457575285118,0.9677365711858101,10.003209850437713,3.8739550495765513,10.972542930320088,3.8739553198170995,10.970893600265356,8.716353256389283,8.71635325635259,13.87725095038465,13.877250644184272,unlabeled,unlabeled,unlabeled,unlabeled,unlabeled,unlabeled,unlabeled,unlabeled,unlabeled,unlabeled,unlabeled,unlabeled
10.0,3.5,0.072232,4.542875112273536,0.5,-0.5,-0.9710749605826834,-0.0010876044361225468,0.0010876044361225468,0.0,0.9693504630854477,0.967625965588212,10.003758220033404,10.97202107868273,22.1249785870275,0.0,0.9693504630854477,0.967625965588212,10.002570831042533,3.8739417721082816,10.97202107868273,3.8739421249594272,10.970136466999378,8.71631680954971,8.716316809495169,13.876611036132005,13.876610636341155,unlabeled,unlabeled,unlabeled,unlabeled,unlabeled,unlabeled,unlabeled,unlabeled,unlabeled,unlabeled,unlabeled,unlabeled
10.0,3.5,0.072232,4.542875112273536,0.5,-0.49,-0.9610828488310688,-0.0010848869821984408,0.0010848869821984408,0.0,1.0167013464433978,1.072319844055727,10.003758220033404,11.019374679494604,22.1249785870275,0.0,1.0167013464433978,1.072319844055727,10.002580953763015,3.935321384550633,11.019374679494604,3.935359036833603,11.07482421001626,8.775417157045922,8.775417155571859,13.938025041283368,13.937988609927658,unlabeled,unlabeled,unlabeled,unlabeled,unlabeled,unlabeled,unlabeled,unlabeled,unlabeled,unlabeled,unlabeled,unlabeled
10.0,3.5,0.072232,4.542875112273536,0.5,-0.48,-0.9320139319825387,-0.0010768765385478218,0.0010768765385478218,0.0,1.1336479228320968,1.335281913681655,10.003758220033404,11.136329266326953,22.1249785870275,0.0,1.1336479228320968,1.335281913681655,10.00260537542556,4.093787280774137,11.136329266326953,4.09455054871097,11.337774041289663,8.927314797997411,8.927314963128111,14.09720763618219,14.09644972890743,unlabeled,unlabeled,unlabeled,unlabeled,unlabeled,unlabeled,unlabeled,unlabeled,unlabeled,unlabeled,unlabeled,unlabeled
10.0,3.5,0.072232,4.542875112273536,0.5,-0.47,-0.8864767109028548,-0.0010639669837928523,0.0010639669837928523,0.0,1.2818226593832662,1.6771686078636776,10.003758220033404,11.284516912432878,22.1249785870275,0.0,1.2818226593832662,1.6771686078636776,10.002636587169462,4.309353365552937,11.284516912432878,4.313297236196092,11.679650547785627,9.132790219653685,9.132792631833667,14.315938851498657,14.312008285927845,unlabeled,unlabeled,unlabeled,unlabeled,unlabeled,unlabeled,unlabeled,unlabeled,unlabeled,unlabeled,unlabeled,unlabeled
10.0,3.5,0.072232,4.542875112273536,0.5,-0.46,-0.8284526102046641,-0.0010467217197742684,0.0010467217197742684,0.0,1.4391904091579875,2.049928208111311,10.003758220033404,11.441901907471618,22.1249785870275,0.0,1.4391904091579875,2.049928208111311,10.002671579313926,4.557533887277202,11.441901907471618,4.569809577161607,12.052406077124488,9.368508529653411,9.368522918229417,14.572428421696031,14.560179088746196,unlabeled,unlabeled,unlabeled,unlabeled,unlabeled,unlabeled,unlabeled,unlabeled,unlabeled,unlabeled,unlabeled,unlabeled
10.0,3.5,0.072232,4.542875112273536,0.5,-0.45,-0.7627864434248295,-0.0010257713785790656,0.0010257713785790656,0.0,1.5959123002833735,2.4290381571419175,10.003758220033404,11.598644748938199,22.1249785870275,0.0,1.5959123002833735,2.4290381571419175,10.00271040437238,4.825499708137585,11.598644748938199,4.8545130203449105,12.431519989027464,9.623024991017786,9.62308011610628,14.857101128824183,14.828133637221185,"|0,0>","|1,0>","|2,0>","|0,1>","|4,0>","|1,1>","|3,0>","|2,1>","|5,0>",unlabeled,"|0,2>","|6,0>"
10.0,3.5,0.072232,4.542875112273536,0.5,-0.44,-0.6945444385821418,-0.001001720978706544,0.001001720978706544,0.0,1.7478227370879722,2.8011010355938026,10.003758220033404,11.75057923614267,22.1249785870275,0.0,1.7478227370879722,2.8011010355938026,10.002767165467247,5.163313848888521,11.75057923614267,5.105849083214878,12.803595616184168,9.890403265332935,9.890554000709585,15.108470822670427,15.165863042135356,"|0,0>","|1,0>","|2,0>","|0,1>","|4,0>","|1,1>","|3,0>","|2,1>","|5,0>",unlabeled,"|0,2>","|6,0>"
10.0,3.5,0.072232,4.542875112273536,0.5,-0.43,-0.6283238524302703,-0.0009750809801118976,0.0009750809801118976,0.0,1.893281289025765,3.15823872562126,10.003758220033404,11.896064428079058,22.1249785870275,0.0,1.893281289025765,3.15823872562126,10.002756513731867,5.494116356604167,11.896064428079058,5.393703827865409,13.160754489444116,10.167183334529,10.167639674228951,15.396313044349796,15.496619037617677,"|0,0>","|1,0>","|2,0>","|0,1>","|4,0>","|1,1>","|3,0>","|2,1>","|5,0>",unlabeled,"|0,2>","|6,0>"
10.0,3.5,0.072232,4.542875112273536,0.5,-0.42,-0.5676569767149999,-0.0009462198113681097,0.0009462198113681097,0.0,2.0318057546385546,3.4959545325621093,10.003758220033404,12.03461775486059,22.1249785870275,0.0,2.0318057546385546,3.4959545325621093,10.002806777057657,5.845109414082515,12.03461775486059,5.685515679282759,13.498498480811378,10.451095369789158,10.452046827455831,15.688112549037555,15.847559449351621,"|0,0>","|1,0>","|2,0>","|0,1>","|4,0>","|1,1>","|3,0>","|2,1>","|5,0>",unlabeled,"|0,2>","|6,0>"
10.0,3.5,0.072232,4.542875112273536,0.5,-0.41000000000000003,-0.5146790372367605,-0.0009153226753539911,0.0009153226753539911,0.0,2.1634520946485907,3.812225152060421,10.003758220033404,12.166294992006641,22.1249785870275,0.0,2.1634520946485907,3.812225152060421,10.002847861889649,6.213961732973445,12.166294992006641,5.9785504483435545,13.814802102983407,10.740486917664555,10.742346423473776,15.981135580984954,16.216355011427368,"|0,0>","|1,0>","|2,0>","|0,1>","|4,0>","|1,1>","|3,0>","|2,1>","|5,0>",unlabeled,"|0,2>","|6,0>"
10.0,3.5,0.072232,4.542875112273536,0.5,-0.4,-0.47015205324211706,-0.000882329832677442,0.000882329832677442,0.0,2.288517157634601,4.106882262027085,10.003758220033404,12.291393047835328,22.1249785870275,0.0,2.288517157634601,4.106882262027085,10.002887569450735,6.597616022241709,12.291393047835328,6.270639881850514,14.10949468496986,11.034046967455197,11.037423695281603,16.27321425177064,16.59995039066183,"|0,0>","|1,0>","|2,0>","|0,1>","|4,0>","|1,1>","|3,0>","|2,1>","|5,0>",unlabeled,"|0,2>","|6,0>"
10.0,3.5,0.072232,4.542875112273536,0.5,-0.39,-0.43377972048949687,-0.0008468039215472345,0.0008468039215472345,0.0,2.4073912560650683,4.38100279164064,10.003758220033404,12.410302672176925,22.1249785870275,0.0,2.4073912560650683,4.38100279164064,10.002926813287331,6.992470417926967,12.410302672176925,6.560045096135781,14.383651180258397,11.330662826691338,11.336422037756478,16.56260998281192,16.99474498656224,"|0,0>","|1,0>","|2,0>","|0,1>","|4,0>","|1,1>","|3,0>","|2,1>","|5,0>",unlabeled,"|0,2>","|6,0>"
10.0,3.5,0.072232,4.542875112273536,0.5,-0.38,-0.4046369192786301,-0.0008076021102567665,0.0008076021102567665,0.0,2.520484695192067,4.636332471105504,10.003758220033404,12.523435313115215,22.1249785870275,0.0,2.520484695192067,4.636332471105504,10.002965812478578,7.3947175558637355,12.523435313115215,6.845370252068193,14.639015980889809,11.629341372892526,11.638656691862394,16.847927186014118,17.39693157019562,"|0,0>","|1,0>","|2,0>","|0,1>","|4,0>","|1,1>","|3,0>","|2,1>","|5,0>",unlabeled,"|0,2>","|6,0>"
10.0,3.5,0.072232,4.542875112273536,0.5,-0.37,-0.38154928509786146,-0.0007619563068033131,0.0007619563068033131,0.0,2.628192250247025,4.874835215396189,10.003758220033404,12.631188513973626,22.1249785870275,0.0,2.628192250247025,4.874835215396189,10.003004658287352,7.800657288020432,12.631188513973626,7.125501178474593,14.87755228512458,11.929163698243372,11.943563761421103,17.128051888389706,17.802808699281996,"|0,0>","|1,0>","|2,0>","|0,1>","|4,0>","|1,1>","|3,0>","|2,1>","|5,0>",unlabeled,"|0,2>","|6,0>"
10.0,3.5,0.072232,4.542875112273536,0.5,-0.36,-0.3633465511400402,-0.0007022931772837637,0.0007022931772837637,0.0,2.730877450739598,5.098408350339156,10.003758220033404,12.733933377595719,22.1249785870275,0.0,2.730877450739598,5.098408350339156,10.003043463898791,8.206899357799927,12.733933377595719,7.399557884393886,15.101157160671448,12.229256698241585,12.250664399386437,17.402104242090786,18.208982928996164,"|0,0>","|1,0>","|2,0>","|0,1>","|4,0>","|1,1>","|3,0>","|2,1>","|5,0>",unlabeled,"|0,2>","|6,0>"
10.0,3.5,0.072232,4.542875112273536,0.5,-0.35,-0.34899266674733553,-0.0006001098282411022,0.0006001098282411022,0.0,2.828867167232886,5.3087416677184365,10.003758220033404,12.83202527743805,22.1249785870275,0.0,2.828867167232886,5.3087416677184365,10.003082495255825,8.610455713892037,12.83202527743805,7.666855784175482,15.3115204174984,12.528763191538047,12.559536238575987,17.669399746156415,18.61245995217695,"|0,0>","|1,0>","|2,0>","|0,1>","|4,0>","|1,1>","|3,0>","|2,1>","|5,0>",unlabeled,"|0,2>","|6,0>"
10.0,3.5,0.072232,4.542875112273536,0.5,-0.33999999999999997,-0.337630228389429,-0.00018891313334279403,0.00018891313334279403,0.0,2.922451416335832,5.507272604282235,10.003758220033404,12.926020723235894,22.1249785870275,0.0,2.922451416335832,5.507272604282235,10.003122507796434,9.008757750321678,12.926020723235894,7.926873027441445,15.510079647180504,12.826618195739428,12.869788180966566,17.929416574341047,19.010658644678244,"|0,0>","|1,0>","|2,0>","|0,1>","|4,0>","|1,1>","|3,0>","|2,1>","|5,0>",unlabeled,"|0,2>","|6,0>"
10.0,3.5,0.072232,4.542875112273536,0.5,-0.32999999999999996,-0.3285776669024756,-0.00124696527078072,0.00124696527078072,0.0,3.01188564791795,5.695193628933424,10.003758220033404,13.014396902680573,22.1249785870275,0.0,3.01188564791795,5.695193628933424,10.003166300399926,9.399633996147372,13.014396902680573,8.179222519239119,15.69802752355318,13.123829413677896,13.181036832038188,18.181767596121546,19.401378821467972,"|0,0>","|1,0>","|2,0>","|0,1>","|4,0>","|1,1>","|3,0>","|2,1>","|5,0>",unlabeled,"|0,2>","|6,0>"
10.0,3.5,0.072232,4.542875112273536,0.5,-0.32,-0.3213059879872162,-0.0008816419049253454,0.0008816419049253454,0.0,3.0973940531767994,5.873482118366383,10.003758220033404,13.100270631305278,22.1249785870275,0.0,3.0973940531767994,5.873482118366383,10.00323589933464,9.781258528137386,13.100270631305278,8.423627803821319,15.876341633606017,13.416761977177828,13.492884240732309,18.426176265027152,19.782702538010227,"|0,0>","|1,0>","|2,0>","|0,1>","|4,0>","|1,1>","|3,0>","|2,1>","|5,0>",unlabeled,"|0,2>","|6,0>"
10.0,3.5,0.072232,4.542875112273536,0.5,-0.31,-0.3154101293329177,-0.0007849671660267177,0.0007849671660267177,0.0,3.179173130769243,6.042936132205568,10.003758220033404,13.18214638363662,22.1249785870275,0.0,3.179173130769243,6.042936132205568,10.003135486097477,10.152352686989474,13.18214638363662,8.659902285735626,16.045820234915567,13.706395811360693,13.80489754017134,18.66245584778676,20.00651644362344,"|0,0>","|1,0>","|2,0>","|0,1>","|4,0>","|1,1>","|3,0>","|2,1>","|5,0>",unlabeled,"|0,2>","|6,0>"
10.0,3.5,0.072232,4.542875112273536,0.5,-0.3,-0.31058199557870125,-0.0007290561497086401,0.0007290561497086401,0.0,3.257395131190208,6.2042082668017144,10.003758220033404,13.260424295073904,22.1249785870275,0.0,3.257395131190208,6.2042082668017144,10.00322634008441,10.511378366675956,13.260424295073904,8.887931414354227,16.20711610774535,13.991823519202683,14.116591672607797,18.89049161933238,20.006700379413815,"|0,0>","|1,0>","|2,0>","|0,1>","|4,0>","|1,1>","|3,0>","|2,1>","|5,0>",unlabeled,"|0,2>","|6,0>"
10.0,3.5,0.072232,4.542875112273536,0.5,-0.29000000000000004,-0.30658774340309947,-0.0006873831138136666,0.0006873831138136666,0.0,3.3322112079903548,6.35783467257761,10.003758220033404,13.335282044909945,22.1249785870275,0.0,3.3322112079903548,6.35783467257761,10.003268939041106,10.857667863744922,13.335282044909945,9.107657531206826,16.360765580061695,14.272374138239343,14.427416609276435,19.11022572186323,20.006786115423182,"|0,0>","|1,0>","|2,0>","|0,1>","|4,0>","|1,1>","|3,0>","|2,1>","|5,0>",unlabeled,"|0,2>","|6,0>"
10.0,3.5,0.072232,4.542875112273536,0.5,-0.28,-0.30324971304841597,-0.0006526617181066285,0.0006526617181066285,0.0,3.4037542152920253,6.504258717535635,10.003758220033404,13.406859773607323,22.1249785870275,0.0,3.4037542152920253,6.504258717535635,10.003305018665941,11.190515824531843,13.406859773607323,9.319067111034173,16.50721220565603,14.547433188777461,14.736750315448433,19.32164441739849,20.00685875958328,"|0,0>","|1,0>","|2,0>","|0,1>","|4,0>","|1,1>","|3,0>","|2,1>","|5,0>",unlabeled,"|0,2>","|6,0>"
10.0,3.5,0.072232,4.542875112273536,0.5,-0.27,-0.3004325094131275,-0.000622100522036817,0.000622100522036817,0.0,3.4721411482132964,6.643849787013465,10.003758220033404,13.475277267724664,22.1249785870275,0.0,3.4721411482132964,6.643849787013465,10.003338382380804,11.509472634803757,13.475277267724664,9.522180139911171,16.64682558588828,14.816429560915623,15.043898191869971,19.52476747623345,20.00692597402181,"|0,0>","|1,0>","|2,0>","|0,1>","|4,0>","|1,1>","|3,0>","|2,1>","|5,0>",unlabeled,"|0,2>","|6,0>"
10.0,3.5,0.072232,4.542875112273536,0.5,-0.26,-0.2980324737943931,-0.0005944131758610638,0.0005944131758610638,0.0,3.537475249970555,6.776918026146717,10.003758220033404,13.540639056828098,22.1249785870275,0.0,3.537475249970555,6.776918026146717,10.003369987655503,11.814282488556842,13.540639056828098,9.717041379412962,16.779916146428803,15.078833516510059,15.34809896182108,19.71963944970196,20.00698968060263,"|0,0>","|1,0>","|2,0>","|0,1>","|4,0>","|1,1>","|3,0>","|2,1>","|5,0>",unlabeled,"|0,2>","|6,0>"
10.0,3.5,0.072232,4.542875112273536,0.5,-0.25,-0.29596979943366364,-0.0005689327341826811,0.0005689327341826811,0.0,3.5998478207114033,6.903725841989143,10.003758220033404,13.603037108010625,22.1249785870275,0.0,3.5998478207114033,6.903725841989143,10.003400169513895,12.104852964872094,13.603037108010625,9.903713273167739,16.906746696976597,15.334156134322427,15.648536155804749,19.90632258313144,20.007050549177023,"|0,0>","|1,0>","|2,0>","|0,1>","|4,0>","|1,1>","|3,0>","|2,1>","|5,0>",unlabeled,"|0,2>","|6,0>"
10.0,3.5,0.072232,4.542875112273536,0.5,-0.24,-0.29418265534127386,-0.0005452838924497883,0.0005452838924497883,0.0,3.6593397657838125,7.024496876226351,10.003758220033404,13.662552701924767,22.1249785870275,0.0,3.6593397657838125,7.024496876226351,10.003429062624463,12.381225591146489,13.662552701924767,10.08227026269239,17.027541511264957,15.581948685999436,15.944353670269038,20.084891136106506,20.007108847183105,"|0,0>","|1,0>","|2,0>","|0,1>","|4,0>","|1,1>","|3,0>","|2,1>","|5,0>",unlabeled,"|0,2>","|6,0>"
10.0,3.5,0.072232,4.542875112273536,0.5,-0.22999999999999998,-0.29262281283087077,-0.000523241961587928,0.000523241961587928,0.0,3.716022919627079,7.139423026423287,10.003758220033404,13.719257897698895,22.1249785870275,0.0,3.716022919627079,7.139423026423287,10.00345672220189,12.643546986461729,13.719257897698895,10.25279429521558,17.142493570743255,15.821801640846274,16.234673476204193,20.255426892854217,20.007164682630076,"|0,0>","|1,0>","|2,0>","|0,1>","|4,0>","|1,1>","|3,0>","|2,1>","|5,0>",unlabeled,"|0,2>","|6,0>"
10.0,3.5,0.072232,4.542875112273536,0.5,-0.21999999999999997,-0.29125238766522443,-0.0005026652183630631,0.0005026652183630631,0.0,3.7699611781490603,7.248669968632896,10.003758220033404,13.773216732964102,22.1249785870275,0.0,3.7699611781490603,7.248669968632896,10.003483167895268,12.89204163606604,13.773216732964102,10.415371325464747,17.251770609764264,16.053343273853557,16.518613419704252,20.418015665075814,20.00721809218959,"|0,0>","|1,0>","|2,0>","|0,1>","|4,0>","|1,1>","|3,0>","|2,1>","|5,0>",unlabeled,"|0,2>","|6,0>"
10.0,3.5,0.072232,4.542875112273536,0.5,-0.21000000000000002,-0.2900414071701505,-0.0004834595652312146,0.0004834595652312146,0.0,3.8212114683207687,7.352381529471387,10.003758220033404,13.824486228788942,22.1249785870275,0.0,3.8212114683207687,7.352381529471387,10.003508402434505,13.126987376271671,13.824486228788942,10.570088635017044,17.355520932545687,16.27623793105883,16.795302899226243,20.572744611208094,20.007269078660784,"|0,0>","|1,0>","|2,0>","|0,1>","|4,0>","|1,1>","|3,0>","|2,1>","|5,0>",unlabeled,"|0,2>","|6,0>"
10.0,3.5,0.072232,4.542875112273536,0.5,-0.2,-0.28896598701390985,-0.0004655588004141009,0.0004655588004141009,0.0,3.8698245798052255,7.450683172596541,10.003758220033404,13.873117241038216,22.1249785870275,0.0,3.8698245798052255,7.450683172596541,10.003532420602824,13.348694355656079,13.873117241038216,10.71703281555213,17.45388197485599,16.49018402983853,17.0638925754522,20.719700218749125,20.007317628946197,"|0,0>","|1,0>","|2,0>","|0,1>","|4,0>","|1,1>","|3,0>","|2,1>","|5,0>",unlabeled,"|0,2>","|6,0>"
10.0,3.5,0.072232,4.542875112273536,0.5,-0.19,-0.28800695894008754,-0.00044891298594507134,0.00044891298594507134,0.0,3.91584587961475,7.543684800289412,10.003758220033404,13.91915518666221,22.1249785870275,0.0,3.91584587961475,7.543684800289412,10.003555213933168,13.557487827358074,13.91915518666221,10.856288284373306,17.547010136991787,16.694911874544147,17.32353915550243,20.858966818297517,20.007363723494848,"|0,0>","|1,0>","|2,0>","|0,1>","|4,0>","|1,1>","|3,0>","|2,1>","|5,0>",unlabeled,"|0,2>","|6,0>"
10.0,3.5,0.072232,4.542875112273536,0.5,-0.18,-0.28714883296828475,-0.00043348130625986414,0.00043348130625986414,0.0,3.9593159276094525,7.63148302225062,10.003758220033404,13.962640666336597,22.1249785870275,0.0,3.9593159276094525,7.63148302225062,10.00357677340719,13.753694746404022,13.962640666336597,10.9879362214771,17.635523321233336,16.890181362646274,17.57297378714219,20.99062551881795,20.007407341702105,"|0,0>","|1,0>","|2,0>","|0,1>","|4,0>","|1,1>","|3,0>","|2,1>","|5,0>",unlabeled,"|0,2>","|6,0>"
10.0,3.5,0.072232,4.542875112273536,0.5,-0.16999999999999998,-0.2863790083924016,-0.00041922750435219314,0.00041922750435219314,0.0,4.000271007672353,7.714163006952305,10.003758220033404,14.003610000201405,22.1249785870275,0.0,4.000271007672353,7.714163006952305,10.003597091093127,13.937633860410386,14.003610000201405,11.112053836319348,17.716625491594442,17.075779647321355,17.81438501384511,21.114753472475883,20.00744846519993,"|0,0>","|1,0>","|2,0>","|0,1>","|4,0>","|1,1>","|3,0>","|2,1>","|5,0>",unlabeled,"|0,2>","|6,0>"
10.0,3.5,0.072232,4.542875112273536,0.5,-0.15999999999999998,-0.28568717063441795,-0.0004061169454132596,0.0004061169454132596,0.0,4.038743587092796,7.791800003551174,10.003758220033404,14.042095690180787,22.1249785870275,0.0,4.038743587092796,7.791800003551174,10.003616161188177,14.109608811045064,14.042095690180787,11.22871388908203,17.79464684536319,17.251518812115478,18.042883153766724,21.231423393928026,20.007487079948362,"|0,0>","|1,0>","|2,0>","|0,1>","|4,0>","|1,1>","|3,0>","|2,1>","|5,0>",unlabeled,"|0,2>","|6,0>"
10.0,3.5,0.072232,4.542875112273536,0.5,-0.14999999999999997,-0.2850648276406105,-0.00039411471576045187,0.00039411471576045187,0.0,4.074762714608738,7.864460601576866,10.003758220033404,14.078126819926382,22.1249785870275,0.0,4.074762714608738,7.864460601576866,10.003633980691006,14.269903694817259,14.078126819926382,11.337984405613838,17.867405159601077,17.417233602765492,18.26014107162274,21.34070327335141,20.007523177617827,"|0,0>","|1,0>","|2,0>","|0,1>","|4,0>","|1,1>","|3,0>","|2,1>","|5,0>",unlabeled,"|0,2>","|6,0>"
10.0,3.5,0.072232,4.542875112273536,0.5,-0.14,-0.28450495142621435,-0.0003831844456669842,0.0003831844456669842,0.0,4.108354365843468,7.932203780260721,10.003758220033404,14.111729401431205,22.1249785870275,0.0,4.108354365843468,7.932203780260721,10.00365054985474,14.418780538680835,14.111729401431205,11.439928537286022,17.93519599445932,17.572779251406814,18.465404196712456,21.442656234527675,20.007556756458257,"|0,0>","|1,0>","|2,0>","|0,1>","|4,0>","|1,1>","|3,0>","|2,1>","|5,0>",unlabeled,"|0,2>","|6,0>"
10.0,3.5,0.072232,4.542875112273536,0.5,-0.13,-0.28400169930307584,-0.00037328764798871816,0.00037328764798871816,0.0,4.139541743443402,7.995081787583729,10.003758220033404,14.142926675828818,22.1249785870275,0.0,4.139541743443402,7.995081787583729,10.003665872405094,14.556478199609472,14.142926675828818,11.534604527111469,17.998103632618495,17.718029419379945,18.658178397525433,21.537340499337688,20.007587821780845,"|0,0>","|1,0>","|2,0>","|0,1>","|4,0>","|1,1>","|3,0>","|2,1>","|5,0>",unlabeled,"|0,2>","|6,0>"
10.0,3.5,0.072232,4.542875112273536,0.5,-0.12,-0.28355019590827624,-0.0003643834860724837,0.0003643834860724837,0.0,4.168345538098976,8.053140880289675,10.003758220033404,14.171739374646307,22.1249785870275,0.0,4.168345538098976,8.053140880289675,10.003679955624904,14.683212273777002,14.171739374646307,11.622065751712825,18.056183591130548,17.852874277101535,18.838045297485678,21.62480942829967,20.007616386105354,"|0,0>","|1,0>","|2,0>","|0,1>","|4,0>","|1,1>","|3,0>","|2,1>","|5,0>",unlabeled,"|0,2>","|6,0>"
10.0,3.5,0.072232,4.542875112273536,0.5,-0.10999999999999999,-0.2831463617227996,-0.0003564288512905023,0.0003564288512905023,0.0,4.194784155546984,8.106421949371168,10.003758220033404,14.198185946729097,22.1249785870275,0.0,4.194784155546984,8.106421949371168,10.00369281026019,14.799175682366496,14.198185946729097,11.702360815389994,18.109480440291293,17.977218732766943,19.004641642200966,21.705111613385156,20.00764246899928,"|0,0>","|1,0>","|2,0>","|0,1>","|4,0>","|1,1>","|3,0>","|2,1>","|5,0>",unlabeled,"|0,2>","|6,0>"
10.0,3.5,0.072232,4.542875112273536,0.5,-0.09999999999999998,-0.28278677747906045,-0.0003493787586705821,0.0003493787586705821,0.0,4.2188739138991025,8.154961050319145,10.003758220033404,14.222282755173836,22.1249785870275,0.0,4.2188739138991025,8.154961050319145,10.003704450272778,14.904539677541123,14.222282755173836,11.775533677872971,18.158031994544302,18.090980816226363,19.157651926470237,21.778291004772655,20.00766609657032,"|0,0>","|1,0>","|2,0>","|0,1>","|4,0>","|1,1>","|3,0>","|2,1>","|5,0>",unlabeled,"|0,2>","|6,0>"
10.0,3.5,0.072232,4.542875112273536,0.5,-0.08999999999999997,-0.28246857642304235,-0.0003431869343728522,0.0003431869343728522,0.0,4.240629214934842,8.198789853446641,10.003758220033404,14.244044248033873,22.1249785870275,0.0,4.240629214934842,8.198789853446641,10.003714892442616,14.99945507786984,14.244044248033873,11.84162380168172,18.201870875636814,18.194090219988823,19.296803491421343,21.844387057357324,20.00768730068893,"|0,0>","|1,0>","|2,0>","|0,1>","|4,0>","|1,1>","|3,0>","|2,1>","|5,0>",unlabeled,"|0,2>","|6,0>"
10.0,3.5,0.072232,4.542875112273536,0.5,-0.08000000000000002,-0.28218935824574487,-0.00033780665188487546,0.00033780665188487546,0.0,4.260062692336163,8.237936026426581,10.003758220033404,14.263483105717683,22.1249785870275,0.0,4.260062692336163,8.237936026426581,10.003724155788746,15.084053596005134,14.263483105717683,11.900666308160567,18.241025313651647,18.2864869959177,19.42186238476185,21.903434886165343,20.007706117860295,"|0,0>","|1,0>","|2,0>","|0,1>","|4,0>","|1,1>","|3,0>","|2,1>","|5,0>",unlabeled,"|0,2>","|6,0>"
10.0,3.5,0.072232,4.542875112273536,0.5,-0.07,-0.2819471202390673,-0.00033319170188406133,0.00033319170188406133,0.0,4.277185339536771,8.272423558834475,10.003758220033404,14.280610367868292,22.1249785870275,0.0,4.277185339536771,8.272423558834475,10.003732260907384,15.158449163360132,14.280610367868292,11.952692134136015,18.275519653348,18.368120403883324,19.53262963453261,21.955465422569574,20.007722587847752,"|0,0>","|1,0>","|2,0>","|0,1>","|4,0>","|1,1>","|3,0>","|2,1>","|5,0>",unlabeled,"|0,2>","|6,0>"
10.0,3.5,0.072232,4.542875112273536,0.5,-0.06,-0.2817402020049542,-0.00032929748871879383,0.00032929748871879383,0.0,4.292006619192108,8.302273036379262,10.003758220033404,14.295435541736794,22.1249785870275,0.0,4.292006619192108,8.302273036379262,10.003739229120725,15.22273918758998,14.295435541736794,11.997728182860698,18.30537471607559,18.438947906695716,19.628937871581,22.000505564948554,20.007736752042007,"|0,0>","|1,0>","|2,0>","|0,1>","|4,0>","|1,1>","|3,0>","|2,1>","|5,0>",unlabeled,"|0,2>","|6,0>"
10.0,3.5,0.072232,4.542875112273536,0.5,-0.04999999999999999,-0.2815672411518051,-0.00032608219993335297,0.00032608219993335297,0.0,4.304534556139231,8.327501871126657,10.003758220033404,14.307966693972702,22.1249785870275,0.0,4.304534556139231,8.327501871126657,10.003745081602261,15.277005701753836,14.307966693972702,12.03579746473713,18.33060807579008,18.49893430499236,19.710648304135987,22.038578319278656,20.00774865165866,"|0,0>","|1,0>","|2,0>","|0,1>","|4,0>","|1,1>","|3,0>","|2,1>","|5,0>",unlabeled,"|0,2>","|6,0>"
10.0,3.5,0.072232,4.542875112273536,0.5,-0.03999999999999998,-0.2814271379606055,-0.00032350796007563076,0.00032350796007563076,0.0,4.314775815280086,8.348124492599567,10.003758220033404,14.318210527353415,22.1249785870275,0.0,4.314775815280086,8.348124492599567,10.003749838393531,15.321316379870666,14.318210527353415,12.066919224291013,18.351234275621692,18.548051005086705,19.777648061572762,22.069702926091054,20.00775832584523,"|0,0>","|1,0>","|2,0>","|0,1>","|4,0>","|1,1>","|3,0>","|2,1>","|5,0>",unlabeled,"|0,2>","|6,0>"
10.0,3.5,0.072232,4.542875112273536,0.5,-0.02999999999999997,-0.28131902749626647,-0.0003215419818616283,0.0003215419818616283,0.0,4.322735765613828,8.36415250373139,10.003758220033404,14.32617244366537,22.1249785870275,0.0,4.322735765613828,8.36415250373139,10.003753517494289,15.355725404549617,14.32617244366537,12.09110905091896,18.36726499864193,18.58627541299549,19.829847924275015,22.093894971257185,20.00776580978686,"|0,0>","|1,0>","|2,0>","|0,1>","|4,0>","|1,1>","|3,0>","|2,1>","|5,0>",unlabeled,"|0,2>","|6,0>"
10.0,3.5,0.072232,4.542875112273536,0.5,-0.020000000000000018,-0.2812422580625764,-0.00032015757400927214,0.00032015757400927214,0.0,4.328418531373416,8.375594804684255,10.003758220033404,14.33185659383281,22.1249785870275,0.0,4.328418531373416,8.375594804684255,10.00375613395218,15.3802741794116,14.33185659383281,12.108378971526463,18.378709200656004,18.613590448307974,19.8671804526343,22.111166478772503,20.007771132968657,"|0,0>","|1,0>","|2,0>","|0,1>","|4,0>","|1,1>","|3,0>","|2,1>","|5,0>",unlabeled,"|0,2>","|6,0>"
10.0,3.5,0.072232,4.542875112273536,0.5,-0.010000000000000009,-0.2811963751669566,-0.00031933501327330305,0.00031933501327330305,0.0,4.331827031046572,8.382457686926188,10.003758220033404,14.335265916066703,22.1249785870275,0.0,4.331827031046572,8.382457686926188,10.00375769911102,15.394991883303106,14.335265916066703,12.118737523755073,18.38557320970591,18.62998417226612,19.889598524396092,22.121525984060753,20.007774317631004,"|0,0>","|1,0>","|2,0>","|0,1>","|4,0>","|1,1>","|3,0>","|2,1>","|5,0>",unlabeled,"|0,2>","|6,0>"
10.0,3.5,0.072232,4.542875112273536,0.5,0.0,-0.2811811104480739,-0.00031906218529798025,0.00031906218529798025,0.0,4.332963004848182,8.38474489924829,10.003758220033404,14.336402162696288,22.1249785870275,0.0,4.332963004848182,8.38474489924829,10.003758220033404,15.399895865649029,14.336402162696288,12.122189808877721,18.38786079538002,18.635449525537325,19.89707428641259,22.1249785870275,20.00777537761985,"|0,0>","|1,0>","|2,0>","|0,1>","|4,0>","|1,1>","|3,0>","|2,1>","|5,0>",unlabeled,"|0,2>","|6,0>"
10.0,3.5,0.072232,4.542875112273536,0.5,0.010000000000000009,-0.28119637516493867,-0.0003193350107721926,0.0003193350107721926,0.0,4.331827031044526,8.382457686924113,10.003758220033404,14.335265916067158,22.1249785870275,0.0,4.331827031044526,8.382457686924113,10.003757699110452,15.394991883301628,14.335265916067158,12.118737523753623,18.385573209703438,18.629984172264045,19.8895985243943,22.121525984061236,20.00777431763072,"|0,0>","|1,0>","|2,0>","|0,1>","|4,0>","|1,1>","|3,0>","|2,1>","|5,0>",unlabeled,"|0,2>","|6,0>"
10.0,3.5,0.072232,4.542875112273536,0.5,0.020000000000000018,-0.2812422580601037,-0.0003201575754019359,0.0003201575754019359,0.0,4.3284185313717956,8.375594804683487,10.003758220033404,14.331856593829798,22.1249785870275,0.0,4.3284185313717956,8.375594804683487,10.00375613394985,15.380274179408985,14.331856593829798,12.10837897152581,18.378709200653304,18.61359044830766,19.867180452633505,22.11116647877276,20.00777113296826,"|0,0>","|1,0>","|2,0>","|0,1>","|4,0>","|1,1>","|3,0>","|2,1>","|5,0>",unlabeled,"|0,2>","|6,0>"
10.0,3.5,0.072232,4.542875112273536,0.5,0.030000000000000027,-0.28131902749390747,-0.0003215419824016408,0.0003215419824016408,0.0,4.322735765612407,8.364152503730907,10.003758220033404,14.32617244366341,22.1249785870275,0.0,4.322735765612407,8.364152503730907,10.003753517494715,15.355725404547428,14.32617244366341,12.091109050919414,18.367264998641986,18.586275412997026,19.829847924277317,22.09389497126034,20.00776580978743,"|0,0>","|1,0>","|2,0>","|0,1>","|4,0>","|1,1>","|3,0>","|2,1>","|5,0>",unlabeled,"|0,2>","|6,0>"
10.0,3.5,0.072232,4.542875112273536,0.5,0.040000000000000036,-0.28142713795782015,-0.0003235079589103407,0.0003235079589103407,0.0,4.314775815278892,8.348124492599965,10.003758220033404,14.318210527353386,22.1249785870275,0.0,4.314775815278892,8.348124492599965,10.003749838394782,15.321316379870098,14.318210527353386,12.066919224292462,18.351234275621692,18.548051005086535,19.777648061574695,22.0697029260931,20.007758325846368,"|0,0>","|1,0>","|2,0>","|0,1>","|4,0>","|1,1>","|3,0>","|2,1>","|5,0>",unlabeled,"|0,2>","|6,0>"
10.0,3.5,0.072232,4.542875112273536,0.5,0.050000000000000044,-0.28156724115726206,-0.0003260822015249687,0.0003260822015249687,0.0,4.30453455614051,8.327501871123758,10.003758220033404,14.30796669397239,22.1249785870275,0.0,4.30453455614051,8.327501871123758,10.00374508160084,15.2770057017525,14.30796669397239,12.035797464738351,18.330608075788973,18.49893430499006,19.710648304135418,22.038578319280532,20.007748651660734,"|0,0>","|1,0>","|2,0>","|0,1>","|4,0>","|1,1>","|3,0>","|2,1>","|5,0>",unlabeled,"|0,2>","|6,0>"
10.0,3.5,0.072232,4.542875112273536,0.5,0.06000000000000005,-0.28174020200617633,-0.00032929749150412135,0.00032929749150412135,0.0,4.292006619190033,8.30227303637389,10.003758220033404,14.295435541731933,22.1249785870275,0.0,4.292006619190033,8.30227303637389,10.003739229119532,15.222739187587791,14.295435541731933,11.997728182859703,18.30537471607363,18.438947906694438,19.62893787157924,22.00050556494898,20.00773675204161,"|0,0>","|1,0>","|2,0>","|0,1>","|4,0>","|1,1>","|3,0>","|2,1>","|5,0>",unlabeled,"|0,2>","|6,0>"
10.0,3.5,0.072232,4.542875112273536,0.5,0.07000000000000006,-0.2819471202415116,-0.0003331917036177856,0.0003331917036177856,0.0,4.277185339537283,8.272423558833054,10.003758220033404,14.28061036786707,22.1249785870275,0.0,4.277185339537283,8.272423558833054,10.003732260907356,15.1584491633607,14.28061036786707,11.95269213413576,18.275519653349477,18.36812040388375,19.53262963453426,21.955465422568608,20.00772258784872,"|0,0>","|1,0>","|2,0>","|0,1>","|4,0>","|1,1>","|3,0>","|2,1>","|5,0>",unlabeled,"|0,2>","|6,0>"
10.0,3.5,0.072232,4.542875112273536,0.5,0.07999999999999996,-0.2821893582454891,-0.0003378066528796353,0.0003378066528796353,0.0,4.260062692335026,8.237936026424563,10.003758220033404,14.263483105715551,22.1249785870275,0.0,4.260062692335026,8.237936026424563,10.003724155788774,15.084053596004253,14.263483105715551,11.900666308159657,18.24102531365304,18.286486995919347,19.421862384764722,21.903434886164376,20.007706117860664,"|0,0>","|1,0>","|2,0>","|0,1>","|4,0>","|1,1>","|3,0>","|2,1>","|5,0>",unlabeled,"|0,2>","|6,0>"
10.0,3.5,0.072232,4.542875112273536,0.5,0.08999999999999997,-0.28246857642108125,-0.00034318693428758706,0.00034318693428758706,0.0,4.240629214932881,8.19878985344468,10.003758220033404,14.244044248031997,22.1249785870275,0.0,4.240629214932881,8.19878985344468,10.00371489243986,14.999455077866202,14.244044248031997,11.841623801678935,18.201870875635194,18.194090219985895,19.296803491420064,21.8443870573567,20.007687300689383,"|0,0>","|1,0>","|2,0>","|0,1>","|4,0>","|1,1>","|3,0>","|2,1>","|5,0>",unlabeled,"|0,2>","|6,0>"
10.0,3.5,0.072232,4.542875112273536,0.5,0.09999999999999998,-0.2827867774794868,-0.00034937875827267817,0.00034937875827267817,0.0,4.218873913899586,8.154961050319685,10.003758220033404,14.222282755174717,22.1249785870275,0.0,4.218873913899586,8.154961050319685,10.003704450274,14.904539677541464,14.222282755174717,11.775533677873995,18.158031994546178,18.090980816227443,19.15765192647106,21.77829100477146,20.007666096570347,"|0,0>","|1,0>","|2,0>","|0,1>","|4,0>","|1,1>","|3,0>","|2,1>","|5,0>",unlabeled,"|0,2>","|6,0>"
10.0,3.5,0.072232,4.542875112273536,0.5,0.10999999999999999,-0.2831463617208385,-0.0003564288537347693,0.0003564288537347693,0.0,4.194784155546358,8.106421949371878,10.003758220033404,14.198185946726028,22.1249785870275,0.0,4.194784155546358,8.106421949371878,10.003692810261413,14.799175682365956,14.198185946726028,11.702360815389028,18.10948044029172,17.97721873276683,19.00464164220142,21.7051116133826,20.007642468997915,"|0,0>","|1,0>","|2,0>","|0,1>","|4,0>","|1,1>","|3,0>","|2,1>","|5,0>",unlabeled,"|0,2>","|6,0>"
10.0,3.5,0.072232,4.542875112273536,0.5,0.12,-0.2835501959078499,-0.00036438348590195346,0.00036438348590195346,0.0,4.1683455380988335,8.053140880289817,10.003758220033404,14.171739374646336,22.1249785870275,0.0,4.1683455380988335,8.053140880289817,10.003679955624818,14.683212273777798,14.171739374646336,11.622065751714132,18.05618359113177,17.852874277101762,18.838045297488236,21.624809428300324,20.007616386105724,"|0,0>","|1,0>","|2,0>","|0,1>","|4,0>","|1,1>","|3,0>","|2,1>","|5,0>",unlabeled,"|0,2>","|6,0>"
10.0,3.5,0.072232,4.542875112273536,0.5,0.13,-0.28400169930321795,-0.00037328764798871816,0.00037328764798871816,0.0,4.139541743444084,7.995081787584951,10.003758220033404,14.1429266758295,22.1249785870275,0.0,4.139541743444084,7.995081787584951,10.003665872405378,14.556478199609927,14.1429266758295,11.534604527111838,17.998103632620882,17.71802941938151,18.658178397526996,21.53734049933817,20.007587821781613,"|0,0>","|1,0>","|2,0>","|0,1>","|4,0>","|1,1>","|3,0>","|2,1>","|5,0>",unlabeled,"|0,2>","|6,0>"
10.0,3.5,0.072232,4.542875112273536,0.5,0.14,-0.28450495142385535,-0.0003831844451269717,0.0003831844451269717,0.0,4.1083543658427,7.9322037802615455,10.003758220033404,14.111729401430978,22.1249785870275,0.0,4.1083543658427,7.9322037802615455,10.003650549855337,14.418780538680465,14.111729401430978,11.439928537286193,17.935195994461026,17.572779251408065,18.465404196714644,21.442656234528187,20.00755675645982,"|0,0>","|1,0>","|2,0>","|0,1>","|4,0>","|1,1>","|3,0>","|2,1>","|5,0>",unlabeled,"|0,2>","|6,0>"
10.0,3.5,0.072232,4.542875112273536,0.5,0.15000000000000002,-0.28506482763719987,-0.0003941147134867151,0.0003941147134867151,0.0,4.074762714606379,7.8644606015755585,10.003758220033404,14.078126819926297,22.1249785870275,0.0,4.074762714606379,7.8644606015755585,10.003633980692086,14.269903694817685,14.078126819926297,11.33798440561418,17.86740515960102,17.417233602764668,18.260141071622712,21.340703273351096,20.00752317761811,"|0,0>","|1,0>","|2,0>","|0,1>","|4,0>","|1,1>","|3,0>","|2,1>","|5,0>",unlabeled,"|0,2>","|6,0>"
10.0,3.5,0.072232,4.542875112273536,0.5,0.16000000000000003,-0.28568717063456006,-0.0004061169460669589,0.0004061169460669589,0.0,4.038743587092341,7.791800003550122,10.003758220033404,14.042095690179679,22.1249785870275,0.0,4.038743587092341,7.791800003550122,10.003616161187722,14.109608811042847,14.042095690179679,11.228713889081973,17.794646845361314,17.251518812115137,18.04288315376425,21.231423393928566,20.00748707994802,"|0,0>","|1,0>","|2,0>","|0,1>","|4,0>","|1,1>","|3,0>","|2,1>","|5,0>",unlabeled,"|0,2>","|6,0>"
10.0,3.5,0.072232,4.542875112273536,0.5,0.17000000000000004,-0.28637900839078156,-0.0004192275036984938,0.0004192275036984938,0.0,4.000271007670648,7.714163006950514,10.003758220033404,14.003610000200354,22.1249785870275,0.0,4.000271007670648,7.714163006950514,10.003597091095145,13.937633860409221,14.003610000200354,11.112053836318921,17.71662549159413,17.075779647320417,17.81438501384369,21.11475347247665,20.00744846519879,"|0,0>","|1,0>","|2,0>","|0,1>","|4,0>","|1,1>","|3,0>","|2,1>","|5,0>",unlabeled,"|0,2>","|6,0>"
10.0,3.5,0.072232,4.542875112273536,0.5,0.18000000000000005,-0.287148832969649,-0.00043348130543563457,0.00043348130543563457,0.0,3.959315927610106,7.631483022250563,10.003758220033404,13.962640666338075,22.1249785870275,0.0,3.959315927610106,7.631483022250563,10.003576773408042,13.753694746405444,13.962640666338075,10.987936221479828,17.63552332123419,16.89018136264727,17.57297378714199,20.990625518818803,20.007407341702475,"|0,0>","|1,0>","|2,0>","|0,1>","|4,0>","|1,1>","|3,0>","|2,1>","|5,0>",unlabeled,"|0,2>","|6,0>"
10.0,3.5,0.072232,4.542875112273536,0.5,0.19000000000000006,-0.2880069589383254,-0.0004489129843818773,0.0004489129843818773,0.0,3.91584587961367,7.5436848002890144,10.003758220033404,13.919155186662692,22.1249785870275,0.0,3.91584587961367,7.5436848002890144,10.003555213933765,13.557487827358983,13.919155186662692,10.856288284374557,17.547010136992185,16.694911874544033,17.323539155501862,20.8589668182978,20.007363723494564,"|0,0>","|1,0>","|2,0>","|0,1>","|4,0>","|1,1>","|3,0>","|2,1>","|5,0>",unlabeled,"|0,2>","|6,0>"
10.0,3.5,0.072232,4.542875112273536,0.5,0.20000000000000007,-0.28896598701297194,-0.0004655587991635457,0.0004655587991635457,0.0,3.869824579803719,7.450683172594466,10.003758220033404,13.87311724103796,22.1249785870275,0.0,3.869824579803719,7.450683172594466,10.00353242060109,13.348694355655681,13.87311724103796,10.717032815551988,17.453881974854596,16.490184029838105,17.063892575451263,20.71970021874742,20.007317628942985,"|0,0>","|1,0>","|2,0>","|0,1>","|4,0>","|1,1>","|3,0>","|2,1>","|5,0>",unlabeled,"|0,2>","|6,0>"
10.0,3.5,0.072232,4.542875112273536,0.5,0.20999999999999996,-0.29004140717245264,-0.0004834595667091435,0.0004834595667091435,0.0,3.8212114683211666,7.352381529469881,10.003758220033404,13.824486228787862,22.1249785870275,0.0,3.8212114683211666,7.352381529469881,10.003508402434363,13.126987376270392,13.824486228787862,10.570088635016077,17.35552093254759,16.27623793105934,16.79530289922792,20.572744611207156,20.007269078659135,"|0,0>","|1,0>","|2,0>","|0,1>","|4,0>","|1,1>","|3,0>","|2,1>","|5,0>",unlabeled,"|0,2>","|6,0>"
10.0,3.5,0.072232,4.542875112273536,0.5,0.21999999999999997,-0.29125238766914663,-0.0005026652194999315,0.0005026652194999315,0.0,3.769961178150993,7.248669968632839,10.003758220033404,13.773216732964897,22.1249785870275,0.0,3.769961178150993,7.248669968632839,10.003483167895013,12.892041636065613,13.773216732964897,10.415371325466452,17.25177060976594,16.053343273854466,16.518613419705304,20.418015665074535,20.007218092187742,"|0,0>","|1,0>","|2,0>","|0,1>","|4,0>","|1,1>","|3,0>","|2,1>","|5,0>",unlabeled,"|0,2>","|6,0>"
10.0,3.5,0.072232,4.542875112273536,0.5,0.22999999999999998,-0.29262281283658353,-0.000523241964430099,0.000523241964430099,0.0,3.716022919630575,7.139423026424566,10.003758220033404,13.71925789769955,22.1249785870275,0.0,3.716022919630575,7.139423026424566,10.003456722201747,12.64354698646315,13.71925789769955,10.252794295217086,17.142493570745586,15.821801640847497,16.234673476206638,20.2554268928545,20.007164682629195,"|0,0>","|1,0>","|2,0>","|0,1>","|4,0>","|1,1>","|3,0>","|2,1>","|5,0>",unlabeled,"|0,2>","|6,0>"
10.0,3.5,0.072232,4.542875112273536,0.5,0.24,-0.29418265534167176,-0.0005452838927340053,0.0005452838927340053,0.0,3.6593397657833577,7.024496876225044,10.003758220033404,13.662552701924028,22.1249785870275,0.0,3.6593397657833577,7.024496876225044,10.003429062621478,12.38122559114359,13.662552701924028,10.082270262689036,17.027541511266833,15.581948685996537,15.94435367026719,20.08489113610321,20.007108847180433,"|0,0>","|1,0>","|2,0>","|0,1>","|4,0>","|1,1>","|3,0>","|2,1>","|5,0>",unlabeled,"|0,2>","|6,0>"
10.0,3.5,0.072232,4.542875112273536,0.5,0.25,-0.2959697994380974,-0.0005689327367690566,0.0005689327367690566,0.0,3.5998478207122275,6.903725841986358,10.003758220033404,13.603037108008863,22.1249785870275,0.0,3.5998478207122275,6.903725841986358,10.003400169513725,12.104852964869991,13.603037108008863,9.903713273166375,16.906746696976626,15.334156134321859,15.648536155804692,19.906322583130077,20.007050549174608,"|0,0>","|1,0>","|2,0>","|0,1>","|4,0>","|1,1>","|3,0>","|2,1>","|5,0>",unlabeled,"|0,2>","|6,0>"
10.0,3.5,0.072232,4.542875112273536,0.5,0.26,-0.2980324737962121,-0.0005944131781348005,0.0005944131781348005,0.0,3.5374752499709246,6.776918026145637,10.003758220033404,13.540639056826194,22.1249785870275,0.0,3.5374752499709246,6.776918026145637,10.003369987654793,11.814282488556358,13.540639056826194,9.717041379410489,16.779916146431475,15.078833516508723,15.348098961821051,19.71963944970102,20.006989680604107,"|0,0>","|1,0>","|2,0>","|0,1>","|4,0>","|1,1>","|3,0>","|2,1>","|5,0>",unlabeled,"|0,2>","|6,0>"
10.0,3.5,0.072232,4.542875112273536,0.5,0.27,-0.30043250941793076,-0.0006221005254758438,0.0006221005254758438,0.0,3.4721411482161386,6.6438497870143465,10.003758220033404,13.475277267724067,22.1249785870275,0.0,3.4721411482161386,6.6438497870143465,10.00333838238069,11.50947263480586,13.475277267724067,9.522180139911228,16.64682558589209,14.816429560917271,15.04389819187196,19.524767476236008,20.006925974024597,"|0,0>","|1,0>","|2,0>","|0,1>","|4,0>","|1,1>","|3,0>","|2,1>","|5,0>",unlabeled,"|0,2>","|6,0>"
10.0,3.5,0.072232,4.542875112273536,0.5,0.28,-0.3032497130526224,-0.0006526617189877015,0.0006526617189877015,0.0,3.403754215294896,6.504258717537169,10.003758220033404,13.406859773609312,22.1249785870275,0.0,3.403754215294896,6.504258717537169,10.003305018668499,11.19051582453227,13.406859773609312,9.319067111036105,16.507212205658305,14.547433188779507,14.73675031545099,19.32164441739917,20.0068587595878,"|0,0>","|1,0>","|2,0>","|0,1>","|4,0>","|1,1>","|3,0>","|2,1>","|5,0>",unlabeled,"|0,2>","|6,0>"
10.0,3.5,0.072232,4.542875112273536,0.5,0.29000000000000004,-0.3065877434107165,-0.0006873831155758126,0.0006873831155758126,0.0,3.3322112079916053,6.357834672572494,10.003758220033404,13.335282044909434,22.1249785870275,0.0,3.3322112079916053,6.357834672572494,10.003268939041021,10.857667863741398,13.335282044909434,9.107657531204154,16.36076558006485,14.272374138236586,14.427416609276406,19.110225721863628,20.00678611542054,"|0,0>","|1,0>","|2,0>","|0,1>","|4,0>","|1,1>","|3,0>","|2,1>","|5,0>",unlabeled,"|0,2>","|6,0>"
10.0,3.5,0.072232,4.542875112273536,0.5,0.30000000000000004,-0.3105819955717948,-0.0007290561455590705,0.0007290561455590705,0.0,3.257395131187792,6.204208266803789,10.003758220033404,13.260424295075637,22.1249785870275,0.0,3.257395131187792,6.204208266803789,10.003226340088759,10.51137836667752,13.260424295075637,8.887931414356672,16.207116107745406,13.991823519203507,14.116591672609388,18.890491619335165,20.006700379405373,"|0,0>","|1,0>","|2,0>","|0,1>","|4,0>","|1,1>","|3,0>","|2,1>","|5,0>",unlabeled,"|0,2>","|6,0>"
10.0,3.5,0.072232,4.542875112273536,0.5,0.31000000000000005,-0.3154101293352767,-0.0007849671652877532,0.0007849671652877532,0.0,3.179173130768447,6.042936132201618,10.003758220033404,13.182146383636564,22.1249785870275,0.0,3.179173130768447,6.042936132201618,10.003135486095971,10.152352686988166,13.182146383636564,8.659902285734404,16.045820234917073,13.706395811359187,13.80489754016915,18.66245584778403,20.006516443620114,"|0,0>","|1,0>","|2,0>","|0,1>","|4,0>","|1,1>","|3,0>","|2,1>","|5,0>",unlabeled,"|0,2>","|6,0>"
10.0,3.5,0.072232,4.542875112273536,0.5,0.32000000000000006,-0.3213059879925879,-0.0008816419082506854,0.0008816419082506854,0.0,3.0973940531783057,5.873482118364024,10.003758220033404,13.10027063130346,22.1249785870275,0.0,3.0973940531783057,5.873482118364024,10.003235899331656,9.781258528133378,13.10027063130346,8.423627803818363,15.8763416336092,13.416761977175014,13.492884240729325,18.426176265030165,19.782702538003946,"|0,0>","|1,0>","|2,0>","|0,1>","|4,0>","|1,1>","|3,0>","|2,1>","|5,0>",unlabeled,"|0,2>","|6,0>"
10.0,3.5,0.072232,4.542875112273536,0.5,0.33000000000000007,-0.32857766690531776,-0.0012469652686775134,0.0012469652686775134,0.0,3.0118856479163583,5.695193628927399,10.003758220033404,13.014396902681085,22.1249785870275,0.0,3.0118856479163583,5.695193628927399,10.00316630040055,9.399633996147372,13.014396902681085,8.179222519239147,15.698027523555282,13.123829413675992,13.181036832038103,18.181767596122484,19.401378821463055,"|0,0>","|1,0>","|2,0>","|0,1>","|4,0>","|1,1>","|3,0>","|2,1>","|5,0>",unlabeled,"|0,2>","|6,0>"
10.0,3.5,0.072232,4.542875112273536,0.5,0.33999999999999997,-0.33763022839195855,-0.0001889131344796624,0.0001889131344796624,0.0,2.922451416334411,5.507272604276864,10.003758220033404,12.926020723233336,22.1249785870275,0.0,2.922451416334411,5.507272604276864,10.00312250779291,9.00875775032091,12.926020723233336,7.926873027438916,15.510079647182664,12.8266181957365,12.869788180965571,17.92941657434315,19.010658644676937,"|0,0>","|1,0>","|2,0>","|0,1>","|4,0>","|1,1>","|3,0>","|2,1>","|5,0>",unlabeled,"|0,2>","|6,0>"
10.0,3.5,0.072232,4.542875112273536,0.5,0.35,-0.348992666744266,-0.000600109827672668,0.000600109827672668,0.0,2.828867167229731,5.308741667715196,10.003758220033404,12.832025277435463,22.1249785870275,0.0,2.828867167229731,5.308741667715196,10.003082495255967,8.610455713890275,12.832025277435463,7.666855784174203,15.311520417499338,12.52876319153566,12.55953623857448,17.669399746155705,18.612459952174333,"|0,0>","|1,0>","|2,0>","|0,1>","|4,0>","|1,1>","|3,0>","|2,1>","|5,0>",unlabeled,"|0,2>","|6,0>"
10.0,3.5,0.072232,4.542875112273536,0.5,0.36,-0.3633465511401539,-0.000702293176573221,0.000702293176573221,0.0,2.730877450738376,5.098408350336598,10.003758220033404,12.733933377595207,22.1249785870275,0.0,2.730877450738376,5.098408350336598,10.00304346389737,8.206899357800097,12.733933377595207,7.39955788439579,15.101157160675541,12.229256698241727,12.250664399386409,17.402104242093515,18.208982929002843,"|0,0>","|1,0>","|2,0>","|0,1>","|4,0>","|1,1>","|3,0>","|2,1>","|5,0>",unlabeled,"|0,2>","|6,0>"
10.0,3.5,0.072232,4.542875112273536,0.5,0.37,-0.38154928510178365,-0.0007619563076275426,0.0007619563076275426,0.0,2.6281922502500095,4.874835215398235,10.003758220033404,12.631188513975786,22.1249785870275,0.0,2.6281922502500095,4.874835215398235,10.003004658290308,7.800657288021,12.631188513975786,7.1255011784760995,14.877552285128331,11.929163698244906,11.943563761422325,17.128051888396243,17.80280869928734,"|0,0>","|1,0>","|2,0>","|0,1>","|4,0>","|1,1>","|3,0>","|2,1>","|5,0>",unlabeled,"|0,2>","|6,0>"
10.0,3.5,0.072232,4.542875112273536,0.5,0.38,-0.4046369192834618,-0.0008076021113083698,0.0008076021113083698,0.0,2.520484695195563,4.636332471107664,10.003758220033404,12.523435313117659,22.1249785870275,0.0,2.520484695195563,4.636332471107664,10.002965812481136,7.394717555863423,12.523435313117659,6.845370252068875,14.639015980891827,11.629341372893435,11.638656691862906,16.847927186014147,17.39693157019252,"|0,0>","|1,0>","|2,0>","|0,1>","|4,0>","|1,1>","|3,0>","|2,1>","|5,0>",unlabeled,"|0,2>","|6,0>"
10.0,3.5,0.072232,4.542875112273536,0.5,0.39,-0.4337797204898379,-0.0008468039241620318,0.0008468039241620318,0.0,2.407391256064102,4.381002791638366,10.003758220033404,12.410302672173344,22.1249785870275,0.0,2.407391256064102,4.381002791638366,10.002926813285171,6.99247041792421,12.410302672173344,6.560045096132768,14.38365118025763,11.330662826688354,11.336422037754716,16.562609982809533,16.99474498655914,"|0,0>","|1,0>","|2,0>","|0,1>","|4,0>","|1,1>","|3,0>","|2,1>","|5,0>",unlabeled,"|0,2>","|6,0>"
10.0,3.5,0.072232,4.542875112273536,0.5,0.4,-0.47015205324154863,-0.0008823298321090078,0.0008823298321090078,0.0,2.2885171576340895,4.10688226202663,10.003758220033404,12.291393047835385,22.1249785870275,0.0,2.2885171576340895,4.10688226202663,10.002887569451332,6.5976160222390945,12.291393047835385,6.2706398818509115,14.109494684969235,11.034046967455254,11.037423695281092,16.27321425177007,16.599950390663423,"|0,0>","|1,0>","|2,0>","|0,1>","|4,0>","|1,1>","|3,0>","|2,1>","|5,0>",unlabeled,"|0,2>","|6,0>"
10.0,3.5,0.072232,4.542875112273536,0.5,0.41000000000000003,-0.5146790372429848,-0.0009153226759224253,0.0009153226759224253,0.0,2.1634520946516886,3.8122251520603925,10.003758220033404,12.16629499200917,22.1249785870275,0.0,2.1634520946516886,3.8122251520603925,10.002847861889762,6.213961732972479,12.16629499200917,5.978550448343725,13.814802102982128,10.740486917665208,10.742346423472952,15.98113558098558,16.21635501142717,"|0,0>","|1,0>","|2,0>","|0,1>","|4,0>","|1,1>","|3,0>","|2,1>","|5,0>",unlabeled,"|0,2>","|6,0>"
10.0,3.5,0.072232,4.542875112273536,0.5,0.42000000000000004,-0.5676569767130104,-0.0009462198117091702,0.0009462198117091702,0.0,2.031805754638185,3.49595453256336,10.003758220033404,12.03461775485988,22.1249785870275,0.0,2.031805754638185,3.49595453256336,10.002806777056321,5.845109414081435,12.03461775485988,5.685515679282389,13.49849848081044,10.451095369786515,10.452046827454069,15.688112549037129,15.847559449350086,"|0,0>","|1,0>","|2,0>","|0,1>","|4,0>","|1,1>","|3,0>","|2,1>","|5,0>",unlabeled,"|0,2>","|6,0>"
10.0,3.5,0.072232,4.542875112273536,0.5,0.43000000000000005,-0.6283238524286219,-0.0009750809818172002,0.0009750809818172002,0.0,1.8932812890251114,3.158238725621601,10.003758220033404,11.896064428076699,22.1249785870275,0.0,1.8932812890251114,3.158238725621601,10.002756513730048,5.494116356603996,11.896064428076699,5.39370382786538,13.160754489442041,10.167183334528517,10.167639674228468,15.396313044348233,15.496619037616767,"|0,0>","|1,0>","|2,0>","|0,1>","|4,0>","|1,1>","|3,0>","|2,1>","|5,0>",unlabeled,"|0,2>","|6,0>"
10.0,3.5,0.072232,4.542875112273536,0.5,0.44000000000000006,-0.6945444385824544,-0.001001720980553955,0.001001720980553955,0.0,1.7478227370883133,2.801101035594172,10.003758220033404,11.750579236141164,22.1249785870275,0.0,1.7478227370883133,2.801101035594172,10.002767165466992,5.163313848889288,11.750579236141164,5.105849083212945,12.80359561618323,9.890403265332196,9.890554000708732,15.108470822670114,15.165863042135044,"|0,0>","|1,0>","|2,0>","|0,1>","|4,0>","|1,1>","|3,0>","|2,1>","|5,0>",unlabeled,"|0,2>","|6,0>"
10.0,3.5,0.072232,4.542875112273536,0.5,0.45000000000000007,-0.7627864434257106,-0.0010257713780958966,0.0010257713780958966,0.0,1.5959123002834588,2.429038157141207,10.003758220033404,11.598644748938767,22.1249785870275,0.0,1.5959123002834588,2.429038157141207,10.00271040437417,4.825499708136533,11.598644748938767,4.854513020345138,12.431519989028374,9.62302499101824,9.623080116106593,14.857101128823388,14.828133637222123,"|0,0>","|1,0>","|2,0>","|0,1>","|4,0>","|1,1>","|3,0>","|2,1>","|5,0>",unlabeled,"|0,2>","|6,0>"
10.0,3.5,0.072232,4.542875112273536,0.5,0.45999999999999996,-0.8284526102043799,-0.0010467217213943059,0.0010467217213943059,0.0,1.4391904091583,2.0499282081122203,10.003758220033404,11.44190190747031,22.1249785870275,0.0,1.4391904091583,2.0499282081122203,10.002671579313613,4.557533887276975,11.44190190747031,4.569809577159248,12.052406077124658,9.36850852965145,9.36852291822828,14.572428421693388,14.560179088744519,unlabeled,unlabeled,unlabeled,unlabeled,unlabeled,unlabeled,unlabeled,unlabeled,unlabeled,unlabeled,unlabeled,unlabeled
10.0,3.5,0.072232,4.542875112273536,0.5,0.47,-0.8864767109055549,-0.0010639669858960588,0.0010639669858960588,0.0,1.2818226593843178,1.6771686078630808,10.003758220033404,11.284516912431826,22.1249785870275,0.0,1.2818226593843178,1.6771686078630808,10.002636587168212,4.309353365553022,11.284516912431826,4.313297236196576,11.679650547784576,9.132790219653572,9.132792631833496,14.315938851498402,14.31200828592759,unlabeled,unlabeled,unlabeled,unlabeled,unlabeled,unlabeled,unlabeled,unlabeled,unlabeled,unlabeled,unlabeled,unlabeled
10.0,3.5,0.072232,4.542875112273536,0.5,0.48,-0.9320139319851819,-0.0010768765393436297,0.0010768765393436297,0.0,1.1336479228328074,1.3352819136804328,10.003758220033404,11.136329266326868,22.1249785870275,0.0,1.1336479228328074,1.3352819136804328,10.00260537542556,4.093787280773199,11.136329266326868,4.094550548708526,11.337774041287702,8.927314797995933,8.927314963127088,14.097207636179775,14.096449728905782,unlabeled,unlabeled,unlabeled,unlabeled,unlabeled,unlabeled,unlabeled,unlabeled,unlabeled,unlabeled,unlabeled,unlabeled
10.0,3.5,0.072232,4.542875112273536,0.5,0.49,-0.9610828488321204,-0.001084886981487898,0.001084886981487898,0.0,1.0167013464445915,1.0723198440570627,10.003758220033404,11.019374679496508,22.1249785870275,0.0,1.0167013464445915,1.0723198440570627,10.00258095376438,3.9353213845527932,11.019374679496508,3.935359036834825,11.074824210017368,8.775417157047485,8.775417155573479,13.938025041285044,13.93798860992851,unlabeled,unlabeled,unlabeled,unlabeled,unlabeled,unlabeled,unlabeled,unlabeled,unlabeled,unlabeled,unlabeled,unlabeled
10.0,3.5,0.072232,4.542875112273536,0.5,0.5,-0.9710749605816886,-0.0010876044361225468,0.0010876044361225468,0.0,0.9693504630849645,0.9676259655882404,10.003758220033404,10.972021078682246,22.1249785870275,0.0,0.9693504630849645,0.9676259655882404,10.002570831042476,3.873941772108026,10.972021078682246,3.8739421249584325,10.97013646699969,8.716316809550221,8.716316809496277,13.876611036131322,13.876610636340644,unlabeled,unlabeled,unlabeled,unlabeled,unlabeled,unlabeled,unlabeled,unlabeled,unlabeled,unlabeled,unlabeled,unlabeled
10.0,3.0,0.084234,5.298867803597293,0.5,-0.5,-0.9715003886267795,-0.001268802246002565,0.001268802246002565,0.0,0.9694896697174471,0.9674789508081147,10.0049756652583,10.973196532729744,22.124938691384315,0.0,0.9694896697174471,0.9674789508081147,10.003590538680427,3.8739241590299542,10.973196532729744,3.8739246387438726,10.970999191384962,8.716268467245769,8.716268467160049,13.877629555716496,13.877629012196778,unlabeled,unlabeled,unlabeled,unlabeled,unlabeled,unlabeled,unlabeled,unlabeled,unlabeled,unlabeled,unlabeled,unlabeled
10.0,3.0,0.084234,5.298867803597293,0.5,-0.49,-0.9615076735869934,-0.0012656325910000987,0.0012656325910000987,0.0,1.0168372482553139,1.0721668229236343,10.0049756652583,11.020547280922614,22.124938691384315,0.0,1.0168372482553139,1.0721668229236343,10.00360235579376,3.9352980220724874,11.020547280922614,3.9353333499015832,11.07567989445596,8.775362806780095,8.775362804412737,13.939034878524836,13.9390009632491,unlabeled,unlabeled,unlabeled,unlabeled,unlabeled,unlabeled,unlabeled,unlabeled,unlabeled,unlabeled,unlabeled,unlabeled
10.0,3.0,0.084234,5.298867803597293,0.5,-0.48,-0.9324366133896547,-0.0012562891937335507,0.0012562891937335507,0.0,1.1337741264266583,1.335111639463662,10.0049756652583,11.137493502491225,22.124938691384315,0.0,1.1337741264266583,1.335111639463662,10.003630860689782,4.093747051962936,11.137493502491225,4.094500402114477,11.338610408560697,8.927242731100762,8.927242880905766,14.098191536142366,14.09744441968482,unlabeled,unlabeled,unlabeled,unlabeled,unlabeled,unlabeled,unlabeled,unlabeled,unlabeled,unlabeled,unlabeled,unlabeled
10.0,3.0,0.084234,5.298867803597293,0.5,-0.47,-0.8868947944282297,-0.0012412315620764502,0.0012412315620764502,0.0,1.2819346358089945,1.6769744771897592,10.0049756652583,11.285669069505218,22.124938691384315,0.0,1.2819346358089945,1.6769744771897592,10.003667284026392,4.309287481050887,11.285669069505218,4.313208050439641,11.680461331452193,9.132690848495628,9.132693176745818,14.316881147959378,14.312976066288257,unlabeled,unlabeled,unlabeled,unlabeled,unlabeled,unlabeled,unlabeled,unlabeled,unlabeled,unlabeled,unlabeled,unlabeled
10.0,3.0,0.084234,5.298867803597293,0.5,-0.46,-0.8288623997242581,-0.0012211170172946595,0.0012211170172946595,0.0,1.4392858800682546,2.049709360412251,10.0049756652583,11.44304042830926,22.124938691384315,0.0,1.4392858800682546,2.049709360412251,10.00370811147424,4.557436481404906,11.44304042830926,4.569668852221454,12.053191432749017,9.368374896673728,9.368388984492086,14.573315403814192,14.561113727621759,unlabeled,unlabeled,unlabeled,unlabeled,unlabeled,unlabeled,unlabeled,unlabeled,unlabeled,unlabeled,unlabeled,unlabeled
10.0,3.0,0.084234,5.298867803597293,0.5,-0.45,-0.7631830736332859,-0.0011966813953421251,0.0011966813953421251,0.0,1.5959903917173506,2.4287977098014153,10.0049756652583,11.599769375580308,22.124938691384315,0.0,1.5959903917173506,2.4287977098014153,10.00375339440484,4.825367093547186,11.599769375580308,4.854309743050919,12.432284369913333,9.622851992317692,9.622906178242687,14.85792046059538,14.829031188051374,"|0,0>","|1,0>","|2,0>","|0,1>","|4,0>","|1,1>","|3,0>","|2,1>","|5,0>",unlabeled,"|0,2>","|6,0>"
10.0,3.0,0.084234,5.298867803597293,0.5,-0.44,-0.6949224186777911,-0.0011686307885412361,0.0011686307885412361,0.0,1.7478832853499426,2.800844152022094,10.0049756652583,11.751690319819701,22.124938691384315,0.0,1.7478832853499426,2.800844152022094,10.003819297766867,5.163038380102321,11.751690319819701,5.105679058958529,12.804345648330738,9.890186978269654,9.89033346905994,15.109328931251767,15.16660372391344,"|0,0>","|1,0>","|2,0>","|0,1>","|4,0>","|1,1>","|3,0>","|2,1>","|5,0>",unlabeled,"|0,2>","|6,0>"
10.0,3.0,0.084234,5.298867803597293,0.5,-0.43,-0.6286779884144522,-0.0011375611823183363,0.0011375611823183363,0.0,1.893324459786598,3.1579709311587436,10.0049756652583,11.89716256386258,22.124938691384315,0.0,1.893324459786598,3.1579709311587436,10.003807007221056,5.4937609094723,11.89716256386258,5.393495230783643,13.161497104823795,10.166920623866659,10.167380046881917,15.39713049153535,15.497272016031943,"|0,0>","|1,0>","|2,0>","|0,1>","|4,0>","|1,1>","|3,0>","|2,1>","|5,0>",unlabeled,"|0,2>","|6,0>"
10.0,3.0,0.084234,5.298867803597293,0.5,-0.42,-0.5679833627760047,-0.0011039031854664927,0.0011039031854664927,0.0,2.031831853500961,3.4956803442259172,10.0049756652583,12.035703615573794,22.124938691384315,0.0,2.031831853500961,3.4956803442259172,10.003865816374514,5.844668738863078,12.035703615573794,5.685268088838598,13.499239367185055,10.450783664510226,10.45173503282976,15.688888943214323,15.84811844875452,"|0,0>","|1,0>","|2,0>","|0,1>","|4,0>","|1,1>","|3,0>","|2,1>","|5,0>",unlabeled,"|0,2>","|6,0>"
10.0,3.0,0.084234,5.298867803597293,0.5,-0.41000000000000003,-0.514975707297296,-0.0010678742356873272,0.0010678742356873272,0.0,2.1634614772797676,3.811947247262239,10.0049756652583,12.16736926830238,22.124938691384315,0.0,2.1634614772797676,3.811947247262239,10.003913763990269,6.213433543447039,12.16736926830238,5.978263978444616,13.81554474689942,10.740124075500134,10.741981511913409,15.981871137207506,16.21681705438219,"|0,0>","|1,0>","|2,0>","|0,1>","|4,0>","|1,1>","|3,0>","|2,1>","|5,0>",unlabeled,"|0,2>","|6,0>"
10.0,3.0,0.084234,5.298867803597293,0.5,-0.4,-0.47041904924564903,-0.0010294071024361529,0.0010294071024361529,0.0,2.2885101894901254,4.106601329734602,10.0049756652583,12.29245644764599,22.124938691384315,0.0,2.2885101894901254,4.106601329734602,10.00396009063904,6.597000892257299,12.29245644764599,6.270315026173236,14.110240193688853,11.033631178608985,11.037003438521552,16.273909625684595,16.600315685307734,"|0,0>","|1,0>","|2,0>","|0,1>","|4,0>","|1,1>","|3,0>","|2,1>","|5,0>",unlabeled,"|0,2>","|6,0>"
10.0,3.0,0.084234,5.298867803597293,0.5,-0.39,-0.4340186601131677,-0.0009879963798198332,0.0009879963798198332,0.0,2.4073682962212644,4.380717932329361,10.0049756652583,12.411355965099744,22.124938691384315,0.0,2.4073682962212644,4.380717932329361,10.004005871789502,6.991771214306851,12.411355965099744,6.559682610168352,14.384398742447331,11.330192521962402,11.335944143383898,16.563266142764746,16.995016245162475,"|0,0>","|1,0>","|2,0>","|0,1>","|4,0>","|1,1>","|3,0>","|2,1>","|5,0>",unlabeled,"|0,2>","|6,0>"
10.0,3.0,0.084234,5.298867803597293,0.5,-0.38,-0.4048503554079872,-0.0009423193919957384,0.0009423193919957384,0.0,2.5204460914457485,4.63604182748351,10.0049756652583,12.524479437312053,22.124938691384315,0.0,2.5204460914457485,4.63604182748351,10.00405136497129,7.393938688076545,12.524479437312053,6.8449710625342135,14.639763602838897,11.628815093070997,11.638118886575299,16.848545313501674,17.39711307120801,"|0,0>","|1,0>","|2,0>","|0,1>","|4,0>","|1,1>","|3,0>","|2,1>","|5,0>",unlabeled,"|0,2>","|6,0>"
10.0,3.0,0.084234,5.298867803597293,0.5,-0.37,-0.38174012539499813,-0.0008891741686483101,0.0008891741686483101,0.0,2.6281383392006035,4.874536553006209,10.0049756652583,12.632224830290255,22.124938691384315,0.0,2.6281383392006035,4.874536553006209,10.004096676991225,7.799804031914476,12.632224830290255,7.125066314279536,14.878297474845908,11.928579826619597,11.942963794414283,17.128633300199027,17.802905372014635,"|0,0>","|1,0>","|2,0>","|0,1>","|4,0>","|1,1>","|3,0>","|2,1>","|5,0>",unlabeled,"|0,2>","|6,0>"
10.0,3.0,0.084234,5.298867803597293,0.5,-0.36,-0.3635176603910395,-0.0008198163846344642,0.0008198163846344642,0.0,2.7308085598177456,5.098099459244452,10.0049756652583,12.734964408691411,22.124938691384315,0.0,2.7308085598177456,5.098099459244452,10.00414193936848,8.205977364509181,12.734964408691411,7.399088424993465,15.101897406308325,12.22861271150552,12.250000043359336,17.402650329505974,18.20899954430999,"|0,0>","|1,0>","|2,0>","|0,1>","|4,0>","|1,1>","|3,0>","|2,1>","|5,0>",unlabeled,"|0,2>","|6,0>"
10.0,3.0,0.084234,5.298867803597293,0.5,-0.35,-0.34914665251771737,-0.000701474424104731,0.000701474424104731,0.0,2.8287836172774092,5.308420582037101,10.0049756652583,12.833057808111604,22.124938691384315,0.0,2.8287836172774092,5.308420582037101,10.004187460394306,8.609470687758844,12.833057808111604,7.666352822221782,15.31225345329402,12.528052549289654,12.558805302824751,17.669911927872207,18.612400283127684,"|0,0>","|1,0>","|2,0>","|0,1>","|4,0>","|1,1>","|3,0>","|2,1>","|5,0>",unlabeled,"|0,2>","|6,0>"
10.0,3.0,0.084234,5.298867803597293,0.5,-0.33999999999999997,-0.3377693582115455,-0.0002328652476961679,0.0002328652476961679,0.0,2.922353524142693,5.5069376900738405,10.0049756652583,12.927096324153297,22.124938691384315,0.0,2.922353524142693,5.5069376900738405,10.004234114610767,9.007715203599787,12.927096324153297,7.926337643100652,15.51080356444433,12.825799804756713,12.868988540699718,17.929896260688707,19.010524162639115,"|0,0>","|1,0>","|2,0>","|0,1>","|4,0>","|1,1>","|3,0>","|2,1>","|5,0>",unlabeled,"|0,2>","|6,0>"
10.0,3.0,0.084234,5.298867803597293,0.5,-0.32999999999999996,-0.3287038622339793,-0.0014636435602710662,0.0014636435602710662,0.0,3.0117737285111446,5.69484359478831,10.0049756652583,13.015285750209173,22.124938691384315,0.0,3.0117737285111446,5.69484359478831,10.004285133990109,9.398538837016346,13.015285750209173,8.178655763944263,15.698740789788516,13.123133793795674,13.180166474507743,18.18221616284397,19.40116555158822,"|0,0>","|1,0>","|2,0>","|0,1>","|4,0>","|1,1>","|3,0>","|2,1>","|5,0>",unlabeled,"|0,2>","|6,0>"
10.0,3.0,0.084234,5.298867803597293,0.5,-0.32,-0.3214208552809197,-0.0010295370262412007,0.0010295370262412007,0.0,3.097268421776377,5.8731159882718345,10.0049756652583,13.101214550008436,22.124938691384315,0.0,3.097268421776377,5.8731159882718345,10.004365726933074,9.780112243578216,13.101214550008436,8.423030691463183,15.877043066382853,13.41594820233614,13.491941326287318,18.4265950352722,19.782387986630354,"|0,0>","|1,0>","|2,0>","|0,1>","|4,0>","|1,1>","|3,0>","|2,1>","|5,0>",unlabeled,"|0,2>","|6,0>"
10.0,3.0,0.084234,5.298867803597293,0.5,-0.31,-0.3155150044050288,-0.0009160910628196461,0.0009160910628196461,0.0,3.1790341044402624,6.042553204475496,10.0049756652583,13.183093678635743,22.124938691384315,0.0,3.1790341044402624,6.042553204475496,10.004247909998867,10.15118863036301,13.183093678635743,8.659275789579084,16.046508958751332,13.705516659209707,13.80388047390079,18.662846081124968,20.0086844720592,"|0,0>","|1,0>","|2,0>","|0,1>","|4,0>","|1,1>","|3,0>","|2,1>","|5,0>",unlabeled,"|0,2>","|6,0>"
10.0,3.0,0.084234,5.298867803597293,0.5,-0.3,-0.3106779890819098,-0.0008506893338875443,0.0008506893338875443,0.0,3.257243030227386,6.203808071372862,10.0049756652583,13.261368006151798,22.124938691384315,0.0,3.257243030227386,6.203808071372862,10.004355166529876,10.510167330624114,13.261368006151798,8.887276468033207,16.207791508967375,13.990887197876816,14.115499179637311,18.890854506667836,20.008901898367753,"|0,0>","|1,0>","|2,0>","|0,1>","|4,0>","|1,1>","|3,0>","|2,1>","|5,0>",unlabeled,"|0,2>","|6,0>"
10.0,3.0,0.084234,5.298867803597293,0.5,-0.29000000000000004,-0.30667578195721035,-0.0008020061756894847,0.0008020061756894847,0.0,3.332046357068478,6.357416932179746,10.0049756652583,13.336220016151088,22.124938691384315,0.0,3.332046357068478,6.357416932179746,10.004404926552041,10.856423276639276,13.336220016151088,9.106975032590498,16.36142726680211,14.271384197375824,14.426247805283765,19.110562385112758,20.009002049198273,"|0,0>","|1,0>","|2,0>","|0,1>","|4,0>","|1,1>","|3,0>","|2,1>","|5,0>",unlabeled,"|0,2>","|6,0>"
10.0,3.0,0.084234,5.298867803597293,0.5,-0.28,-0.30333057417209375,-0.0007614694623896412,0.0007614694623896412,0.0,3.4035769444353576,6.5038233146986215,10.0049756652583,13.407791140231268,22.124938691384315,0.0,3.4035769444353576,6.5038233146986215,10.00444702747285,11.189242554863995,13.407791140231268,9.318357927895136,16.50785997587093,14.546392013729275,14.735504763238879,19.32195591289519,20.009086808752755,"|0,0>","|1,0>","|2,0>","|0,1>","|4,0>","|1,1>","|3,0>","|2,1>","|5,0>",unlabeled,"|0,2>","|6,0>"
10.0,3.0,0.084234,5.298867803597293,0.5,-0.27,-0.30050685036181335,-0.0007258015294127063,0.0007258015294127063,0.0,3.471951793578455,6.643396736795097,10.0049756652583,13.476201657307342,22.124938691384315,0.0,3.471951793578455,6.643396736795097,10.004485949196692,11.508174385670713,13.476201657307342,9.52144511639932,16.64745940469524,14.815339153313147,15.04257593552316,19.525054800717243,20.009165209813403,"|0,0>","|1,0>","|2,0>","|0,1>","|4,0>","|1,1>","|3,0>","|2,1>","|5,0>",unlabeled,"|0,2>","|6,0>"
10.0,3.0,0.084234,5.298867803597293,0.5,-0.26,-0.29810085480765736,-0.0006934937067626379,0.0006934937067626379,0.0,3.537274154490831,6.776447454174004,10.0049756652583,13.541556326042368,22.124938691384315,0.0,3.537274154490831,6.776447454174004,10.0045228160824,11.812962297168994,13.541556326042368,9.716281342868783,16.78053613402055,15.077695740653539,15.346700531885219,19.719903548014216,20.00923951056957,"|0,0>","|1,0>","|2,0>","|0,1>","|4,0>","|1,1>","|3,0>","|2,1>","|5,0>",unlabeled,"|0,2>","|6,0>"
10.0,3.0,0.084234,5.298867803597293,0.5,-0.25,-0.2960327024340472,-0.0006637643829776607,0.0006637643829776607,0.0,3.599635334629042,6.903237966824037,10.0049756652583,13.603947235504364,22.124938691384315,0.0,3.599635334629042,6.903237966824037,10.004558021049633,12.103513323728976,13.603947235504364,9.90292904068599,16.90735312976898,15.332972808928105,15.64706254053695,19.90656435678713,20.009310497103684,"|0,0>","|1,0>","|2,0>","|0,1>","|4,0>","|1,1>","|3,0>","|2,1>","|5,0>",unlabeled,"|0,2>","|6,0>"
10.0,3.0,0.084234,5.298867803597293,0.5,-0.24,-0.29424049884276826,-0.0006361739409754819,0.0006361739409754819,0.0,3.6591162470639205,7.023991995285073,10.0049756652583,13.663455738381245,22.124938691384315,0.0,3.6591162470639205,7.023991995285073,10.00459172200216,12.379868515705382,13.663455738381245,10.081462647180942,17.028134842960938,15.580721620460551,15.942806247535387,20.085111452077726,20.00937848322529,"|0,0>","|1,0>","|2,0>","|0,1>","|4,0>","|1,1>","|3,0>","|2,1>","|5,0>",unlabeled,"|0,2>","|6,0>"
10.0,3.0,0.084234,5.298867803597293,0.5,-0.22999999999999998,-0.29267596389180994,-0.0006104592847009371,0.0006104592847009371,0.0,3.7157887342770692,7.1389015046623285,10.0049756652583,13.720153940250668,22.124938691384315,0.0,3.7157887342770692,7.1389015046623285,10.004623983738213,12.642174078253475,13.720153940250668,10.251964110761492,17.143074489618982,15.820532648880487,16.2330538937031,20.255626592085093,20.009443595832295,"|0,0>","|1,0>","|2,0>","|0,1>","|4,0>","|1,1>","|3,0>","|2,1>","|5,0>",unlabeled,"|0,2>","|6,0>"
10.0,3.0,0.084234,5.298867803597293,0.5,-0.21999999999999997,-0.2913011714785938,-0.0005864545018425815,0.0005864545018425815,0.0,3.7697167004439507,7.248132229409308,10.0049756652583,13.774105911200408,22.124938691384315,0.0,3.7697167004439507,7.248132229409308,10.00465482937436,12.890654148845996,13.774105911200408,10.414519391858775,17.25234017544811,16.052034177253105,16.51692338588633,20.418195570346185,20.00950587823273,"|0,0>","|1,0>","|2,0>","|0,1>","|4,0>","|1,1>","|3,0>","|2,1>","|5,0>",unlabeled,"|0,2>","|6,0>"
10.0,3.0,0.084234,5.298867803597293,0.5,-0.21000000000000002,-0.29008611480897173,-0.0005640494546099717,0.0005640494546099717,0.0,3.8209570809601843,7.351828047111397,10.0049756652583,13.825368696763874,22.124938691384315,0.0,3.8209570809601843,7.351828047111397,10.004684262242861,13.125586283522196,13.825368696763874,10.56921578148318,17.356080923203095,16.274890559136693,16.79354376005442,20.572905534181317,20.009565334070217,"|0,0>","|1,0>","|2,0>","|0,1>","|4,0>","|1,1>","|3,0>","|2,1>","|5,0>",unlabeled,"|0,2>","|6,0>"
10.0,3.0,0.084234,5.298867803597293,0.5,-0.2,-0.28900688172872435,-0.0005431666687201187,0.0005431666687201187,0.0,3.869560673983912,7.4501144662391,10.0049756652583,13.873993172573492,22.124938691384315,0.0,3.869560673983912,7.4501144662391,10.00471227634732,13.347280415681112,13.873993172573492,10.716139883648182,17.454435940854225,16.488800217064735,17.062064186040047,20.719842966028878,20.009621948348567,"|0,0>","|1,0>","|2,0>","|0,1>","|4,0>","|1,1>","|3,0>","|2,1>","|5,0>",unlabeled,"|0,2>","|6,0>"
10.0,3.0,0.084234,5.298867803597293,0.5,-0.19,-0.2880442813583528,-0.0005237477430597437,0.0005237477430597437,0.0,3.915572855042072,7.543101428725791,10.0049756652583,13.920024772557312,22.124938691384315,0.0,3.915572855042072,7.543101428725791,10.004738861884661,13.556061642739579,13.920024772557312,10.855376130110685,17.54756792167619,16.69349345766595,17.321635290138758,20.859092196462868,20.00967569849989,"|0,0>","|1,0>","|2,0>","|0,1>","|4,0>","|1,1>","|3,0>","|2,1>","|5,0>",unlabeled,"|0,2>","|6,0>"
10.0,3.0,0.084234,5.298867803597293,0.5,-0.18,-0.2871828053714012,-0.0005057449396161928,0.0005057449396161928,0.0,3.959034192449735,7.630885579528069,10.0049756652583,13.963504112768419,22.124938691384315,0.0,3.959034192449735,7.630885579528069,10.004764008400713,13.752256815636656,13.963504112768419,10.98700571676676,17.63614273020241,16.88873017787796,17.570940408720077,20.99073433849358,20.00972656069453,"|0,0>","|1,0>","|2,0>","|0,1>","|4,0>","|1,1>","|3,0>","|2,1>","|5,0>",unlabeled,"|0,2>","|6,0>"
10.0,3.0,0.084234,5.298867803597293,0.5,-0.16999999999999998,-0.28640983831583355,-0.0004891158997537559,0.0004891158997537559,0.0,3.999980978430429,7.713552118545024,10.0049756652583,14.004467527788975,22.124938691384315,0.0,3.999980978430429,7.713552118545024,10.004787706683956,13.936184620701383,14.004467527788975,11.111105869762142,17.71700010329208,17.074297527867984,17.812532411099752,21.114846551416278,20.009774513677385,"|0,0>","|1,0>","|2,0>","|0,1>","|4,0>","|1,1>","|3,0>","|2,1>","|5,0>",unlabeled,"|0,2>","|6,0>"
10.0,3.0,0.084234,5.298867803597293,0.5,-0.15999999999999998,-0.2857150539267508,-0.0004738201712228829,0.0004738201712228829,0.0,4.038445688459106,7.791176322991461,10.0049756652583,14.042947533546183,22.124938691384315,0.0,4.038445688459106,7.791176322991461,10.004809950001729,14.108148672331097,14.042947533546183,11.227749366252013,17.79508657454265,17.250007586166006,18.040905334929434,21.23150155925977,20.009819541225866,"|0,0>","|1,0>","|2,0>","|0,1>","|4,0>","|1,1>","|3,0>","|2,1>","|5,0>",unlabeled,"|0,2>","|6,0>"
10.0,3.0,0.084234,5.298867803597293,0.5,-0.14999999999999997,-0.28508995107658563,-0.00045981701188679835,0.00045981701188679835,0.0,4.0744573792427445,7.863824807408903,10.0049756652583,14.078973227489158,22.124938691384315,0.0,4.0744573792427445,7.863824807408903,10.004830734880713,14.268433065599126,14.078973227489158,11.337004248858577,17.86785047689561,17.41569509195058,18.2581015106788,21.340767363029798,20.00986163374573,"|0,0>","|1,0>","|2,0>","|0,1>","|4,0>","|1,1>","|3,0>","|2,1>","|5,0>",unlabeled,"|0,2>","|6,0>"
10.0,3.0,0.084234,5.298867803597293,0.5,-0.14,-0.2845274949304013,-0.0004470639921549946,0.0004470639921549946,0.0,4.108042034106134,7.931556573281867,10.0049756652583,14.112570635372279,22.124938691384315,0.0,4.108042034106134,7.931556573281867,10.004850061629881,14.417299844715203,14.112570635372279,11.438933685153458,17.93563823474905,17.571215269692473,18.46331549868269,21.44270709810779,20.00990078929705,"|0,0>","|1,0>","|2,0>","|0,1>","|4,0>","|1,1>","|3,0>","|2,1>","|5,0>",unlabeled,"|0,2>","|6,0>"
10.0,3.0,0.084234,5.298867803597293,0.5,-0.13,-0.28402183793564006,-0.00043551623733151246,0.00043551623733151246,0.0,4.139222863098482,7.994423888261323,10.0049756652583,14.14376301211945,22.124938691384315,0.0,4.139222863098482,7.994423888261323,10.00486793459757,14.554987896655689,14.14376301211945,11.53359593347443,17.998540275604427,17.716441772362316,18.656046998239418,21.537378998189155,20.009937014141116,"|0,0>","|1,0>","|2,0>","|0,1>","|4,0>","|1,1>","|3,0>","|2,1>","|5,0>",unlabeled,"|0,2>","|6,0>"
10.0,3.0,0.084234,5.298867803597293,0.5,-0.12,-0.2835681015393021,-0.0004251261491248215,0.0004251261491248215,0.0,4.168020563974949,8.052473026410595,10.0049756652583,14.172571103084124,22.124938691384315,0.0,4.168020563974949,8.052473026410595,10.004884362272747,14.681712855531401,14.172571103084124,11.621044384660792,18.05661383265192,17.851264761633416,18.835875878242376,21.624836435336306,20.009970322934777,"|0,0>","|1,0>","|2,0>","|0,1>","|4,0>","|1,1>","|3,0>","|2,1>","|5,0>",unlabeled,"|0,2>","|6,0>"
10.0,3.0,0.084234,5.298867803597293,0.5,-0.10999999999999999,-0.2831622044941611,-0.000415843498274171,0.000415843498274171,0.0,4.194453549149571,8.105744893804982,10.0049756652583,14.199013370909597,22.124938691384315,0.0,4.194453549149571,8.105744893804982,10.004899357167034,14.797667684651088,14.199013370909597,11.701327655954657,18.109904151070737,17.975589136863533,19.002438161598207,21.70512801244405,20.01000073850983,"|0,0>","|1,0>","|2,0>","|0,1>","|4,0>","|1,1>","|3,0>","|2,1>","|5,0>",unlabeled,"|0,2>","|6,0>"
10.0,3.0,0.084234,5.298867803597293,0.5,-0.09999999999999998,-0.28280072707171655,-0.00040761586753035317,0.00040761586753035317,0.0,4.218538143006626,8.154275558941535,10.0049756652583,14.223106192397395,22.124938691384315,0.0,4.218538143006626,8.154275558941535,10.004912935528964,14.903023679672131,14.223106192397395,11.774489718668761,18.158449369111324,18.089332919194405,19.155417965822508,21.778297689700665,20.010028291306284,"|0,0>","|1,0>","|2,0>","|0,1>","|4,0>","|1,1>","|3,0>","|2,1>","|5,0>",unlabeled,"|0,2>","|6,0>"
10.0,3.0,0.084234,5.298867803597293,0.5,-0.08999999999999997,-0.28248080306647694,-0.0004003893646142842,0.0004003893646142842,0.0,4.240288753138827,8.198096703211178,10.0049756652583,14.244864029032513,22.124938691384315,0.0,4.240288753138827,8.198096703211178,10.004925116880301,14.997931701924713,14.244864029032513,11.840570045461973,18.202282285943753,18.1924257927369,19.294542398458887,21.84438493091541,20.010053018448858,"|0,0>","|1,0>","|2,0>","|0,1>","|4,0>","|1,1>","|3,0>","|2,1>","|5,0>",unlabeled,"|0,2>","|6,0>"
10.0,3.0,0.084234,5.298867803597293,0.5,-0.08000000000000002,-0.28220003358566714,-0.00039410956493668436,0.00039410956493668436,0.0,4.259718018591855,8.237236003598042,10.0049756652583,14.264299574285218,22.124938691384315,0.0,4.259718018591855,8.237236003598042,10.00493592336204,15.082523504664294,14.264299574285218,11.899603766438702,18.241431238525053,18.284807801439825,19.41957734399324,21.903424858861143,20.010074962455008,"|0,0>","|1,0>","|2,0>","|0,1>","|4,0>","|1,1>","|3,0>","|2,1>","|5,0>",unlabeled,"|0,2>","|6,0>"
10.0,3.0,0.084234,5.298867803597293,0.5,-0.07,-0.28195641795171866,-0.00038872265790246274,0.00038872265790246274,0.0,4.276836937645982,8.271717457340245,10.0049756652583,14.281423880246379,22.124938691384315,0.0,4.276836937645982,8.271717457340245,10.00494537892176,15.156913056692972,14.281423880246379,11.951621825797119,18.275920640521022,18.366428197820127,19.530323706888296,21.955448411420733,20.010094169611094,"|0,0>","|1,0>","|2,0>","|0,1>","|4,0>","|1,1>","|3,0>","|2,1>","|5,0>",unlabeled,"|0,2>","|6,0>"
10.0,3.0,0.084234,5.298867803597293,0.5,-0.06,-0.28174829821639946,-0.0003841767231307358,0.0003841767231307358,0.0,4.291654977293376,8.301561656370353,10.0049756652583,14.296246465828546,22.124938691384315,0.0,4.291654977293376,8.301561656370353,10.004953508366356,15.221197799215616,14.296246465828546,11.996651132897199,18.3057713599311,18.43724443801861,19.626614019984316,22.000482492321566,20.01011068808552,"|0,0>","|1,0>","|2,0>","|0,1>","|4,0>","|1,1>","|3,0>","|2,1>","|5,0>",unlabeled,"|0,2>","|6,0>"
10.0,3.0,0.084234,5.298867803597293,0.5,-0.04999999999999999,-0.2815743146613414,-0.0003804230693305044,0.0003804230693305044,0.0,4.304180166169147,8.326786017676952,10.0049756652583,14.308775408358116,22.124938691384315,0.0,4.304180166169147,8.326786017676952,10.004960336314525,15.275459794610043,14.308775408358116,12.034714703064424,18.3310010033195,18.497221316763387,19.7083094121011,22.038550111779642,20.010124565838765,"|0,0>","|1,0>","|2,0>","|0,1>","|4,0>","|1,1>","|3,0>","|2,1>","|5,0>",unlabeled,"|0,2>","|6,0>"
10.0,3.0,0.084234,5.298867803597293,0.5,-0.03999999999999998,-0.2814333702462335,-0.00037741761447307454,0.00037741761447307454,0.0,4.314419172416635,8.347404974587036,10.0049756652583,14.319017420060462,22.124938691384315,0.0,4.314419172416635,8.347404974587036,10.004965886074459,15.31976674175381,14.319017420060462,12.065831784702127,18.35162413697968,18.546330235256207,19.77529694823012,22.069670513576582,20.010135848406165,"|0,0>","|1,0>","|2,0>","|0,1>","|4,0>","|1,1>","|3,0>","|2,1>","|5,0>",unlabeled,"|0,2>","|6,0>"
10.0,3.0,0.084234,5.298867803597293,0.5,-0.02999999999999997,-0.2813246025391294,-0.0003751221868810717,0.0003751221868810717,0.0,4.322377367708981,8.363430132878833,10.0049756652583,14.3269779107804,22.124938691384315,0.0,4.322377367708981,8.363430132878833,10.00497017857289,15.354172843581537,14.3269779107804,12.090017970164936,18.36765246047652,18.5845485952823,19.827487357482127,22.09385928600814,20.01014457672447,"|0,0>","|1,0>","|2,0>","|0,1>","|4,0>","|1,1>","|3,0>","|2,1>","|5,0>",unlabeled,"|0,2>","|6,0>"
10.0,3.0,0.084234,5.298867803597293,0.5,-0.020000000000000018,-0.2812473619818263,-0.00037350571490435414,0.00037350571490435414,0.0,4.32805887836615,8.374870394750474,10.0049756652583,14.332661037909546,22.124938691384315,0.0,4.32805887836615,8.374870394750474,10.004973231303765,15.378719519479844,14.332661037909546,12.107285288502553,18.379094941091935,18.611859313084082,19.864813161037645,22.11112845475823,20.01015078507517,"|0,0>","|1,0>","|2,0>","|0,1>","|4,0>","|1,1>","|3,0>","|2,1>","|5,0>",unlabeled,"|0,2>","|6,0>"
10.0,3.0,0.084234,5.298867803597293,0.5,-0.010000000000000009,-0.2812011957226872,-0.0003725452400544782,0.0003725452400544782,0.0,4.331466624377768,8.381732053032849,10.0049756652583,14.336069744396013,22.124938691384315,0.0,4.331466624377768,8.381732053032849,10.004975057464833,15.393435959517149,14.336069744396013,12.117642278813662,18.385957914447687,18.628250447506105,19.88722720893753,22.12148655637654,20.010154499337204,"|0,0>","|1,0>","|2,0>","|0,1>","|4,0>","|1,1>","|3,0>","|2,1>","|5,0>",unlabeled,"|0,2>","|6,0>"
10.0,3.0,0.084234,5.298867803597293,0.5,0.0,-0.28118583643168904,-0.00037222666388458947,0.00037222666388458947,0.0,4.3326023468587636,8.384018857285838,10.0049756652583,14.337205785453179,22.124938691384315,0.0,4.3326023468587636,8.384018857285838,10.0049756652583,15.398339519834977,14.337205785453179,12.121094043207236,18.38824515442907,18.633714937761383,19.894701631498023,22.124938691384315,20.01015573560433,"|0,0>","|1,0>","|2,0>","|0,1>","|4,0>","|1,1>","|3,0>","|2,1>","|5,0>",unlabeled,"|0,2>","|6,0>"
10.0,3.0,0.084234,5.298867803597293,0.5,0.010000000000000009,-0.2812011957212093,-0.0003725452394292006,0.0003725452394292006,0.0,4.331466624377811,8.381732053034412,10.0049756652583,14.336069744396681,22.124938691384315,0.0,4.331466624377811,8.381732053034412,10.004975057465813,15.39343595951901,14.336069744396681,12.117642278816035,18.38595791444935,18.628250447505863,19.887227208938654,22.121486556377945,20.010154499338213,"|0,0>","|1,0>","|2,0>","|0,1>","|4,0>","|1,1>","|3,0>","|2,1>","|5,0>",unlabeled,"|0,2>","|6,0>"
10.0,3.0,0.084234,5.298867803597293,0.5,0.020000000000000018,-0.2812473619803342,-0.00037350571530225807,0.00037350571530225807,0.0,4.328058878366193,8.374870394752051,10.0049756652583,14.33266103790919,22.124938691384315,0.0,4.328058878366193,8.374870394752051,10.004973231306678,15.378719519478864,14.33266103790919,12.107285288505523,18.379094941095303,18.611859313086825,19.864813161039393,22.111128454760774,20.01015078507737,"|0,0>","|1,0>","|2,0>","|0,1>","|4,0>","|1,1>","|3,0>","|2,1>","|5,0>",unlabeled,"|0,2>","|6,0>"
10.0,3.0,0.084234,5.298867803597293,0.5,0.030000000000000027,-0.2813246025377225,-0.0003751221860852638,0.0003751221860852638,0.0,4.32237736770773,8.363430132877738,10.0049756652583,14.326977910779945,22.124938691384315,0.0,4.32237736770773,8.363430132877738,10.004970178571696,15.354172843580855,14.326977910779945,12.090017970163515,18.367652460475952,18.584548595281987,19.82748735748315,22.09385928601192,20.010144576724755,"|0,0>","|1,0>","|2,0>","|0,1>","|4,0>","|1,1>","|3,0>","|2,1>","|5,0>",unlabeled,"|0,2>","|6,0>"
10.0,3.0,0.084234,5.298867803597293,0.5,0.040000000000000036,-0.2814333702465177,-0.0003774176141462249,0.0003774176141462249,0.0,4.314419172417374,8.34740497458823,10.0049756652583,14.319017420061527,22.124938691384315,0.0,4.314419172417374,8.34740497458823,10.004965886074501,15.319766741754847,14.319017420061527,12.065831784704926,18.351624136980575,18.546330235257756,19.775296948231983,22.069670513577535,20.01013584840814,"|0,0>","|1,0>","|2,0>","|0,1>","|4,0>","|1,1>","|3,0>","|2,1>","|5,0>",unlabeled,"|0,2>","|6,0>"
10.0,3.0,0.084234,5.298867803597293,0.5,0.050000000000000044,-0.28157431466266303,-0.0003804230712205481,0.0003804230712205481,0.0,4.304180166169289,8.326786017675914,10.0049756652583,14.308775408356368,22.124938691384315,0.0,4.304180166169289,8.326786017675914,10.004960336312493,15.275459794609063,14.308775408356368,12.034714703065546,18.33100100331852,18.49722131676394,19.7083094121012,22.03855011177818,20.010124565838893,"|0,0>","|1,0>","|2,0>","|0,1>","|4,0>","|1,1>","|3,0>","|2,1>","|5,0>",unlabeled,"|0,2>","|6,0>"
10.0,3.0,0.084234,5.298867803597293,0.5,0.06000000000000005,-0.28174829821665526,-0.0003841767243955019,0.0003841767243955019,0.0,4.291654977293632,8.301561656370609,10.0049756652583,14.296246465827537,22.124938691384315,0.0,4.291654977293632,8.301561656370609,10.004953508369468,15.221197799214835,14.296246465827537,11.996651132897071,18.305771359931796,18.437244438020556,19.626614019984757,22.000482492323542,20.010110688087835,"|0,0>","|1,0>","|2,0>","|0,1>","|4,0>","|1,1>","|3,0>","|2,1>","|5,0>",unlabeled,"|0,2>","|6,0>"
10.0,3.0,0.084234,5.298867803597293,0.5,0.07000000000000006,-0.2819564179506102,-0.0003887226590393311,0.0003887226590393311,0.0,4.276836937645115,8.27171745733962,10.0049756652583,14.281423880244375,22.124938691384315,0.0,4.276836937645115,8.27171745733962,10.004945378922514,15.156913056690286,14.281423880244375,11.95162182579864,18.275920640522003,18.366428197818806,19.53032370688939,21.955448411420093,20.010094169611676,"|0,0>","|1,0>","|2,0>","|0,1>","|4,0>","|1,1>","|3,0>","|2,1>","|5,0>",unlabeled,"|0,2>","|6,0>"
10.0,3.0,0.084234,5.298867803597293,0.5,0.07999999999999996,-0.282200033583635,-0.0003941095649224735,0.0003941095649224735,0.0,4.25971801859005,8.237236003596465,10.0049756652583,14.264299574283427,22.124938691384315,0.0,4.25971801859005,8.237236003596465,10.004935923362979,15.08252350466364,14.264299574283427,11.899603766437366,18.24143123852639,18.284807801439797,19.41957734399287,21.903424858857477,20.01007496245458,"|0,0>","|1,0>","|2,0>","|0,1>","|4,0>","|1,1>","|3,0>","|2,1>","|5,0>",unlabeled,"|0,2>","|6,0>"
10.0,3.0,0.084234,5.298867803597293,0.5,0.08999999999999997,-0.28248080306556744,-0.0004003893633210964,0.0004003893633210964,0.0,4.2402887531393105,8.198096703213054,10.0049756652583,14.24486402903429,22.124938691384315,0.0,4.2402887531393105,8.198096703213054,10.004925116881537,14.997931701924443,14.24486402903429,11.840570045462243,18.2022822859457,18.1924257927366,19.294542398458276,21.844384930915282,20.010053018450378,"|0,0>","|1,0>","|2,0>","|0,1>","|4,0>","|1,1>","|3,0>","|2,1>","|5,0>",unlabeled,"|0,2>","|6,0>"
10.0,3.0,0.084234,5.298867803597293,0.5,0.09999999999999998,-0.28280072707119075,-0.00040761586885196266,0.00040761586885196266,0.0,4.2185381430067395,8.154275558942288,10.0049756652583,14.223106192396187,22.124938691384315,0.0,4.2185381430067395,8.154275558942288,10.00491293552841,14.903023679671378,14.223106192396187,11.774489718666985,18.15844936911145,18.089332919194135,19.15541796582113,21.778297689700196,20.010028291305076,"|0,0>","|1,0>","|2,0>","|0,1>","|4,0>","|1,1>","|3,0>","|2,1>","|5,0>",unlabeled,"|0,2>","|6,0>"
10.0,3.0,0.084234,5.298867803597293,0.5,0.10999999999999999,-0.2831622044952553,-0.00041584349774836937,0.00041584349774836937,0.0,4.194453549150097,8.105744893804939,10.0049756652583,14.199013370910649,22.124938691384315,0.0,4.194453549150097,8.105744893804939,10.004899357166778,14.797667684651714,14.199013370910649,11.701327655955907,18.109904151072016,17.97558913686416,19.002438161598548,21.705128012444078,20.010000738507415,"|0,0>","|1,0>","|2,0>","|0,1>","|4,0>","|1,1>","|3,0>","|2,1>","|5,0>",unlabeled,"|0,2>","|6,0>"
10.0,3.0,0.084234,5.298867803597293,0.5,0.12,-0.28356810154036793,-0.00042512615058853953,0.00042512615058853953,0.0,4.168020563976327,8.052473026412287,10.0049756652583,14.172571103084039,22.124938691384315,0.0,4.168020563976327,8.052473026412287,10.004884362273117,14.681712855530662,14.172571103084039,11.62104438465937,18.056613832653596,17.851264761633843,18.835875878243655,21.62483643533679,20.00997032293529,"|0,0>","|1,0>","|2,0>","|0,1>","|4,0>","|1,1>","|3,0>","|2,1>","|5,0>",unlabeled,"|0,2>","|6,0>"
10.0,3.0,0.084234,5.298867803597293,0.5,0.13,-0.28402183793392055,-0.0004355162370615062,0.0004355162370615062,0.0,4.13922286309824,7.99442388826256,10.0049756652583,14.143763012119479,22.124938691384315,0.0,4.13922286309824,7.99442388826256,10.004867934598593,14.554987896654552,14.143763012119479,11.533595933472952,17.99854027560562,17.716441772362913,18.6560469982403,21.53737899818887,20.009937014140263,"|0,0>","|1,0>","|2,0>","|0,1>","|4,0>","|1,1>","|3,0>","|2,1>","|5,0>",unlabeled,"|0,2>","|6,0>"
10.0,3.0,0.084234,5.298867803597293,0.5,0.14,-0.28452749492873863,-0.00044706399135918673,0.00044706399135918673,0.0,4.108042034104926,7.931556573281114,10.0049756652583,14.112570635371867,22.124938691384315,0.0,4.108042034104926,7.931556573281114,10.004850061630037,14.417299844713398,14.112570635371867,11.438933685153359,17.93563823474898,17.57121526969314,18.463315498682874,21.442707098108656,20.009900789295187,"|0,0>","|1,0>","|2,0>","|0,1>","|4,0>","|1,1>","|3,0>","|2,1>","|5,0>",unlabeled,"|0,2>","|6,0>"
10.0,3.0,0.084234,5.298867803597293,0.5,0.15000000000000002,-0.2850899510752356,-0.0004598170117446898,0.0004598170117446898,0.0,4.074457379242276,7.8638248074093156,10.0049756652583,14.07897322748883,22.124938691384315,0.0,4.074457379242276,7.8638248074093156,10.00483073488138,14.268433065597833,14.07897322748883,11.33700424885896,17.86785047689608,17.415695091949885,18.2581015106787,21.340767363029215,20.009861633745118,"|0,0>","|1,0>","|2,0>","|0,1>","|4,0>","|1,1>","|3,0>","|2,1>","|5,0>",unlabeled,"|0,2>","|6,0>"
10.0,3.0,0.084234,5.298867803597293,0.5,0.16000000000000003,-0.2857150539241786,-0.0004738201694607369,0.0004738201694607369,0.0,4.0384456884575854,7.791176322990992,10.0049756652583,14.042947533546425,22.124938691384315,0.0,4.0384456884575854,7.791176322990992,10.004809950000464,14.10814867233097,14.042947533546425,11.227749366253875,17.795086574540022,17.250007586166106,18.04090533492709,21.231501559261005,20.009819541224232,"|0,0>","|1,0>","|2,0>","|0,1>","|4,0>","|1,1>","|3,0>","|2,1>","|5,0>",unlabeled,"|0,2>","|6,0>"
10.0,3.0,0.084234,5.298867803597293,0.5,0.17000000000000004,-0.2864098383157483,-0.0004891158987732069,0.0004891158987732069,0.0,3.999980978430443,7.713552118545138,10.0049756652583,14.00446752778997,22.124938691384315,0.0,3.999980978430443,7.713552118545138,10.004787706682365,13.936184620700956,14.00446752778997,11.111105869762937,17.71700010329259,17.074297527867955,17.81253241109856,21.114846551416903,20.009774513677158,"|0,0>","|1,0>","|2,0>","|0,1>","|4,0>","|1,1>","|3,0>","|2,1>","|5,0>",unlabeled,"|0,2>","|6,0>"
10.0,3.0,0.084234,5.298867803597293,0.5,0.18000000000000005,-0.2871828053709038,-0.0005057449400283076,0.0005057449400283076,0.0,3.9590341924487404,7.630885579526577,10.0049756652583,13.963504112767012,22.124938691384315,0.0,3.9590341924487404,7.630885579526577,10.004764008400812,13.752256815635164,13.963504112767012,10.987005716766177,17.636142730201712,16.888730177877292,17.570940408719522,20.990734338492743,20.00972656069392,"|0,0>","|1,0>","|2,0>","|0,1>","|4,0>","|1,1>","|3,0>","|2,1>","|5,0>",unlabeled,"|0,2>","|6,0>"
10.0,3.0,0.084234,5.298867803597293,0.5,0.19000000000000006,-0.2880442813599444,-0.0005237477434718585,0.0005237477434718585,0.0,3.915572855043507,7.54310142872707,10.0049756652583,13.920024772558335,22.124938691384315,0.0,3.915572855043507,7.54310142872707,10.004738861884348,13.556061642741113,13.920024772558335,10.855376130112305,17.54756792167582,16.69349345766652,17.321635290139838,20.859092196462527,20.009675698500004,"|0,0>","|1,0>","|2,0>","|0,1>","|4,0>","|1,1>","|3,0>","|2,1>","|5,0>",unlabeled,"|0,2>","|6,0>"
10.0,3.0,0.084234,5.298867803597293,0.5,0.20000000000000007,-0.2890068817320923,-0.0005431666694448722,0.0005431666694448722,0.0,3.869560673983287,7.450114466234481,10.0049756652583,13.873993172572142,22.124938691384315,0.0,3.869560673983287,7.450114466234481,10.00471227634506,13.347280415679535,13.873993172572142,10.716139883646662,17.454435940852704,16.488800217063613,17.06206418604117,20.71984296602824,20.009621948348354,"|0,0>","|1,0>","|2,0>","|0,1>","|4,0>","|1,1>","|3,0>","|2,1>","|5,0>",unlabeled,"|0,2>","|6,0>"
10.0,3.0,0.084234,5.298867803597293,0.5,0.20999999999999996,-0.2900861148085596,-0.0005640494533309948,0.0005640494533309948,0.0,3.8209570809594595,7.351828047110359,10.0049756652583,13.825368696764428,22.124938691384315,0.0,3.8209570809594595,7.351828047110359,10.004684262241426,13.1255862835215,13.825368696764428,10.569215781482654,17.356080923203905,16.274890559137305,16.793543760055996,20.572905534182354,20.00956533406793,"|0,0>","|1,0>","|2,0>","|0,1>","|4,0>","|1,1>","|3,0>","|2,1>","|5,0>",unlabeled,"|0,2>","|6,0>"
10.0,3.0,0.084234,5.298867803597293,0.5,0.21999999999999997,-0.2913011714807823,-0.0005864545023683831,0.0005864545023683831,0.0,3.769716700445727,7.248132229410672,10.0049756652583,13.774105911201659,22.124938691384315,0.0,3.769716700445727,7.248132229410672,10.004654829377259,12.8906541488481,13.774105911201659,10.41451939185852,17.25234017545155,16.05203417725359,16.516923385888717,20.41819557034522,20.009505878232474,"|0,0>","|1,0>","|2,0>","|0,1>","|4,0>","|1,1>","|3,0>","|2,1>","|5,0>",unlabeled,"|0,2>","|6,0>"
10.0,3.0,0.084234,5.298867803597293,0.5,0.22999999999999998,-0.29267596389260575,-0.0006104592850846302,0.0006104592850846302,0.0,3.715788734276373,7.13890150466014,10.0049756652583,13.720153940249588,22.124938691384315,0.0,3.715788734276373,7.13890150466014,10.004623983736991,12.642174078253532,13.720153940249588,10.251964110760156,17.14307448961958,15.820532648878071,16.233053893703328,20.25562659208296,20.009443595831954,"|0,0>","|1,0>","|2,0>","|0,1>","|4,0>","|1,1>","|3,0>","|2,1>","|5,0>",unlabeled,"|0,2>","|6,0>"
10.0,3.0,0.084234,5.298867803597293,0.5,0.24,-0.294240498842143,-0.0006361739402507283,0.0006361739402507283,0.0,3.659116247064077,7.023991995286011,10.0049756652583,13.663455738382126,22.124938691384315,0.0,3.659116247064077,7.023991995286011,10.004591722001791,12.379868515704842,13.663455738382126,10.081462647180658,17.02813484296159,15.580721620461716,15.942806247536637,20.08511145207801,20.009378483225262,"|0,0>","|1,0>","|2,0>","|0,1>","|4,0>","|1,1>","|3,0>","|2,1>","|5,0>",unlabeled,"|0,2>","|6,0>"
10.0,3.0,0.084234,5.298867803597293,0.5,0.25,-0.29603270243762836,-0.0006637643830629258,0.0006637643830629258,0.0,3.599635334629866,6.903237966822104,10.0049756652583,13.603947235505103,22.124938691384315,0.0,3.599635334629866,6.903237966822104,10.004558021048922,12.103513323727725,13.603947235505103,9.90292904068454,16.907353129770343,15.332972808926854,15.647062540537945,19.906564356785964,20.009310497102973,"|0,0>","|1,0>","|2,0>","|0,1>","|4,0>","|1,1>","|3,0>","|2,1>","|5,0>",unlabeled,"|0,2>","|6,0>"
10.0,3.0,0.084234,5.298867803597293,0.5,0.26,-0.2981008548118069,-0.000693493707728976,0.000693493707728976,0.0,3.5372741544917403,6.776447454171674,10.0049756652583,13.541556326042311,22.124938691384315,0.0,3.5372741544917403,6.776447454171674,10.004522816081405,11.812962297168,13.541556326042311,9.716281342868669,16.780536134019016,15.077695740651265,15.346700531883684,19.719903548013534,20.00923951056994,"|0,0>","|1,0>","|2,0>","|0,1>","|4,0>","|1,1>","|3,0>","|2,1>","|5,0>",unlabeled,"|0,2>","|6,0>"
10.0,3.0,0.084234,5.298867803597293,0.5,0.27,-0.3005068503662187,-0.0007258015281053076,0.0007258015281053076,0.0,3.471951793578569,6.643396736790919,10.0049756652583,13.476201657308764,22.124938691384315,0.0,3.471951793578569,6.643396736790919,10.004485949197374,11.50817438567077,13.476201657308764,9.521445116399093,16.647459404696917,14.815339153310731,15.042575935523956,19.525054800717612,20.009165209813347,"|0,0>","|1,0>","|2,0>","|0,1>","|4,0>","|1,1>","|3,0>","|2,1>","|5,0>",unlabeled,"|0,2>","|6,0>"
10.0,3.0,0.084234,5.298867803597293,0.5,0.28,-0.30333057417641385,-0.0007614694631428165,0.0007614694631428165,0.0,3.403576944436878,6.5038233146973425,10.0049756652583,13.407791140232035,22.124938691384315,0.0,3.403576944436878,6.5038233146973425,10.004447027473333,11.189242554862886,13.407791140232035,9.318357927894027,16.50785997587232,14.54639201373027,14.735504763240385,19.32195591289542,20.00908680874963,"|0,0>","|1,0>","|2,0>","|0,1>","|4,0>","|1,1>","|3,0>","|2,1>","|5,0>",unlabeled,"|0,2>","|6,0>"
10.0,3.0,0.084234,5.298867803597293,0.5,0.29000000000000004,-0.3066757819555903,-0.0008020061778069021,0.0008020061778069021,0.0,3.332046357068549,6.357416932181508,10.0049756652583,13.336220016149042,22.124938691384315,0.0,3.332046357068549,6.357416932181508,10.004404926553093,10.85642327663723,13.336220016149042,9.106975032590555,16.36142726680518,14.271384197375227,14.426247805282827,19.110562385114463,20.00900204920336,"|0,0>","|1,0>","|2,0>","|0,1>","|4,0>","|1,1>","|3,0>","|2,1>","|5,0>",unlabeled,"|0,2>","|6,0>"
10.0,3.0,0.084234,5.298867803597293,0.5,0.30000000000000004,-0.3106779890844251,-0.0008506893326512,0.0008506893326512,0.0,3.257243030227613,6.203808071370801,10.0049756652583,13.261368006153262,22.124938691384315,0.0,3.257243030227613,6.203808071370801,10.004355166531056,10.510167330625947,13.261368006153262,8.887276468030691,16.207791508966707,13.990887197875097,14.115499179636217,18.89085450666734,20.00890189836811,"|0,0>","|1,0>","|2,0>","|0,1>","|4,0>","|1,1>","|3,0>","|2,1>","|5,0>",unlabeled,"|0,2>","|6,0>"
10.0,3.0,0.084234,5.298867803597293,0.5,0.31000000000000005,-0.31551500440235714,-0.0009160910642123099,0.0009160910642123099,0.0,3.1790341044387844,6.042553204475212,10.0049756652583,13.183093678632872,22.124938691384315,0.0,3.1790341044387844,6.042553204475212,10.004247909999322,10.151188630362753,13.183093678632872,8.659275789576327,16.046508958752526,13.70551665920894,13.80388047389988,18.66284608112386,20.008684472057553,"|0,0>","|1,0>","|2,0>","|0,1>","|4,0>","|1,1>","|3,0>","|2,1>","|5,0>",unlabeled,"|0,2>","|6,0>"
10.0,3.0,0.084234,5.298867803597293,0.5,0.32000000000000006,-0.32142085527982545,-0.0010295370230295475,0.0010295370230295475,0.0,3.097268421779006,5.873115988278187,10.0049756652583,13.101214550014276,22.124938691384315,0.0,3.097268421779006,5.873115988278187,10.004365726936271,9.780112243584796,13.101214550014276,8.423030691472462,15.877043066388325,13.415948202341099,13.491941326293755,18.42659503527574,19.782387986638355,"|0,0>","|1,0>","|2,0>","|0,1>","|4,0>","|1,1>","|3,0>","|2,1>","|5,0>",unlabeled,"|0,2>","|6,0>"
10.0,3.0,0.084234,5.298867803597293,0.5,0.33000000000000007,-0.3287038622333682,-0.001463643560882133,0.001463643560882133,0.0,3.011773728511031,5.6948435947886935,10.0049756652583,13.015285750208449,22.124938691384315,0.0,3.011773728511031,5.6948435947886935,10.004285133986684,9.398538837016275,13.015285750208449,8.178655763944164,15.698740789791742,13.12313379379475,13.180166474506962,18.182216162845094,19.401165551587923,"|0,0>","|1,0>","|2,0>","|0,1>","|4,0>","|1,1>","|3,0>","|2,1>","|5,0>",unlabeled,"|0,2>","|6,0>"
10.0,3.0,0.084234,5.298867803597293,0.5,0.33999999999999997,-0.3377693582066854,-0.00023286524690036003,0.00023286524690036003,0.0,2.922353524141215,5.506937690075745,10.0049756652583,12.927096324152615,22.124938691384315,0.0,2.922353524141215,5.506937690075745,10.004234114611734,9.007715203599133,12.927096324152615,7.926337643102272,15.510803564446007,12.825799804755746,12.868988540702617,17.92989626069226,19.01052416264315,"|0,0>","|1,0>","|2,0>","|0,1>","|4,0>","|1,1>","|3,0>","|2,1>","|5,0>",unlabeled,"|0,2>","|6,0>"
10.0,3.0,0.084234,5.298867803597293,0.5,0.35,-0.34914665251722,-0.0007014744239768334,0.0007014744239768334,0.0,2.828783617277466,5.308420582037712,10.0049756652583,12.83305780811179,22.124938691384315,0.0,2.828783617277466,5.308420582037712,10.004187460394576,8.609470687759199,12.83305780811179,7.666352822220347,15.312253453298382,12.528052549289868,12.558805302823941,17.669911927875404,18.612400283129347,"|0,0>","|1,0>","|2,0>","|0,1>","|4,0>","|1,1>","|3,0>","|2,1>","|5,0>",unlabeled,"|0,2>","|6,0>"
10.0,3.0,0.084234,5.298867803597293,0.5,0.36,-0.363517660391139,-0.0008198163855439589,0.0008198163855439589,0.0,2.7308085598174756,5.098099459243812,10.0049756652583,12.734964408690232,22.124938691384315,0.0,2.7308085598174756,5.098099459243812,10.004141939368921,8.205977364508342,12.734964408690232,7.399088424994389,15.10189740630905,12.22861271150471,12.250000043357275,17.402650329507182,18.208999544311084,"|0,0>","|1,0>","|2,0>","|0,1>","|4,0>","|1,1>","|3,0>","|2,1>","|5,0>",unlabeled,"|0,2>","|6,0>"
10.0,3.0,0.084234,5.298867803597293,0.5,0.37,-0.3817401253954813,-0.0008891741696999134,0.0008891741696999134,0.0,2.6281383391999498,4.874536553004418,10.0049756652583,12.63222483028855,22.124938691384315,0.0,2.6281383391999498,4.874536553004418,10.004096676990542,7.799804031914789,12.63222483028855,7.1250663142803035,14.878297474847955,11.92857982661971,11.942963794415562,17.128633300201017,17.80290537201367,"|0,0>","|1,0>","|2,0>","|0,1>","|4,0>","|1,1>","|3,0>","|2,1>","|5,0>",unlabeled,"|0,2>","|6,0>"
10.0,3.0,0.084234,5.298867803597293,0.5,0.38,-0.40485035541095726,-0.0009423193929336549,0.0009423193929336549,0.0,2.5204460914488607,4.636041827486764,10.0049756652583,12.524479437314227,22.124938691384315,0.0,2.5204460914488607,4.636041827486764,10.004051364974572,7.393938688078123,12.524479437314227,6.844971062535848,14.63976360284019,11.628815093073456,11.638118886576422,16.84854531350493,17.39711307120797,"|0,0>","|1,0>","|2,0>","|0,1>","|4,0>","|1,1>","|3,0>","|2,1>","|5,0>",unlabeled,"|0,2>","|6,0>"
10.0,3.0,0.084234,5.298867803597293,0.5,0.39,-0.434018660111704,-0.0009879963782566392,0.0009879963782566392,0.0,2.407368296220767,4.38071793232983,10.0049756652583,12.41135596510081,22.124938691384315,0.0,2.407368296220767,4.38071793232983,10.004005871791506,6.991771214303029,12.41135596510081,6.559682610167059,14.384398742446521,11.330192521963099,11.335944143384225,16.563266142766267,16.995016245159277,"|0,0>","|1,0>","|2,0>","|0,1>","|4,0>","|1,1>","|3,0>","|2,1>","|5,0>",unlabeled,"|0,2>","|6,0>"
10.0,3.0,0.084234,5.298867803597293,0.5,0.4,-0.47041904924685696,-0.0010294071033172258,0.0010294071033172258,0.0,2.288510189490111,4.1066013297333654,10.0049756652583,12.292456447645094,22.124938691384315,0.0,2.288510189490111,4.1066013297333654,10.003960090640646,6.597000892256403,12.292456447645094,6.270315026173904,14.110240193687815,11.033631178609141,11.037003438521623,16.273909625684183,16.600315685304594,"|0,0>","|1,0>","|2,0>","|0,1>","|4,0>","|1,1>","|3,0>","|2,1>","|5,0>",unlabeled,"|0,2>","|6,0>"
10.0,3.0,0.084234,5.298867803597293,0.5,0.41000000000000003,-0.5149757072993992,-0.0010678742368384064,0.0010678742368384064,0.0,2.1634614772818566,3.811947247264314,10.0049756652583,12.167369268303318,22.124938691384315,0.0,2.1634614772818566,3.811947247264314,10.003913763991463,6.2134335434480334,12.167369268303318,5.978263978446748,13.815544746902205,10.7401240755013,10.741981511912954,15.981871137208103,16.21681705438108,"|0,0>","|1,0>","|2,0>","|0,1>","|4,0>","|1,1>","|3,0>","|2,1>","|5,0>",unlabeled,"|0,2>","|6,0>"
10.0,3.0,0.084234,5.298867803597293,0.5,0.42000000000000004,-0.5679833627765447,-0.0011039031848696368,0.0011039031848696368,0.0,2.0318318535011883,3.495680344225832,10.0049756652583,12.035703615574619,22.124938691384315,0.0,2.0318318535011883,3.495680344225832,10.00386581637403,5.844668738862481,12.035703615574619,5.685268088840104,13.499239367186789,10.450783664511107,10.451735032830754,15.688888943213385,15.84811844875432,"|0,0>","|1,0>","|2,0>","|0,1>","|4,0>","|1,1>","|3,0>","|2,1>","|5,0>",unlabeled,"|0,2>","|6,0>"
10.0,3.0,0.084234,5.298867803597293,0.5,0.43000000000000005,-0.6286779884112121,-0.001137561179987756,0.001137561179987756,0.0,1.8933244597855179,3.1579709311598236,10.0049756652583,11.89716256386383,22.124938691384315,0.0,1.8933244597855179,3.1579709311598236,10.003807007223216,5.493760909472982,11.89716256386383,5.3934952307843815,13.161497104825358,10.16692062386808,10.167380046883991,15.397130491536629,15.497272016034842,"|0,0>","|1,0>","|2,0>","|0,1>","|4,0>","|1,1>","|3,0>","|2,1>","|5,0>",unlabeled,"|0,2>","|6,0>"
10.0,3.0,0.084234,5.298867803597293,0.5,0.44000000000000006,-0.6949224186794112,-0.0011686307880296454,0.0011686307880296454,0.0,1.747883285350568,2.8008441520217247,10.0049756652583,11.751690319820838,22.124938691384315,0.0,1.747883285350568,2.8008441520217247,10.003819297766384,5.163038380100758,11.751690319820838,5.105679058959183,12.804345648331903,9.890186978269199,9.890333469059797,15.109328931250943,15.166603723914918,"|0,0>","|1,0>","|2,0>","|0,1>","|4,0>","|1,1>","|3,0>","|2,1>","|5,0>",unlabeled,"|0,2>","|6,0>"
10.0,3.0,0.084234,5.298867803597293,0.5,0.45000000000000007,-0.76318307363168,-0.0011966813947168475,0.0011966813947168475,0.0,1.5959903917164553,2.4287977098012306,10.0049756652583,11.599769375580038,22.124938691384315,0.0,1.5959903917164553,2.4287977098012306,10.003753394404114,4.82536709354666,11.599769375580038,4.854309743050308,12.432284369915052,9.622851992316399,9.622906178241138,14.857920460592581,14.829031188051076,"|0,0>","|1,0>","|2,0>","|0,1>","|4,0>","|1,1>","|3,0>","|2,1>","|5,0>",unlabeled,"|0,2>","|6,0>"
10.0,3.0,0.084234,5.298867803597293,0.5,0.45999999999999996,-0.8288623997249971,-0.0012211170160441043,0.0012211170160441043,0.0,1.4392858800682262,2.0497093604114554,10.0049756652583,11.443040428310482,22.124938691384315,0.0,1.4392858800682262,2.0497093604114554,10.003708111473443,4.557436481405361,11.443040428310482,4.56966885222063,12.053191432749472,9.368374896674041,9.368388984491972,14.573315403814533,14.561113727619684,unlabeled,unlabeled,unlabeled,unlabeled,unlabeled,unlabeled,unlabeled,unlabeled,unlabeled,unlabeled,unlabeled,unlabeled
10.0,3.0,0.084234,5.298867803597293,0.5,0.47,-0.8868947944308303,-0.0012412315615364378,0.0012412315615364378,0.0,1.2819346358102024,1.6769744771895745,10.0049756652583,11.285669069506966,22.124938691384315,0.0,1.2819346358102024,1.6769744771895745,10.003667284027543,4.309287481049765,11.285669069506966,4.313208050440338,11.680461331452292,9.132690848494562,9.13269317674407,14.316881147959506,14.312976066287305,unlabeled,unlabeled,unlabeled,unlabeled,unlabeled,unlabeled,unlabeled,unlabeled,unlabeled,unlabeled,unlabeled,unlabeled
10.0,3.0,0.084234,5.298867803597293,0.5,0.48,-0.9324366133900952,-0.0012562891956946487,0.0012562891956946487,0.0,1.13377412642744,1.3351116394647846,10.0049756652583,11.137493502490045,22.124938691384315,0.0,1.13377412642744,1.3351116394647846,10.00363086069008,4.0937470519620405,11.137493502490045,4.094500402113695,11.338610408560939,8.927242731101089,8.927242880905979,14.09819153614221,14.097444419684805,unlabeled,unlabeled,unlabeled,unlabeled,unlabeled,unlabeled,unlabeled,unlabeled,unlabeled,unlabeled,unlabeled,unlabeled
10.0,3.0,0.084234,5.298867803597293,0.5,0.49,-0.9615076735887129,-0.001265632591170629,0.001265632591170629,0.0,1.0168372482565786,1.0721668229244443,10.0049756652583,11.020547280923708,22.124938691384315,0.0,1.0168372482565786,1.0721668229244443,10.00360235579366,3.935298022072928,11.020547280923708,3.935333349903132,11.075679894455519,8.775362806779683,8.775362804412097,13.939034878525561,13.939000963249967,unlabeled,unlabeled,unlabeled,unlabeled,unlabeled,unlabeled,unlabeled,unlabeled,unlabeled,unlabeled,unlabeled,unlabeled
10.0,3.0,0.084234,5.298867803597293,0.5,0.5,-0.9715003886240225,-0.001268802244439371,0.001268802244439371,0.0,0.9694896697162534,0.9674789508084842,10.0049756652583,10.973196532730114,22.124938691384315,0.0,0.9694896697162534,0.9674789508084842,10.003590538680655,3.873924159029187,10.973196532730114,3.873924638743219,10.970999191385076,8.716268467245541,8.71626846716022,13.877629555718286,13.877629012196664,unlabeled,unlabeled,unlabeled,unlabeled,unlabeled,unlabeled,unlabeled,unlabeled,unlabeled,unlabeled,unlabeled,unlabeled
10.0,2.5,0.101121,6.359905659677666,0.5,-0.5,-0.9720989038560646,-0.0015228374453215565,0.0015228374453215565,0.0,0.96968550723129,0.9672721106065154,10.001640806577427,10.969803476363396,22.119952805160437,0.0,0.96968550723129,0.9672721106065154,9.999978284537349,3.8738992409187603,10.969803476363396,3.8738999319560747,10.967166081124645,8.71619995323654,8.716199953087113,13.87401578906156,13.874015006144845,unlabeled,unlabeled,unlabeled,unlabeled,unlabeled,unlabeled,unlabeled,unlabeled,unlabeled,unlabeled,unlabeled,unlabeled
10.0,2.5,0.101121,6.359905659677666,0.5,-0.49,-0.9621050095507115,-0.0015190309921990774,0.0015190309921990774,0.0,1.017029934540659,1.0719548595306065,10.001640806577427,11.017151710125887,22.119952805160437,0.0,1.017029934540659,1.0719548595306065,9.999992480171485,3.9352669826902797,11.017151710125887,3.935299078492136,11.071840212544828,8.775287731789007,8.775287728128063,13.935410870179965,13.935380452030955,unlabeled,unlabeled,unlabeled,unlabeled,unlabeled,unlabeled,unlabeled,unlabeled,unlabeled,unlabeled,unlabeled,unlabeled
10.0,2.5,0.101121,6.359905659677666,0.5,-0.48,-0.9330300014675998,-0.001507810413926336,0.001507810413926336,0.0,1.1339562910505947,1.3348825806335896,10.001640806577427,11.134089287214096,22.119952805160437,0.0,1.1339562910505947,1.3348825806335896,10.00002671862687,4.093696778007981,11.134089287214096,4.094436270171499,11.334750740040874,8.927147014966224,8.927147142719704,14.094535590069881,14.093803554883436,unlabeled,unlabeled,unlabeled,unlabeled,unlabeled,unlabeled,unlabeled,unlabeled,unlabeled,unlabeled,unlabeled,unlabeled
10.0,2.5,0.101121,6.359905659677666,0.5,-0.47,-0.8874803458437839,-0.001489727396148055,0.001489727396148055,0.0,1.2820999861472586,1.6767196264507334,10.001640806577427,11.282251065328538,22.119952805160437,0.0,1.2820999861472586,1.6767196264507334,10.00007046468906,4.309206488896649,11.282251065328538,4.313094595295226,11.676573455607638,9.132561798745485,9.132564005783067,14.31317227390062,14.309302720126738,unlabeled,unlabeled,unlabeled,unlabeled,unlabeled,unlabeled,unlabeled,unlabeled,unlabeled,unlabeled,unlabeled,unlabeled
10.0,2.5,0.101121,6.359905659677666,0.5,-0.46,-0.8294347213501112,-0.0014655710831164015,0.0014655710831164015,0.0,1.439430837551427,2.049426953752743,10.001640806577427,11.439606073045738,22.119952805160437,0.0,1.439430837551427,2.049426953752743,10.000119504345193,4.55731680472266,11.439606073045738,4.5694891089382,12.049275014919687,9.368202994470593,9.368216644067957,14.569534934995545,14.557399420819365,unlabeled,unlabeled,unlabeled,unlabeled,unlabeled,unlabeled,unlabeled,unlabeled,unlabeled,unlabeled,unlabeled,unlabeled
10.0,2.5,0.101121,6.359905659677666,0.5,-0.45,-0.7637353981940151,-0.0014362247933661365,0.0014362247933661365,0.0,1.5961133202699074,2.4284912423457996,10.001640806577427,11.596317902053968,22.119952805160437,0.0,1.5961133202699074,2.4284912423457996,10.000173936822819,4.825203634064749,11.596317902053968,4.854048826464904,12.428344784050879,9.62263020757156,9.622682989595233,14.85405165289022,14.825270458939954,"|0,0>","|1,0>","|2,0>","|0,1>","|4,0>","|1,1>","|3,0>","|2,1>","|5,0>",unlabeled,"|0,2>","|6,0>"
10.0,2.5,0.101121,6.359905659677666,0.5,-0.44,-0.6954473400372478,-0.0014025359407270344,0.0014025359407270344,0.0,1.7479836049849098,2.8005198699325717,10.001640806577427,11.74822187562161,22.119952805160437,0.0,1.7479836049849098,2.8005198699325717,10.000254114444004,5.162683386488482,11.74822187562161,5.105468705126768,12.800391197758003,9.88990991240594,9.890048944469356,15.10551845404298,15.16263176242343,"|0,0>","|1,0>","|2,0>","|0,1>","|4,0>","|1,1>","|3,0>","|2,1>","|5,0>",unlabeled,"|0,2>","|6,0>"
10.0,2.5,0.101121,6.359905659677666,0.5,-0.43,-0.6291686739856743,-0.0013652193937048196,0.0013652193937048196,0.0,1.8934021204900802,3.157635566994486,10.001640806577427,11.893677707673803,22.119952805160437,0.0,1.8934021204900802,3.157635566994486,10.00023876602053,5.493301535028749,11.893677707673803,5.393236253110359,13.157536500798969,10.166583970690894,10.167047024060153,15.393268459307066,15.493184819371791,"|0,0>","|1,0>","|2,0>","|0,1>","|4,0>","|1,1>","|3,0>","|2,1>","|5,0>",unlabeled,"|0,2>","|6,0>"
10.0,2.5,0.101121,6.359905659677666,0.5,-0.42,-0.5684348310932137,-0.0013247908991900204,0.0013247908991900204,0.0,2.0318870607183186,3.4953392903434235,10.001640806577427,12.032203076396556,22.119952805160437,0.0,2.0318870607183186,3.4953392903434235,10.000308892354042,5.844098148792426,12.032203076396556,5.68495974060221,13.495279649084011,10.450383896117472,10.45133519705665,15.684974651013647,15.843907745657447,"|0,0>","|1,0>","|2,0>","|0,1>","|4,0>","|1,1>","|3,0>","|2,1>","|5,0>",unlabeled,"|0,2>","|6,0>"
10.0,2.5,0.101121,6.359905659677666,0.5,-0.41000000000000003,-0.5153856354873056,-0.0012815091969144987,0.0012815091969144987,0.0,2.1634945542403443,3.811603472993383,10.001640806577427,12.163853851620857,22.119952805160437,0.0,2.1634945542403443,3.811603472993383,10.000366406238882,6.212748884398508,12.163853851620857,5.977906217311826,13.811590022215881,10.7396582481433,10.74151303206763,15.977904685617574,16.212479030615015,"|0,0>","|1,0>","|2,0>","|0,1>","|4,0>","|1,1>","|3,0>","|2,1>","|5,0>",unlabeled,"|0,2>","|6,0>"
10.0,2.5,0.101121,6.359905659677666,0.5,-0.4,-0.47078780446841506,-0.0012352892452440756,0.0012352892452440756,0.0,2.2885215100708365,4.106255215673258,10.001640806577427,12.28892702740302,22.119952805160437,0.0,2.2885215100708365,4.106255215673258,10.000422007208101,6.596203101415412,12.28892702740302,6.269908310160957,14.106291430874933,11.033096791813037,11.036463252954917,16.269891700479207,16.59585078335948,"|0,0>","|1,0>","|2,0>","|0,1>","|4,0>","|1,1>","|3,0>","|2,1>","|5,0>",unlabeled,"|0,2>","|6,0>"
10.0,2.5,0.101121,6.359905659677666,0.5,-0.39,-0.4343486808625414,-0.001185515625920175,0.001185515625920175,0.0,2.407358253429834,4.380367825997126,10.001640806577427,12.40781354438134,22.119952805160437,0.0,2.407358253429834,4.380367825997126,10.000476960731845,6.990864227385259,12.40781354438134,6.5592277437305455,14.380454411938956,11.329587380256541,11.335329142798628,16.55919784683161,16.990428217113816,"|0,0>","|1,0>","|2,0>","|0,1>","|4,0>","|1,1>","|3,0>","|2,1>","|5,0>",unlabeled,"|0,2>","|6,0>"
10.0,2.5,0.101121,6.359905659677666,0.5,-0.38,-0.40514527776441867,-0.001130581362062344,0.001130581362062344,0.0,2.5204150836285066,4.635684889492595,10.001640806577427,12.520925308843871,22.119952805160437,0.0,2.5204150836285066,4.635684889492595,10.000531571116653,7.392928424161852,12.520925308843871,6.844469079327126,14.635820671755624,11.628137103472369,11.637426003032061,16.844428036848996,17.39240771014505,"|0,0>","|1,0>","|2,0>","|0,1>","|4,0>","|1,1>","|3,0>","|2,1>","|5,0>",unlabeled,"|0,2>","|6,0>"
10.0,2.5,0.101121,6.359905659677666,0.5,-0.37,-0.382004006907394,-0.001066593319904996,0.001066593319904996,0.0,2.6280867648578976,4.874169522808401,10.001640806577427,12.62866097811542,22.119952805160437,0.0,2.6280867648578976,4.874169522808401,10.000585965525929,7.798697492964095,12.62866097811542,7.124518388314257,14.874352318646928,11.92782657158763,11.942190002263303,17.124468618727704,17.798089296118988,"|0,0>","|1,0>","|2,0>","|0,1>","|4,0>","|1,1>","|3,0>","|2,1>","|5,0>",unlabeled,"|0,2>","|6,0>"
10.0,2.5,0.101121,6.359905659677666,0.5,-0.36,-0.3637544571598852,-0.0009828920836696398,0.0009828920836696398,0.0,2.7307368165167674,5.0977191758736495,10.001640806577427,12.731394731010525,22.119952805160437,0.0,2.7307368165167674,5.0977191758736495,10.000640302287024,8.20478198915356,12.731394731010525,7.398495804522739,15.0979464377546,12.227780207273383,12.249142359638384,17.398439926124624,18.204079148143038,"|0,0>","|1,0>","|2,0>","|0,1>","|4,0>","|1,1>","|3,0>","|2,1>","|5,0>",unlabeled,"|0,2>","|6,0>"
10.0,2.5,0.101121,6.359905659677666,0.5,-0.35,-0.34935994335504006,-0.0008392955836740157,0.0008392955836740157,0.0,2.8286921023391898,5.3080242613233395,10.001640806577427,12.829493613332943,22.119952805160437,0.0,2.8286921023391898,5.3080242613233395,10.000694953733117,8.608193929561267,12.829493613332943,7.665716782098485,15.308293465201032,12.527129732290518,12.55786080421953,17.665657531377477,18.607380694725734,"|0,0>","|1,0>","|2,0>","|0,1>","|4,0>","|1,1>","|3,0>","|2,1>","|5,0>",unlabeled,"|0,2>","|6,0>"
10.0,2.5,0.101121,6.359905659677666,0.5,-0.33999999999999997,-0.3379622435219858,-0.00025848034597686365,0.00025848034597686365,0.0,2.922242636059238,5.50652302859649,10.001640806577427,12.923624962290688,22.119952805160437,0.0,2.922242636059238,5.50652302859649,10.000750977307447,9.00636419937939,12.923624962290688,7.9256594521465615,15.506831866268243,12.8246998814774,12.867954401818267,17.925599599245544,19.005407706917566,"|0,0>","|1,0>","|2,0>","|0,1>","|4,0>","|1,1>","|3,0>","|2,1>","|5,0>",unlabeled,"|0,2>","|6,0>"
10.0,2.5,0.101121,6.359905659677666,0.5,-0.32999999999999996,-0.3288789633055984,-0.0017392260494375478,0.0017392260494375478,0.0,3.0116438685526674,5.694408773799736,10.001640806577427,13.011545449080657,22.119952805160437,0.0,3.0116438685526674,5.694408773799736,10.000812289101148,9.397119784931988,13.011545449080657,8.177936664396029,15.694755223708398,13.122219383711098,13.179040028004096,18.177878929736693,19.39594818048235,"|0,0>","|1,0>","|2,0>","|0,1>","|4,0>","|1,1>","|3,0>","|2,1>","|5,0>",unlabeled,"|0,2>","|6,0>"
10.0,2.5,0.101121,6.359905659677666,0.5,-0.32,-0.3215803609581229,-0.0012338104429971963,0.0012338104429971963,0.0,3.0971199955661604,5.872659630174198,10.001640806577427,13.09752699170059,22.119952805160437,0.0,3.0971199955661604,5.872659630174198,10.000909662308445,9.778625440072346,13.09752699170059,8.422271887899313,15.873041965267603,13.414898738448912,13.490720142165742,18.422218865220415,19.77704307729182,"|0,0>","|1,0>","|2,0>","|0,1>","|4,0>","|1,1>","|3,0>","|2,1>","|5,0>",unlabeled,"|0,2>","|6,0>"
10.0,2.5,0.101121,6.359905659677666,0.5,-0.31,-0.3156607339631421,-0.0010988678964309884,0.0010988678964309884,0.0,3.1788675234011805,6.042074312839219,10.001640806577427,13.179409462082177,22.119952805160437,0.0,3.1788675234011805,6.042074312839219,10.000768834902459,10.149680241345393,13.179409462082177,8.65847844504627,16.042491083479106,13.70438290088137,13.80256245201005,18.658432535551682,20.001656012433628,"|0,0>","|1,0>","|2,0>","|0,1>","|4,0>","|1,1>","|3,0>","|2,1>","|5,0>",unlabeled,"|0,2>","|6,0>"
10.0,2.5,0.101121,6.359905659677666,0.5,-0.3,-0.3108114553345729,-0.0010206864937032378,0.0010206864937032378,0.0,3.2570587128679875,6.203305970401402,10.001640806577427,13.257678832951711,22.119952805160437,0.0,3.2570587128679875,6.203305970401402,10.000896295581754,10.508600036377231,13.257678832951711,8.88644170539611,16.203755984714277,13.989679019554416,14.114082646397293,18.88640506668294,20.001914737073875,"|0,0>","|1,0>","|2,0>","|0,1>","|4,0>","|1,1>","|3,0>","|2,1>","|5,0>",unlabeled,"|0,2>","|6,0>"
10.0,2.5,0.101121,6.359905659677666,0.5,-0.29000000000000004,-0.30679824773747555,-0.0009623771940852066,0.0009623771940852066,0.0,3.331844730112749,6.356891212488023,10.001640806577427,13.332523159496091,22.119952805160437,0.0,3.331844730112749,6.356891212488023,10.000955956380153,10.854812727525015,13.332523159496091,9.106103939429303,16.35737352747948,14.27010609417799,14.424731603380039,19.10607845057838,20.002034820837352,"|0,0>","|1,0>","|2,0>","|0,1>","|4,0>","|1,1>","|3,0>","|2,1>","|5,0>",unlabeled,"|0,2>","|6,0>"
10.0,2.5,0.101121,6.359905659677666,0.5,-0.28,-0.3034431001134692,-0.0009137818984044088,0.0009137818984044088,0.0,3.4033584437760283,6.503273787438587,10.001640806577427,13.404085468455051,22.119952805160437,0.0,3.4033584437760283,6.503273787438587,10.001006473176488,11.187594978430624,13.404085468455051,9.317451563503099,16.503787720404105,14.545047053018749,14.733888322239352,19.31743880633006,20.002136513348503,"|0,0>","|1,0>","|2,0>","|0,1>","|4,0>","|1,1>","|3,0>","|2,1>","|5,0>",unlabeled,"|0,2>","|6,0>"
10.0,2.5,0.101121,6.359905659677666,0.5,-0.27,-0.3006103340332942,-0.0008710043189665839,0.0008710043189665839,0.0,3.471716865093981,6.642823396154668,10.001640806577427,13.472486667352442,22.119952805160437,0.0,3.471716865093981,6.642823396154668,10.001053182661266,11.506494512078405,13.472486667352442,9.52050451993037,16.643368566955715,14.81392991772718,15.040859312390737,19.52050577466433,20.002230587298456,"|0,0>","|1,0>","|2,0>","|0,1>","|4,0>","|1,1>","|3,0>","|2,1>","|5,0>",unlabeled,"|0,2>","|6,0>"
10.0,2.5,0.101121,6.359905659677666,0.5,-0.26,-0.2981960623330906,-0.0008322476495408182,0.0008322476495408182,0.0,3.5370232547399496,6.775850447146809,10.001640806577427,13.537831813667836,22.119952805160437,0.0,3.5370232547399496,6.775850447146809,10.001097427862206,11.81125398748901,13.537831813667836,9.715307541698678,16.776426868301897,15.076224636124422,15.344884412350723,19.715323794618726,20.00231974221181,"|0,0>","|1,0>","|2,0>","|0,1>","|4,0>","|1,1>","|3,0>","|2,1>","|5,0>",unlabeled,"|0,2>","|6,0>"
10.0,2.5,0.101121,6.359905659677666,0.5,-0.25,-0.29612029378085936,-0.0007965798273801283,0.0007965798273801283,0.0,3.599368931399269,6.9026175690176785,10.001640806577427,13.600213158149316,22.119952805160437,0.0,3.599368931399269,6.9026175690176785,10.001139678698337,12.101779730535043,13.600213158149316,9.901923058471922,16.903225816343678,15.331442182087613,15.645148193959372,19.901955018541855,20.002404918904062,"|0,0>","|1,0>","|2,0>","|0,1>","|4,0>","|1,1>","|3,0>","|2,1>","|5,0>",unlabeled,"|0,2>","|6,0>"
10.0,2.5,0.101121,6.359905659677666,0.5,-0.24,-0.29432104800402215,-0.0007634761282275804,0.0007634761282275804,0.0,3.6588348198056764,7.023348591607331,10.001640806577427,13.659712150254876,22.119952805160437,0.0,3.6588348198056764,7.023348591607331,10.001180124138926,12.378112174545649,13.659712150254876,10.08042551121514,17.023990124689917,15.579133806073884,15.940795425932137,20.08047363291344,20.002486493254438,"|0,0>","|1,0>","|2,0>","|0,1>","|4,0>","|1,1>","|3,0>","|2,1>","|5,0>",unlabeled,"|0,2>","|6,0>"
10.0,2.5,0.101121,6.359905659677666,0.5,-0.22999999999999998,-0.29274997505325473,-0.000732622309612907,0.000732622309612907,0.0,3.7154927744384025,7.13823557382355,10.001640806577427,13.716400958706217,22.119952805160437,0.0,3.7154927744384025,7.13823557382355,10.001218841752973,12.64039699238461,13.716400958706217,10.250896858373167,17.13891336700887,15.818889988251641,16.23094865283845,20.250961368098004,20.002564617376052,"|0,0>","|1,0>","|2,0>","|0,1>","|4,0>","|1,1>","|3,0>","|2,1>","|5,0>",unlabeled,"|0,2>","|6,0>"
10.0,2.5,0.101121,6.359905659677666,0.5,-0.21999999999999997,-0.29136909199169736,-0.0007038200856754884,0.0007038200856754884,0.0,3.769406711700114,7.247444331408531,10.001640806577427,13.770343698191866,22.119952805160437,0.0,3.769406711700114,7.247444331408531,10.001255859219455,12.888857877188144,13.770343698191866,10.413423075778752,17.248164233796274,16.050339023797832,16.514725762155138,20.413503999772786,20.002639343277878,"|0,0>","|1,0>","|2,0>","|0,1>","|4,0>","|1,1>","|3,0>","|2,1>","|5,0>",unlabeled,"|0,2>","|6,0>"
10.0,2.5,0.101121,6.359905659677666,0.5,-0.21000000000000002,-0.2901483456669638,-0.0006769377389161946,0.0006769377389161946,0.0,3.8206335793368993,7.351118813006835,10.001640806577427,13.82159744817541,22.119952805160437,0.0,3.8206335793368993,7.351118813006835,10.001291180513391,13.1237720296363,13.82159744817541,10.568091474119214,17.35189292188018,16.27314527817809,16.79125508079109,20.568188666234875,20.00271067544483,"|0,0>","|1,0>","|2,0>","|0,1>","|4,0>","|1,1>","|3,0>","|2,1>","|5,0>",unlabeled,"|0,2>","|6,0>"
10.0,2.5,0.101121,6.359905659677666,0.5,-0.2,-0.2890637861239185,-0.000651882572839213,0.000651882572839213,0.0,3.8692241879062266,7.449384589688535,10.001640806577427,13.870213111910815,22.119952805160437,0.0,3.8692241879062266,7.449384589688535,10.001324798450185,13.345449113102518,13.870213111910815,10.714988680295534,17.450241683962787,16.48700718320663,17.059683100868156,20.71510184850439,20.00277859603412,"|0,0>","|1,0>","|2,0>","|0,1>","|4,0>","|1,1>","|3,0>","|2,1>","|5,0>",unlabeled,"|0,2>","|6,0>"
10.0,2.5,0.101121,6.359905659677666,0.5,-0.19,-0.28809619170129963,-0.0006285846305473797,0.0006285846305473797,0.0,3.9152239252895953,7.542351658877891,10.001640806577427,13.916236147236475,22.119952805160437,0.0,3.9152239252895953,7.542351658877891,10.001356701293773,13.554214032519695,13.916236147236475,10.854199151202906,17.543385095491573,16.691655051371256,17.319148843012684,20.854327882043634,20.002843078132457,"|0,0>","|1,0>","|2,0>","|0,1>","|4,0>","|1,1>","|3,0>","|2,1>","|5,0>",unlabeled,"|0,2>","|6,0>"
10.0,2.5,0.101121,6.359905659677666,0.5,-0.18,-0.28723002913262974,-0.0006069867010012331,0.0006069867010012331,0.0,3.9586733720296365,7.630116714926643,10.001640806577427,13.959707191906062,22.119952805160437,0.0,3.9586733720296365,7.630116714926643,10.001386876523298,13.750393513313227,13.959707191906062,10.98580410918953,17.6321301916644,16.88684878201211,17.568194669529774,20.985947889703084,20.002904093329846,"|0,0>","|1,0>","|2,0>","|0,1>","|4,0>","|1,1>","|3,0>","|2,1>","|5,0>",unlabeled,"|0,2>","|6,0>"
10.0,2.5,0.101121,6.359905659677666,0.5,-0.16999999999999998,-0.2864526629350337,-0.0005870379571177864,0.0005870379571177864,0.0,3.9996088323892707,7.712765001843508,10.001640806577427,14.00066260100958,22.119952805160437,0.0,3.9996088323892707,7.712765001843508,10.00141531313119,13.934306171593036,14.00066260100958,11.109880807415422,17.71258693878663,17.072375524639867,17.810103349120936,21.110039044358814,20.00296161631431,"|0,0>","|1,0>","|2,0>","|0,1>","|4,0>","|1,1>","|3,0>","|2,1>","|5,0>",unlabeled,"|0,2>","|6,0>"
10.0,2.5,0.101121,6.359905659677666,0.5,-0.15999999999999998,-0.28575375098193945,-0.0005686898354611003,0.0005686898354611003,0.0,4.038062793609285,7.7903718362366305,10.001640806577427,14.039134910351251,22.119952805160437,0.0,4.038062793609285,7.7903718362366305,10.001442003084833,14.106255595166374,14.039134910351251,11.226502049886847,17.79073535572381,17.24804735455872,18.038335507402607,21.226674086219845,20.00301562783352,"|0,0>","|1,0>","|2,0>","|0,1>","|4,0>","|1,1>","|3,0>","|2,1>","|5,0>",unlabeled,"|0,2>","|6,0>"
10.0,2.5,0.101121,6.359905659677666,0.5,-0.14999999999999997,-0.28512477986295437,-0.0005518933840846785,0.0005518933840846785,0.0,4.074064323833042,7.86300386780313,10.001640806577427,14.075153237026385,22.119952805160437,0.0,4.074064323833042,7.86300386780313,10.00146694227611,14.266525885424429,14.075153237026385,11.33573590534948,17.86350474282652,17.413699005702426,18.255452536514042,21.33592103403565,20.003066116585657,"|0,0>","|1,0>","|2,0>","|0,1>","|4,0>","|1,1>","|3,0>","|2,1>","|5,0>",unlabeled,"|0,2>","|6,0>"
10.0,2.5,0.101121,6.359905659677666,0.5,-0.14,-0.28455870556419427,-0.0005365976092264191,0.0005365976092264191,0.0,4.107639417427592,7.9307201292909895,10.001640806577427,14.108743626395793,22.119952805160437,0.0,4.107639417427592,7.9307201292909895,10.001490131135029,14.41537911647616,14.108743626395793,11.437645566292034,17.931287907664256,17.569185695807278,18.460602608691687,21.437843041614272,20.003113080472687,"|0,0>","|1,0>","|2,0>","|0,1>","|4,0>","|1,1>","|3,0>","|2,1>","|5,0>",unlabeled,"|0,2>","|6,0>"
10.0,2.5,0.101121,6.359905659677666,0.5,-0.13,-0.2840496740346623,-0.0005227485593479742,0.0005227485593479742,0.0,4.138811295035879,7.993572916037095,10.001640806577427,14.139929353053958,22.119952805160437,0.0,4.138811295035879,7.993572916037095,10.00151157496542,14.55305422101074,14.139929353053958,11.53228931438693,17.994182261016235,17.71438107007232,18.653278409751124,21.532498361004443,20.00315652726077,"|0,0>","|1,0>","|2,0>","|0,1>","|4,0>","|1,1>","|3,0>","|2,1>","|5,0>",unlabeled,"|0,2>","|6,0>"
10.0,2.5,0.101121,6.359905659677666,0.5,-0.12,-0.28359280258354147,-0.0005102889943060518,0.0005102889943060518,0.0,4.167600664497982,8.051608526412423,10.001640806577427,14.168731182081103,22.119952805160437,0.0,4.167600664497982,8.051608526412423,10.001531284032211,14.679766888404686,14.168731182081103,11.619720561944746,18.052247127384774,17.849175281760424,18.83305766902268,21.61994038193872,20.00319647478956,"|0,0>","|1,0>","|2,0>","|0,1>","|4,0>","|1,1>","|3,0>","|2,1>","|5,0>",unlabeled,"|0,2>","|6,0>"
10.0,2.5,0.101121,6.359905659677666,0.5,-0.10999999999999999,-0.2831840078559651,-0.0004991585019382683,0.0004991585019382683,0.0,4.194025947763038,8.10486788767011,10.001640806577427,14.195167595838527,22.119952805160437,0.0,4.194025947763038,8.10486788767011,10.001549273450962,14.795710141977963,14.195167595838527,11.699987945624528,18.105528605791932,17.973473221518233,18.99957549523951,21.700217723806702,20.003232950732837,"|0,0>","|1,0>","|2,0>","|0,1>","|4,0>","|1,1>","|3,0>","|2,1>","|5,0>",unlabeled,"|0,2>","|6,0>"
10.0,2.5,0.101121,6.359905659677666,0.5,-0.09999999999999998,-0.2828198697535953,-0.0004892940381324706,0.0004892940381324706,0.0,4.218103478152642,8.153387086551689,10.001640806577427,14.219254990691937,22.119952805160437,0.0,4.218103478152642,8.153387086551689,10.001565562824482,14.901055338483147,14.219254990691937,11.773135453988118,18.154065254195885,18.087192901742014,19.152515518573864,21.7733743617909,20.003265991907227,"|0,0>","|1,0>","|2,0>","|0,1>","|4,0>","|1,1>","|3,0>","|2,1>","|5,0>",unlabeled,"|0,2>","|6,0>"
10.0,2.5,0.101121,6.359905659677666,0.5,-0.08999999999999997,-0.28249752316223464,-0.0004806307710651936,0.0004806307710651936,0.0,4.239847671555097,8.19719781994796,10.001640806577427,14.241007847361459,22.119952805160437,0.0,4.239847671555097,8.19719781994796,10.00158017569484,14.995953398801745,14.241007847361459,11.839202574767427,18.197890105710997,18.190263997991934,19.291604541564396,21.839449772945812,20.003295643155838,"|0,0>","|1,0>","|2,0>","|0,1>","|4,0>","|1,1>","|3,0>","|2,1>","|5,0>",unlabeled,"|0,2>","|6,0>"
10.0,2.5,0.101121,6.359905659677666,0.5,-0.08000000000000002,-0.28221457145626516,-0.00047310323222404804,0.00047310323222404804,0.0,4.2592711746362255,8.236327777816186,10.001640806577427,14.260438877981429,22.119952805160437,0.0,4.2592711746362255,8.236327777816186,10.001593138751119,15.080536132311948,14.260438877981429,11.898224450973345,18.237031639958232,18.282626546035956,19.41660823460684,21.89847909145631,20.003321955801354,"|0,0>","|1,0>","|2,0>","|0,1>","|4,0>","|1,1>","|3,0>","|2,1>","|5,0>",unlabeled,"|0,2>","|6,0>"
10.0,2.5,0.101121,6.359905659677666,0.5,-0.07,-0.2819690170936582,-0.0004666466876983577,0.0004666466876983577,0.0,4.276384992587609,8.27080096808156,10.001640806577427,14.277559152477338,22.119952805160437,0.0,4.276384992587609,8.27080096808156,10.001604480858305,15.154917559262529,14.277559152477338,11.950232037656846,18.271514363453733,18.364229790728402,19.527327340017862,21.95049326475116,20.00334498568914,"|0,0>","|1,0>","|2,0>","|0,1>","|4,0>","|1,1>","|3,0>","|2,1>","|5,0>",unlabeled,"|0,2>","|6,0>"
10.0,2.5,0.101121,6.359905659677666,0.5,-0.06,-0.28175920584908454,-0.00046119866613025806,0.00046119866613025806,0.0,4.2911985985646055,8.300637991280126,10.001640806577427,14.292378206475902,22.119952805160437,0.0,4.2911985985646055,8.300637991280126,10.001614231912697,15.21919516684072,14.292378206475902,11.995252253105832,18.30135920747412,18.43503118120094,19.623594262198793,21.99551920432114,20.00336479092391,"|0,0>","|1,0>","|2,0>","|0,1>","|4,0>","|1,1>","|3,0>","|2,1>","|5,0>",unlabeled,"|0,2>","|6,0>"
10.0,2.5,0.101121,6.359905659677666,0.5,-0.04999999999999999,-0.28158378201192136,-0.00045670058923974466,0.00045670058923974466,0.0,4.303720026599976,8.32585627118803,10.001640806577427,14.304904132588163,22.119952805160437,0.0,4.303720026599976,8.32585627118803,10.001622421573146,15.27345105746555,14.304904132588163,12.033308119834231,18.326583823000476,18.494995505897563,19.705270026127693,22.033579926511493,20.0033814293366,"|0,0>","|1,0>","|2,0>","|0,1>","|4,0>","|1,1>","|3,0>","|2,1>","|5,0>",unlabeled,"|0,2>","|6,0>"
10.0,2.5,0.101121,6.359905659677666,0.5,-0.03999999999999998,-0.2814416525479686,-0.0004530994167026847,0.0004530994167026847,0.0,4.313955949448555,8.346470246349142,10.001640806577427,14.31514365660928,22.119952805160437,0.0,4.313955949448555,8.346470246349142,10.001629077938375,15.317752963898187,14.31514365660928,12.064418891878404,18.34720280799658,18.544094160576577,19.77224161278677,22.06469467978404,20.003394955836754,"|0,0>","|1,0>","|2,0>","|0,1>","|4,0>","|1,1>","|3,0>","|2,1>","|5,0>",unlabeled,"|0,2>","|6,0>"
10.0,2.5,0.101121,6.359905659677666,0.5,-0.02999999999999997,-0.28133195873574834,-0.00045034921704711905,0.00045034921704711905,0.0,4.321911742573164,8.36249152641058,10.001640806577427,14.323102199933544,22.119952805160437,0.0,4.321911742573164,8.36249152641058,10.00163422621415,15.35215511670448,14.323102199933544,12.088600165862744,18.36322788458112,18.582304542465153,19.82441968449669,22.088879055857745,20.003405419771326,"|0,0>","|1,0>","|2,0>","|0,1>","|4,0>","|1,1>","|3,0>","|2,1>","|5,0>",unlabeled,"|0,2>","|6,0>"
10.0,2.5,0.101121,6.359905659677666,0.5,-0.020000000000000018,-0.28125405420263405,-0.00044841260992711796,0.00044841260992711796,0.0,4.3275915352647445,8.373929016326855,10.001640806577427,14.328783929232245,22.119952805160437,0.0,4.3275915352647445,8.373929016326855,10.001637887481422,15.376698956666061,14.328783929232245,12.105863973936792,18.37466803577084,18.60960956420925,19.861736711448273,22.10614508282599,20.00341286247631,"|0,0>","|1,0>","|2,0>","|0,1>","|4,0>","|1,1>","|3,0>","|2,1>","|5,0>",unlabeled,"|0,2>","|6,0>"
10.0,2.5,0.101121,6.359905659677666,0.5,-0.010000000000000009,-0.28120748854017563,-0.0004472619650073284,0.0004472619650073284,0.0,4.330998249644111,8.380789010748046,10.001640806577427,14.33219179425653,22.119952805160437,0.0,4.330998249644111,8.380789010748046,10.001640077641909,15.39141368907815,14.33219179425653,12.11621885729565,18.3815296075565,18.625997282046356,19.88414550768546,22.116501298795285,20.00341731514139,"|0,0>","|1,0>","|2,0>","|0,1>","|4,0>","|1,1>","|3,0>","|2,1>","|5,0>",unlabeled,"|0,2>","|6,0>"
10.0,2.5,0.101121,6.359905659677666,0.5,0.0,-0.2811919959388831,-0.0004468803233521612,0.0004468803233521612,0.0,4.332133628104273,8.383075260269663,10.001640806577427,14.333327554358348,22.119952805160437,0.0,4.332133628104273,8.383075260269663,10.001640806577427,15.39631667917621,14.333327554358348,12.119669919239314,18.383816379708634,18.631460633616214,19.891618182070346,22.119952805160437,20.00341879716683,"|0,0>","|1,0>","|2,0>","|0,1>","|4,0>","|1,1>","|3,0>","|2,1>","|5,0>",unlabeled,"|0,2>","|6,0>"
10.0,2.5,0.101121,6.359905659677666,0.5,0.010000000000000009,-0.28120748853507394,-0.00044726196476574387,0.00044726196476574387,0.0,4.3309982496417945,8.380789010748515,10.001640806577427,14.332191794254456,22.119952805160437,0.0,4.3309982496417945,8.380789010748515,10.001640077641724,15.391413689077169,14.332191794254456,12.116218857295465,18.381529607554768,18.62599728204752,19.884145507686,22.116501298795228,20.003417315141363,"|0,0>","|1,0>","|2,0>","|0,1>","|4,0>","|1,1>","|3,0>","|2,1>","|5,0>",unlabeled,"|0,2>","|6,0>"
10.0,2.5,0.101121,6.359905659677666,0.5,0.020000000000000018,-0.28125405420288985,-0.00044841261036765445,0.00044841261036765445,0.0,4.327591535265114,8.373929016327338,10.001640806577427,14.328783929232173,22.119952805160437,0.0,4.327591535265114,8.373929016327338,10.001637887481934,15.376698956665749,14.328783929232173,12.105863973939265,18.374668035772928,18.609609564209535,19.86173671144934,22.106145082826828,20.00341286247641,"|0,0>","|1,0>","|2,0>","|0,1>","|4,0>","|1,1>","|3,0>","|2,1>","|5,0>",unlabeled,"|0,2>","|6,0>"
10.0,2.5,0.101121,6.359905659677666,0.5,0.030000000000000027,-0.28133195873536465,-0.0004503492183545177,0.0004503492183545177,0.0,4.321911742572468,8.36249152640957,10.001640806577427,14.32310219993154,22.119952805160437,0.0,4.321911742572468,8.36249152640957,10.001634226213582,15.352155116702377,14.32310219993154,12.088600165862573,18.363227884579956,18.582304542465153,19.82441968449733,22.088879055861,20.003405419771767,"|0,0>","|1,0>","|2,0>","|0,1>","|4,0>","|1,1>","|3,0>","|2,1>","|5,0>",unlabeled,"|0,2>","|6,0>"
10.0,2.5,0.101121,6.359905659677666,0.5,0.040000000000000036,-0.28144165254670384,-0.00045309941754112515,0.00045309941754112515,0.0,4.313955949447745,8.346470246348787,10.001640806577427,14.315143656607631,22.119952805160437,0.0,4.313955949447745,8.346470246348787,10.00162907793856,15.317752963897732,14.315143656607631,12.064418891879882,18.347202807997206,18.54409416057659,19.772241612785862,22.064694679784466,20.00339495583573,"|0,0>","|1,0>","|2,0>","|0,1>","|4,0>","|1,1>","|3,0>","|2,1>","|5,0>",unlabeled,"|0,2>","|6,0>"
10.0,2.5,0.101121,6.359905659677666,0.5,0.050000000000000044,-0.28158378201311507,-0.0004567005909876798,0.0004567005909876798,0.0,4.303720026600828,8.325856271188542,10.001640806577427,14.304904132587268,22.119952805160437,0.0,4.303720026600828,8.325856271188542,10.001622421573927,15.273451057465323,14.304904132587268,12.03330811983463,18.326583823001855,18.49499550589789,19.705270026128048,22.03357992651148,20.003381429337807,"|0,0>","|1,0>","|2,0>","|0,1>","|4,0>","|1,1>","|3,0>","|2,1>","|5,0>",unlabeled,"|0,2>","|6,0>"
10.0,2.5,0.101121,6.359905659677666,0.5,0.06000000000000005,-0.2817592058484877,-0.0004611986662723666,0.0004611986662723666,0.0,4.29119859856408,8.300637991279672,10.001640806577427,14.292378206475234,22.119952805160437,0.0,4.29119859856408,8.300637991279672,10.00161423191308,15.219195166840265,14.292378206475234,11.995252253106358,18.301359207474547,18.435031181201666,19.623594262198523,21.995519204322775,20.003364790925744,"|0,0>","|1,0>","|2,0>","|0,1>","|4,0>","|1,1>","|3,0>","|2,1>","|5,0>",unlabeled,"|0,2>","|6,0>"
10.0,2.5,0.101121,6.359905659677666,0.5,0.07000000000000006,-0.28196901709047495,-0.000466646687769412,0.000466646687769412,0.0,4.276384992585577,8.270800968080678,10.001640806577427,14.277559152475234,22.119952805160437,0.0,4.276384992585577,8.270800968080678,10.001604480858632,15.154917559260696,14.277559152475234,11.950232037655908,18.271514363454045,18.36422979072887,19.52732734001762,21.950493264748843,20.00334498568978,"|0,0>","|1,0>","|2,0>","|0,1>","|4,0>","|1,1>","|3,0>","|2,1>","|5,0>",unlabeled,"|0,2>","|6,0>"
10.0,2.5,0.101121,6.359905659677666,0.5,0.07999999999999996,-0.282214571454233,-0.0004731032318545658,0.0004731032318545658,0.0,4.259271174635401,8.23632777781657,10.001640806577427,14.260438877980974,22.119952805160437,0.0,4.259271174635401,8.23632777781657,10.001593138751403,15.080536132311622,14.260438877980974,11.898224450973856,18.237031639959397,18.282626546036525,19.416608234608503,21.898479091456892,20.00332195580313,"|0,0>","|1,0>","|2,0>","|0,1>","|4,0>","|1,1>","|3,0>","|2,1>","|5,0>",unlabeled,"|0,2>","|6,0>"
10.0,2.5,0.101121,6.359905659677666,0.5,0.08999999999999997,-0.2824975231620357,-0.00048063077079518735,0.00048063077079518735,0.0,4.239847671555111,8.197197819948187,10.001640806577427,14.241007847361743,22.119952805160437,0.0,4.239847671555111,8.197197819948187,10.001580175695679,14.995953398801888,14.241007847361743,11.839202574768834,18.19789010571283,18.190263997991167,19.291604541563032,21.839449772945443,20.00329564315632,"|0,0>","|1,0>","|2,0>","|0,1>","|4,0>","|1,1>","|3,0>","|2,1>","|5,0>",unlabeled,"|0,2>","|6,0>"
10.0,2.5,0.101121,6.359905659677666,0.5,0.09999999999999998,-0.28281986975352424,-0.0004892940399798817,0.0004892940399798817,0.0,4.218103478153026,8.153387086552527,10.001640806577427,14.219254990690473,22.119952805160437,0.0,4.218103478153026,8.153387086552527,10.001565562825576,14.901055338482166,14.219254990690473,11.773135453987408,18.15406525419712,18.0871929017422,19.152515518575242,21.773374361790886,20.003265991906872,"|0,0>","|1,0>","|2,0>","|0,1>","|4,0>","|1,1>","|3,0>","|2,1>","|5,0>",unlabeled,"|0,2>","|6,0>"
10.0,2.5,0.101121,6.359905659677666,0.5,0.10999999999999999,-0.2831840078556098,-0.0004991585041977942,0.0004991585041977942,0.0,4.194025947763635,8.10486788767166,10.001640806577427,14.195167595836864,22.119952805160437,0.0,4.194025947763635,8.10486788767166,10.00154927345099,14.795710141975945,14.195167595836864,11.699987945623974,18.105528605793012,17.973473221518177,18.99957549523924,21.700217723809004,20.003232950733008,"|0,0>","|1,0>","|2,0>","|0,1>","|4,0>","|1,1>","|3,0>","|2,1>","|5,0>",unlabeled,"|0,2>","|6,0>"
10.0,2.5,0.101121,6.359905659677666,0.5,0.12,-0.283592802581623,-0.0005102889939365696,0.0005102889939365696,0.0,4.1676006644978685,8.051608526414114,10.001640806577427,14.168731182081359,22.119952805160437,0.0,4.1676006644978685,8.051608526414114,10.001531284034286,14.679766888404913,14.168731182081359,11.619720561945755,18.052247127386167,17.849175281760722,18.833057669023646,21.619940381938747,20.00319647478939,"|0,0>","|1,0>","|2,0>","|0,1>","|4,0>","|1,1>","|3,0>","|2,1>","|5,0>",unlabeled,"|0,2>","|6,0>"
10.0,2.5,0.101121,6.359905659677666,0.5,0.13,-0.28404967403614023,-0.000522748559561137,0.000522748559561137,0.0,4.138811295037172,7.993572916038204,10.001640806577427,14.139929353055038,22.119952805160437,0.0,4.138811295037172,7.993572916038204,10.001511574965818,14.553054221010328,14.139929353055038,11.532289314387228,17.994182261017073,17.714381070072392,18.653278409751337,21.532498361006077,20.003156527261268,"|0,0>","|1,0>","|2,0>","|0,1>","|4,0>","|1,1>","|3,0>","|2,1>","|5,0>",unlabeled,"|0,2>","|6,0>"
10.0,2.5,0.101121,6.359905659677666,0.5,0.14,-0.284558705564379,-0.0005365976093685276,0.0005365976093685276,0.0,4.107639417428132,7.930720129291885,10.001640806577427,14.10874362639619,22.119952805160437,0.0,4.107639417428132,7.930720129291885,10.001490131136634,14.415379116477197,14.10874362639619,11.437645566291906,17.931287907664313,17.56918569580732,18.46060260869193,21.437843041614045,20.003113080472716,"|0,0>","|1,0>","|2,0>","|0,1>","|4,0>","|1,1>","|3,0>","|2,1>","|5,0>",unlabeled,"|0,2>","|6,0>"
10.0,2.5,0.101121,6.359905659677666,0.5,0.15000000000000002,-0.28512477986295437,-0.0005518933843688956,0.0005518933843688956,0.0,4.074064323833184,7.863003867803414,10.001640806577427,14.075153237026242,22.119952805160437,0.0,4.074064323833184,7.863003867803414,10.00146694227584,14.266525885423462,14.075153237026242,11.335735905349182,17.863504742826393,17.413699005702497,18.255452536513815,21.335921034034186,20.00306611658516,"|0,0>","|1,0>","|2,0>","|0,1>","|4,0>","|1,1>","|3,0>","|2,1>","|5,0>",unlabeled,"|0,2>","|6,0>"
10.0,2.5,0.101121,6.359905659677666,0.5,0.16000000000000003,-0.2857537509821526,-0.0005686898350205638,0.0005686898350205638,0.0,4.038062793609527,7.7903718362369005,10.001640806577427,14.039134910351933,22.119952805160437,0.0,4.038062793609527,7.7903718362369005,10.001442003084065,14.10625559516376,14.039134910351933,11.226502049887259,17.7907353557233,17.248047354557755,18.0383355074012,21.22667408622003,20.00301562783234,"|0,0>","|1,0>","|2,0>","|0,1>","|4,0>","|1,1>","|3,0>","|2,1>","|5,0>",unlabeled,"|0,2>","|6,0>"
10.0,2.5,0.101121,6.359905659677666,0.5,0.17000000000000004,-0.28645266293590055,-0.0005870379573735818,0.0005870379573735818,0.0,3.9996088323902086,7.712765001844517,10.001640806577427,14.000662601010262,22.119952805160437,0.0,3.9996088323902086,7.712765001844517,10.001415313132583,13.934306171593718,14.000662601010262,11.109880807416602,17.712586938788235,17.072375524642013,17.810103349121107,21.110039044361685,20.002961616316867,"|0,0>","|1,0>","|2,0>","|0,1>","|4,0>","|1,1>","|3,0>","|2,1>","|5,0>",unlabeled,"|0,2>","|6,0>"
10.0,2.5,0.101121,6.359905659677666,0.5,0.18000000000000005,-0.2872300291335108,-0.0006069867011007091,0.0006069867011007091,0.0,3.9586733720288834,7.630116714924256,10.001640806577427,13.95970719190521,22.119952805160437,0.0,3.9586733720288834,7.630116714924256,10.00138687652327,13.750393513312119,13.95970719190521,10.98580410919027,17.63213019166311,16.886848782011484,17.568194669528836,20.985947889702544,20.00290409332939,"|0,0>","|1,0>","|2,0>","|0,1>","|4,0>","|1,1>","|3,0>","|2,1>","|5,0>",unlabeled,"|0,2>","|6,0>"
10.0,2.5,0.101121,6.359905659677666,0.5,0.19000000000000006,-0.28809619170131384,-0.0006285846298368369,0.0006285846298368369,0.0,3.9152239252891974,7.542351658877081,10.001640806577427,13.916236147236788,22.119952805160437,0.0,3.9152239252891974,7.542351658877081,10.001356701292792,13.554214032520036,13.916236147236788,10.854199151203417,17.543385095491274,16.691655051369736,17.319148843012215,20.85432788204514,20.00284307813152,"|0,0>","|1,0>","|2,0>","|0,1>","|4,0>","|1,1>","|3,0>","|2,1>","|5,0>",unlabeled,"|0,2>","|6,0>"
10.0,2.5,0.101121,6.359905659677666,0.5,0.20000000000000007,-0.28906378612755645,-0.0006518825728960564,0.0006518825728960564,0.0,3.869224187907122,7.449384589686687,10.001640806577427,13.870213111911653,22.119952805160437,0.0,3.869224187907122,7.449384589686687,10.00132479844983,13.345449113103598,13.870213111911653,10.714988680297111,17.4502416839629,16.48700718320741,17.059683100868682,20.715101848506137,20.00277859603385,"|0,0>","|1,0>","|2,0>","|0,1>","|4,0>","|1,1>","|3,0>","|2,1>","|5,0>",unlabeled,"|0,2>","|6,0>"
10.0,2.5,0.101121,6.359905659677666,0.5,0.20999999999999996,-0.29014834567151127,-0.0006769377413036182,0.0006769377413036182,0.0,3.8206335793385477,7.351118813005584,10.001640806577427,13.821597448174671,22.119952805160437,0.0,3.8206335793385477,7.351118813005584,10.001291180512254,13.123772029635276,13.821597448174671,10.568091474118859,17.35189292187998,16.273145278176926,16.79125508079113,20.56818866623415,20.002710675444305,"|0,0>","|1,0>","|2,0>","|0,1>","|4,0>","|1,1>","|3,0>","|2,1>","|5,0>",unlabeled,"|0,2>","|6,0>"
10.0,2.5,0.101121,6.359905659677666,0.5,0.21999999999999997,-0.2913690919939427,-0.0007038200851354759,0.0007038200851354759,0.0,3.7694067117002987,7.247444331406655,10.001640806577427,13.77034369819259,22.119952805160437,0.0,3.7694067117002987,7.247444331406655,10.001255859218404,12.888857877189366,13.77034369819259,10.413423075778752,17.248164233797,16.050339023798102,16.514725762155607,20.413503999770654,20.0026393432764,"|0,0>","|1,0>","|2,0>","|0,1>","|4,0>","|1,1>","|3,0>","|2,1>","|5,0>",unlabeled,"|0,2>","|6,0>"
10.0,2.5,0.101121,6.359905659677666,0.5,0.22999999999999998,-0.2927499750563527,-0.000732622312057174,0.000732622312057174,0.0,3.7154927744393547,7.138235573822357,10.001640806577427,13.716400958704725,22.119952805160437,0.0,3.7154927744393547,7.138235573822357,10.001218841752149,12.64039699238461,13.716400958704725,10.2508968583724,17.138913367009593,15.818889988251996,16.23094865284004,20.250961368099084,20.00256461737588,"|0,0>","|1,0>","|2,0>","|0,1>","|4,0>","|1,1>","|3,0>","|2,1>","|5,0>",unlabeled,"|0,2>","|6,0>"
10.0,2.5,0.101121,6.359905659677666,0.5,0.24,-0.2943210480029421,-0.0007634761278580982,0.0007634761278580982,0.0,3.658834819804966,7.0233485916069895,10.001640806577427,13.659712150254535,22.119952805160437,0.0,3.658834819804966,7.0233485916069895,10.001180124139623,12.378112174546104,13.659712150254535,10.080425511215736,17.023990124692062,15.579133806074452,15.940795425933473,20.080473632915897,20.002486493255248,"|0,0>","|1,0>","|2,0>","|0,1>","|4,0>","|1,1>","|3,0>","|2,1>","|5,0>",unlabeled,"|0,2>","|6,0>"
10.0,2.5,0.101121,6.359905659677666,0.5,0.25,-0.29612029378137095,-0.0007965798274938152,0.0007965798274938152,0.0,3.599368931398402,6.902617569015433,10.001640806577427,13.600213158148335,22.119952805160437,0.0,3.599368931398402,6.902617569015433,10.00113967869703,12.101779730535256,13.600213158148335,9.9019230584708,16.90322581634487,15.331442182086533,15.645148193960381,19.901955018542907,20.00240491890608,"|0,0>","|1,0>","|2,0>","|0,1>","|4,0>","|1,1>","|3,0>","|2,1>","|5,0>",unlabeled,"|0,2>","|6,0>"
10.0,2.5,0.101121,6.359905659677666,0.5,0.26,-0.29819606233471063,-0.0008322476495266073,0.0008322476495266073,0.0,3.537023254739381,6.775850447144052,10.001640806577427,13.537831813667282,22.119952805160437,0.0,3.537023254739381,6.775850447144052,10.001097427860671,11.811253987487433,13.537831813667282,9.715307541698124,16.776426868303687,15.076224636122959,15.344884412349643,19.715323794617333,20.002319742211867,"|0,0>","|1,0>","|2,0>","|0,1>","|4,0>","|1,1>","|3,0>","|2,1>","|5,0>",unlabeled,"|0,2>","|6,0>"
10.0,2.5,0.101121,6.359905659677666,0.5,0.27,-0.3006103340346158,-0.0008710043182986738,0.0008710043182986738,0.0,3.471716865094294,6.642823396153972,10.001640806577427,13.472486667353422,22.119952805160437,0.0,3.471716865094294,6.642823396153972,10.001053182661366,11.506494512079868,13.472486667353422,9.520504519928735,16.64336856695776,14.813929917727293,15.040859312392001,19.520505774666717,20.002230587298484,"|0,0>","|1,0>","|2,0>","|0,1>","|4,0>","|1,1>","|3,0>","|2,1>","|5,0>",unlabeled,"|0,2>","|6,0>"
10.0,2.5,0.101121,6.359905659677666,0.5,0.28,-0.3034431001139808,-0.0009137818982765111,0.0009137818982765111,0.0,3.4033584437753746,6.503273787436768,10.001640806577427,13.404085468454525,22.119952805160437,0.0,3.4033584437753746,6.503273787436768,10.001006473175778,11.187594978428663,13.404085468454525,9.317451563502473,16.503787720406194,14.545047053017413,14.73388832223931,19.317438806330415,20.002136513348518,"|0,0>","|1,0>","|2,0>","|0,1>","|4,0>","|1,1>","|3,0>","|2,1>","|5,0>",unlabeled,"|0,2>","|6,0>"
10.0,2.5,0.101121,6.359905659677666,0.5,0.29000000000000004,-0.3067982477392803,-0.000962377195122599,0.000962377195122599,0.0,3.3318447301140424,6.356891212488804,10.001640806577427,13.332523159496347,22.119952805160437,0.0,3.3318447301140424,6.356891212488804,10.000955956381972,10.854812727527005,13.332523159496347,9.10610393942973,16.357373527486033,14.27010609417826,14.424731603380607,19.10607845058135,20.002034820843647,"|0,0>","|1,0>","|2,0>","|0,1>","|4,0>","|1,1>","|3,0>","|2,1>","|5,0>",unlabeled,"|0,2>","|6,0>"
10.0,2.5,0.101121,6.359905659677666,0.5,0.30000000000000004,-0.31081145533492816,-0.0010206864911594948,0.0010206864911594948,0.0,3.257058712869622,6.203305970404315,10.001640806577427,13.25767883295589,22.119952805160437,0.0,3.257058712869622,6.203305970404315,10.000896295584852,10.508600036381338,13.25767883295589,8.886441705399818,16.203755984719706,13.989679019556505,14.114082646399964,18.88640506668726,20.00191473707706,"|0,0>","|1,0>","|2,0>","|0,1>","|4,0>","|1,1>","|3,0>","|2,1>","|5,0>",unlabeled,"|0,2>","|6,0>"
10.0,2.5,0.101121,6.359905659677666,0.5,0.31000000000000005,-0.31566073396241734,-0.001098867897155742,0.001098867897155742,0.0,3.1788675234005552,6.042074312838693,10.001640806577427,13.179409462080827,22.119952805160437,0.0,3.1788675234005552,6.042074312838693,10.000768834901976,10.149680241344257,13.179409462080827,8.658478445044864,16.042491083479405,13.704382900880901,13.802562452009894,18.658432535555733,20.001656012432875,"|0,0>","|1,0>","|2,0>","|0,1>","|4,0>","|1,1>","|3,0>","|2,1>","|5,0>",unlabeled,"|0,2>","|6,0>"
10.0,2.5,0.101121,6.359905659677666,0.5,0.32000000000000006,-0.32158036095970033,-0.0012338104418176954,0.0012338104418176954,0.0,3.0971199955677946,5.872659630175889,10.001640806577427,13.097526991703404,22.119952805160437,0.0,3.0971199955677946,5.872659630175889,10.000909662310079,9.778625440075771,13.097526991703404,8.422271887902625,15.873041965273032,13.414898738452408,13.490720142169863,18.422218865217943,19.777043077291907,"|0,0>","|1,0>","|2,0>","|0,1>","|4,0>","|1,1>","|3,0>","|2,1>","|5,0>",unlabeled,"|0,2>","|6,0>"
10.0,2.5,0.101121,6.359905659677666,0.5,0.33000000000000007,-0.32887896330592525,-0.0017392260491817524,0.0017392260491817524,0.0,3.011643868553051,5.694408773800177,10.001640806577427,13.011545449081297,22.119952805160437,0.0,3.011643868553051,5.694408773800177,10.000812289101788,9.397119784933324,13.011545449081297,8.177936664397635,15.69475522371043,13.122219383711212,13.179040028004763,18.177878929740885,19.395948180485064,"|0,0>","|1,0>","|2,0>","|0,1>","|4,0>","|1,1>","|3,0>","|2,1>","|5,0>",unlabeled,"|0,2>","|6,0>"
10.0,2.5,0.101121,6.359905659677666,0.5,0.33999999999999997,-0.33796224352349213,-0.0002584803457779117,0.0002584803457779117,0.0,2.922242636058911,5.50652302859433,10.001640806577427,12.92362496229056,22.119952805160437,0.0,2.922242636058911,5.50652302859433,10.000750977307646,9.006364199379831,12.92362496229056,7.925659452147869,15.50683186627036,12.82469988147713,12.867954401818253,17.92559959924712,19.00540770691775,"|0,0>","|1,0>","|2,0>","|0,1>","|4,0>","|1,1>","|3,0>","|2,1>","|5,0>",unlabeled,"|0,2>","|6,0>"
10.0,2.5,0.101121,6.359905659677666,0.5,0.35,-0.3493599433578396,-0.0008392955850240469,0.0008392955850240469,0.0,2.8286921023403835,5.308024261322927,10.001640806577427,12.829493613332787,22.119952805160437,0.0,2.8286921023403835,5.308024261322927,10.000694953732676,8.608193929560116,12.829493613332787,7.665716782099921,15.308293465203164,12.527129732291101,12.55786080421872,17.665657531378244,18.607380694726416,"|0,0>","|1,0>","|2,0>","|0,1>","|4,0>","|1,1>","|3,0>","|2,1>","|5,0>",unlabeled,"|0,2>","|6,0>"
10.0,2.5,0.101121,6.359905659677666,0.5,0.36,-0.3637544571572704,-0.000982892082276976,0.000982892082276976,0.0,2.7307368165143373,5.097719175871404,10.001640806577427,12.731394731009487,22.119952805160437,0.0,2.7307368165143373,5.097719175871404,10.000640302284296,8.204781989152892,12.731394731009487,7.398495804523634,15.0979464377546,12.227780207271493,12.249142359635485,17.398439926124396,18.204079148140764,"|0,0>","|1,0>","|2,0>","|0,1>","|4,0>","|1,1>","|3,0>","|2,1>","|5,0>",unlabeled,"|0,2>","|6,0>"
10.0,2.5,0.101121,6.359905659677666,0.5,0.37,-0.3820040069090851,-0.0010665933218234613,0.0010665933218234613,0.0,2.628086764858608,4.874169522808131,10.001640806577427,12.628660978114212,22.119952805160437,0.0,2.628086764858608,4.874169522808131,10.000585965526781,7.798697492963356,12.628660978114212,7.12451838831403,14.87435231865048,11.927826571586877,11.94219000226309,17.124468618728216,17.79808929612058,"|0,0>","|1,0>","|2,0>","|0,1>","|4,0>","|1,1>","|3,0>","|2,1>","|5,0>",unlabeled,"|0,2>","|6,0>"
10.0,2.5,0.101121,6.359905659677666,0.5,0.38,-0.4051452777624718,-0.0011305813603712522,0.0011305813603712522,0.0,2.5204150836278387,4.635684889493206,10.001640806577427,12.520925308844895,22.119952805160437,0.0,2.5204150836278387,4.635684889493206,10.000531571117705,7.392928424160232,12.520925308844895,6.844469079327354,14.635820671759376,11.628137103472525,11.63742600303297,16.844428036851554,17.3924077101465,"|0,0>","|1,0>","|2,0>","|0,1>","|4,0>","|1,1>","|3,0>","|2,1>","|5,0>",unlabeled,"|0,2>","|6,0>"
10.0,2.5,0.101121,6.359905659677666,0.5,0.39,-0.4343486808637351,-0.0011855156261191269,0.0011855156261191269,0.0,2.4073582534301607,4.380367825996586,10.001640806577427,12.407813544381469,22.119952805160437,0.0,2.4073582534301607,4.380367825996586,10.000476960733437,6.990864227383383,12.407813544381469,6.5592277437300055,14.380454411937592,11.329587380258445,11.335329142798784,16.559197846833456,16.990428217112424,"|0,0>","|1,0>","|2,0>","|0,1>","|4,0>","|1,1>","|3,0>","|2,1>","|5,0>",unlabeled,"|0,2>","|6,0>"
10.0,2.5,0.101121,6.359905659677666,0.5,0.4,-0.4707878044693956,-0.001235289245300919,0.001235289245300919,0.0,2.2885215100711918,4.106255215672988,10.001640806577427,12.288927027403318,22.119952805160437,0.0,2.2885215100711918,4.106255215672988,10.000422007208925,6.596203101414304,12.288927027403318,6.269908310161156,14.106291430873881,11.033096791814032,11.036463252955969,16.269891700479775,16.595850783358372,"|0,0>","|1,0>","|2,0>","|0,1>","|4,0>","|1,1>","|3,0>","|2,1>","|5,0>",unlabeled,"|0,2>","|6,0>"
10.0,2.5,0.101121,6.359905659677666,0.5,0.41000000000000003,-0.5153856354876609,-0.0012815091973550352,0.0012815091973550352,0.0,2.163494554240472,3.8116034729932835,10.001640806577427,12.163853851620544,22.119952805160437,0.0,2.163494554240472,3.8116034729932835,10.00036640623938,6.212748884397058,12.163853851620544,5.977906217310036,13.811590022214574,10.739658248142817,10.741513032067374,15.977904685618057,16.212479030613054,"|0,0>","|1,0>","|2,0>","|0,1>","|4,0>","|1,1>","|3,0>","|2,1>","|5,0>",unlabeled,"|0,2>","|6,0>"
10.0,2.5,0.101121,6.359905659677666,0.5,0.42000000000000004,-0.568434831093839,-0.0013247908992752855,0.0013247908992752855,0.0,2.031887060718404,3.4953392903429688,10.001640806577427,12.032203076396556,22.119952805160437,0.0,2.031887060718404,3.4953392903429688,10.000308892354298,5.844098148791218,12.032203076396556,5.684959740601371,13.495279649083614,10.450383896116747,10.451335197055684,15.684974651012197,15.843907745656168,"|0,0>","|1,0>","|2,0>","|0,1>","|4,0>","|1,1>","|3,0>","|2,1>","|5,0>",unlabeled,"|0,2>","|6,0>"
10.0,2.5,0.101121,6.359905659677666,0.5,0.43000000000000005,-0.6291686739847222,-0.0013652193941311452,0.0013652193941311452,0.0,1.893402120490265,3.1576355669958076,10.001640806577427,11.893677707673561,22.119952805160437,0.0,1.893402120490265,3.1576355669958076,10.000238766020715,5.493301535028735,11.893677707673561,5.393236253111127,13.157536500797889,10.166583970690155,10.167047024059556,15.393268459305503,15.493184819372274,"|0,0>","|1,0>","|2,0>","|0,1>","|4,0>","|1,1>","|3,0>","|2,1>","|5,0>",unlabeled,"|0,2>","|6,0>"
10.0,2.5,0.101121,6.359905659677666,0.5,0.44000000000000006,-0.6954473400376742,-0.001402535940272287,0.001402535940272287,0.0,1.7479836049850945,2.800519869932515,10.001640806577427,11.74822187562225,22.119952805160437,0.0,1.7479836049850945,2.800519869932515,10.000254114444402,5.1626833864883395,11.74822187562225,5.1054687051261,12.800391197759751,9.889909912405997,9.890048944469441,15.105518454042425,15.162631762424013,"|0,0>","|1,0>","|2,0>","|0,1>","|4,0>","|1,1>","|3,0>","|2,1>","|5,0>",unlabeled,"|0,2>","|6,0>"
10.0,2.5,0.101121,6.359905659677666,0.5,0.45000000000000007,-0.7637353981948536,-0.0014362247939345707,0.0014362247939345707,0.0,1.59611332027022,2.4284912423455864,10.001640806577427,11.596317902053713,22.119952805160437,0.0,1.59611332027022,2.4284912423455864,10.000173936821255,4.825203634063556,11.596317902053713,4.854048826463725,12.428344784049742,9.622630207569728,9.622682989594523,14.854051652889936,14.825270458939528,"|0,0>","|1,0>","|2,0>","|0,1>","|4,0>","|1,1>","|3,0>","|2,1>","|5,0>",unlabeled,"|0,2>","|6,0>"
10.0,2.5,0.101121,6.359905659677666,0.5,0.45999999999999996,-0.8294347213502391,-0.0014655710829316604,0.0014655710829316604,0.0,1.4394308375517397,2.0494269537532404,10.001640806577427,11.439606073046235,22.119952805160437,0.0,1.4394308375517397,2.0494269537532404,10.00011950434525,4.557316804723328,11.439606073046235,4.56948910893783,12.049275014919274,9.368202994469698,9.368216644067559,14.569534934994849,14.557399420822478,unlabeled,unlabeled,unlabeled,unlabeled,unlabeled,unlabeled,unlabeled,unlabeled,unlabeled,unlabeled,unlabeled,unlabeled
10.0,2.5,0.101121,6.359905659677666,0.5,0.47,-0.8874803458435991,-0.0014897273961196333,0.0014897273961196333,0.0,1.2820999861471591,1.6767196264507191,10.001640806577427,11.282251065328467,22.119952805160437,0.0,1.2820999861471591,1.6767196264507191,10.00007046468781,4.309206488894247,11.282251065328467,4.313094595294515,11.676573455607738,9.132561798744874,9.132564005783351,14.313172273899752,14.309302720126666,unlabeled,unlabeled,unlabeled,unlabeled,unlabeled,unlabeled,unlabeled,unlabeled,unlabeled,unlabeled,unlabeled,unlabeled
10.0,2.5,0.101121,6.359905659677666,0.5,0.48,-0.933030001468552,-0.0015078104149353067,0.0015078104149353067,0.0,1.1339562910510352,1.3348825806335185,10.001640806577427,11.134089287213527,22.119952805160437,0.0,1.1339562910510352,1.3348825806335185,10.000026718626202,4.093696778007484,11.134089287213527,4.094436270170732,11.334750740039809,8.927147014965286,8.927147142718695,14.094535590068617,14.093803554883507,unlabeled,unlabeled,unlabeled,unlabeled,unlabeled,unlabeled,unlabeled,unlabeled,unlabeled,unlabeled,unlabeled,unlabeled
10.0,2.5,0.101121,6.359905659677666,0.5,0.49,-0.9621050095511379,-0.0015190309916164324,0.0015190309916164324,0.0,1.0170299345411564,1.071954859531175,10.001640806577427,11.017151710126967,22.119952805160437,0.0,1.0170299345411564,1.071954859531175,9.999992480172153,3.9352669826897397,11.017151710126967,3.935299078493145,11.071840212545425,8.775287731788765,8.775287728127665,13.935410870179624,13.935380452029705,unlabeled,unlabeled,unlabeled,unlabeled,unlabeled,unlabeled,unlabeled,unlabeled,unlabeled,unlabeled,unlabeled,unlabeled
10.0,2.5,0.101121,6.359905659677666,0.5,0.5,-0.9720989038560646,-0.0015228374453215565,0.0015228374453215565,0.0,0.96968550723129,0.9672721106065154,10.001640806577427,10.969803476363396,22.119952805160437,0.0,0.96968550723129,0.9672721106065154,9.999978284537349,3.8738992409187603,10.969803476363396,3.8738999319560747,10.967166081124645,8.71619995323654,8.716199953087113,13.87401578906156,13.874015006144845,unlabeled,unlabeled,unlabeled,unlabeled,unlabeled,unlabeled,unlabeled,unlabeled,unlabeled,unlabeled,unlabeled,unlabeled
10.0,2.0,0.126371,7.9489307457041045,0.5,-0.5,-0.972993514254128,-0.0019037366449765614,0.0019037366449765614,0.0,0.9699782667621264,0.9669630192701248,10.000808182949086,10.968882713066236,22.116843796263154,0.0,0.9699782667621264,0.9669630192701248,9.998729900675201,3.873862069571416,10.968882713066236,3.873863148218291,10.965587702324072,8.716097719923198,8.716097719630753,13.872765212742252,13.872763990750641,unlabeled,unlabeled,unlabeled,unlabeled,unlabeled,unlabeled,unlabeled,unlabeled,unlabeled,unlabeled,unlabeled,unlabeled
10.0,2.0,0.126371,7.9489307457041045,0.5,-0.49,-0.9629973163911671,-0.0018989769791630806,0.0018989769791630806,0.0,1.017320433215346,1.071643550039525,10.000808182949086,11.01622963918527,22.116843796263154,0.0,1.017320433215346,1.071643550039525,9.998747671037236,3.9352238792207004,11.01622963918527,3.935251224615328,11.070257430132742,8.775178786579971,8.775178781005394,13.934148212103437,13.934122929049963,unlabeled,unlabeled,unlabeled,unlabeled,unlabeled,unlabeled,unlabeled,unlabeled,unlabeled,unlabeled,unlabeled,unlabeled
10.0,2.0,0.126371,7.9489307457041045,0.5,-0.48,-0.9339148812358928,-0.0018849465676851196,0.0018849465676851196,0.0,1.1342361679774768,1.3345574547190608,10.000808182949086,11.133159404358878,22.116843796263154,0.0,1.1342361679774768,1.3345574547190608,9.998790520185196,4.093632275237454,11.133159404358878,4.094351227420276,11.333149776196151,8.92701422923048,8.927014324533289,14.093232639358078,14.092522955127976,unlabeled,unlabeled,unlabeled,unlabeled,unlabeled,unlabeled,unlabeled,unlabeled,unlabeled,unlabeled,unlabeled,unlabeled
10.0,2.0,0.126371,7.9489307457041045,0.5,-0.47,-0.8883512725262506,-0.0018623353172984025,0.0018623353172984025,0.0,1.2823599659852079,1.6763686594441651,10.000808182949086,11.281305813616996,22.116843796263154,0.0,1.2823599659852079,1.6763686594441651,9.998845253300956,4.309104867071042,11.281305813616996,4.312944990418984,11.674942993005502,9.132387509491664,9.132389538325455,14.311799374103742,14.307982358048193,unlabeled,unlabeled,unlabeled,unlabeled,unlabeled,unlabeled,unlabeled,unlabeled,unlabeled,unlabeled,unlabeled,unlabeled
10.0,2.0,0.126371,7.9489307457041045,0.5,-0.46,-0.8302833164329542,-0.001832130121414366,0.001832130121414366,0.0,1.4396649622363071,2.04904660803966,10.000808182949086,11.438641015063979,22.116843796263154,0.0,1.4396649622363071,2.04904660803966,9.998906600478179,4.557166626984824,11.438641015063979,4.5692506021946855,12.047613654637189,9.367973422229184,9.367986430430122,14.568065201592844,14.556027090216418,unlabeled,unlabeled,unlabeled,unlabeled,unlabeled,unlabeled,unlabeled,unlabeled,unlabeled,unlabeled,unlabeled,unlabeled
10.0,2.0,0.126371,7.9489307457041045,0.5,-0.45,-0.7645516714243143,-0.0017954356776215263,0.0017954356776215263,0.0,1.5963184802946842,2.428085289165054,10.000808182949086,11.595331227566149,22.116843796263154,0.0,1.5963184802946842,2.428085289165054,9.998974701304164,4.82499742850095,11.595331227566149,4.853700166093731,12.426659109970103,9.622335098937086,9.622385848742596,14.852461052585468,14.823838142514475,"|0,0>","|1,0>","|2,0>","|0,1>","|4,0>","|1,1>","|3,0>","|2,1>","|5,0>",unlabeled,"|0,2>","|6,0>"
10.0,2.0,0.126371,7.9489307457041045,0.5,-0.44,-0.6962207399467104,-0.0017533118325587793,0.0017533118325587793,0.0,1.7481583619117202,2.80009598387673,10.000808182949086,11.747213233028248,22.116843796263154,0.0,1.7481583619117202,2.80009598387673,9.99907532744129,5.162206360520912,11.747213233028248,5.10520179813291,12.798691965708514,9.889541404674986,9.88967029483824,15.104021156240691,15.160899220878065,"|0,0>","|1,0>","|2,0>","|0,1>","|4,0>","|1,1>","|3,0>","|2,1>","|5,0>",unlabeled,"|0,2>","|6,0>"
10.0,2.0,0.126371,7.9489307457041045,0.5,-0.43,-0.62988976126681,-0.0017066527259572695,0.0017066527259572695,0.0,1.8935459367299643,3.1572021121931186,10.000808182949086,11.892647466953093,22.116843796263154,0.0,1.8935459367299643,3.1572021121931186,9.999055854526503,5.492681807191872,11.892647466953093,5.392905908955882,13.155835041128597,10.166135811863484,10.166604924158477,15.391703327408095,15.49129333427382,"|0,0>","|1,0>","|2,0>","|0,1>","|4,0>","|1,1>","|3,0>","|2,1>","|5,0>",unlabeled,"|0,2>","|6,0>"
10.0,2.0,0.126371,7.9489307457041045,0.5,-0.42,-0.5690969968483586,-0.0016561035184707862,0.0016561035184707862,0.0,2.0319998761467843,3.49490275544521,10.000808182949086,12.0311519555774,22.116843796263154,0.0,2.0319998761467843,3.49490275544521,9.999143421705625,5.843326403844529,12.0311519555774,5.6845645907976206,13.493584922615213,10.449850977530858,10.450802392146429,15.683340378265981,15.841845842318534,"|0,0>","|1,0>","|2,0>","|0,1>","|4,0>","|1,1>","|3,0>","|2,1>","|5,0>",unlabeled,"|0,2>","|6,0>"
10.0,2.0,0.126371,7.9489307457041045,0.5,-0.41000000000000003,-0.5159861303905302,-0.0016019880305151446,0.0016019880305151446,0.0,2.1635765621914516,3.811166993992373,10.000808182949086,12.162782757110023,22.116843796263154,0.0,2.1635765621914516,3.811166993992373,9.999215323181417,6.211821451681317,12.162782757110023,5.977445868331301,13.809906876810686,10.739036312521634,10.740887420231687,15.976201091988088,16.21024158707249,"|0,0>","|1,0>","|2,0>","|0,1>","|4,0>","|1,1>","|3,0>","|2,1>","|5,0>",unlabeled,"|0,2>","|6,0>"
10.0,2.0,0.126371,7.9489307457041045,0.5,-0.4,-0.47132768021832305,-0.0015442002897998464,0.0015442002897998464,0.0,2.288573039839619,4.105818399460915,10.000808182949086,12.287837022498906,22.116843796263154,0.0,2.288573039839619,4.105818399460915,9.999284837040207,6.595121595894341,12.287837022498906,6.269383060636443,14.104620361406276,11.032382221552083,11.035740498585724,16.26811942557167,16.593438657384226,"|0,0>","|1,0>","|2,0>","|0,1>","|4,0>","|1,1>","|3,0>","|2,1>","|5,0>",unlabeled,"|0,2>","|6,0>"
10.0,2.0,0.126371,7.9489307457041045,0.5,-0.39,-0.43483184827012167,-0.001481971338947119,0.001481971338947119,0.0,2.407379708860276,4.37992756945043,10.000808182949086,12.406705920470415,22.116843796263154,0.0,2.407379708860276,4.37992756945043,9.999353540133626,6.989634375562829,12.406705920470415,6.558638374090805,14.378792505874998,11.328776992691104,11.334504818932416,16.55735811840495,16.987846838395313,"|0,0>","|1,0>","|2,0>","|0,1>","|4,0>","|1,1>","|3,0>","|2,1>","|5,0>",unlabeled,"|0,2>","|6,0>"
10.0,2.0,0.126371,7.9489307457041045,0.5,-0.38,-0.4055772451543618,-0.0014132929893264645,0.0014132929893264645,0.0,2.5204069112049723,4.635236577255583,10.000808182949086,12.519801801164732,22.116843796263154,0.0,2.5204069112049723,4.635236577255583,9.999421812109503,7.3915586130911635,12.519801801164732,6.8438166932510995,14.634163028767162,11.627227858273017,11.636495749718435,16.842522493219136,17.38966524507441,"|0,0>","|1,0>","|2,0>","|0,1>","|4,0>","|1,1>","|3,0>","|2,1>","|5,0>",unlabeled,"|0,2>","|6,0>"
10.0,2.0,0.126371,7.9489307457041045,0.5,-0.37,-0.3823907860580249,-0.001333300435504725,0.001333300435504725,0.0,2.628049437355841,4.8737080886536575,10.000808182949086,12.627524319869423,22.116843796263154,0.0,2.628049437355841,4.8737080886536575,9.999489811699888,7.797197508376016,12.627524319869423,7.123804293528465,14.872693330423914,11.926814968009253,11.941149534461303,17.12249917104839,17.795194902751092,"|0,0>","|1,0>","|2,0>","|0,1>","|4,0>","|1,1>","|3,0>","|2,1>","|5,0>",unlabeled,"|0,2>","|6,0>"
10.0,2.0,0.126371,7.9489307457041045,0.5,-0.36,-0.3641018409872743,-0.001228676900211667,0.001228676900211667,0.0,2.7306708248805904,5.097239808773907,10.000808182949086,12.730250330929465,22.116843796263154,0.0,2.7306708248805904,5.097239808773907,9.999557736460403,8.20316212492709,12.730250330929465,7.397721424648708,15.096280656442758,12.226660570677865,12.247987469786906,17.396408651033,18.20104145897963,"|0,0>","|1,0>","|2,0>","|0,1>","|4,0>","|1,1>","|3,0>","|2,1>","|5,0>",unlabeled,"|0,2>","|6,0>"
10.0,2.0,0.126371,7.9489307457041045,0.5,-0.35,-0.34967313566146174,-0.001049254253757681,0.001049254253757681,0.0,2.8285979519370557,5.30752276821265,10.000808182949086,12.828356880632384,22.116843796263154,0.0,2.8285979519370557,5.30752276821265,9.999626050781146,8.60646441582702,12.828356880632384,7.6648835934635855,15.306616064662904,12.525886857749711,12.55658738651617,17.6635665875353,18.604206258405625,"|0,0>","|1,0>","|2,0>","|0,1>","|4,0>","|1,1>","|3,0>","|2,1>","|5,0>",unlabeled,"|0,2>","|6,0>"
10.0,2.0,0.126371,7.9489307457041045,0.5,-0.33999999999999997,-0.3382457329034736,-0.0003258164017125864,0.0003258164017125864,0.0,2.9221208452409257,5.505995957578378,10.000808182949086,12.9226032117883,22.116843796263154,0.0,2.9221208452409257,5.505995957578378,9.99969607274275,9.004534754885128,12.9226032117883,7.924768940741842,15.505138814409833,12.82322709761074,12.866558505321763,17.923451163309366,19.00209858700771,"|0,0>","|1,0>","|2,0>","|0,1>","|4,0>","|1,1>","|3,0>","|2,1>","|5,0>",unlabeled,"|0,2>","|6,0>"
10.0,2.0,0.126371,7.9489307457041045,0.5,-0.32999999999999996,-0.329136534750873,-0.002173661635808344,0.002173661635808344,0.0,3.0114949684485026,5.693853402146132,10.000808182949086,13.01012948976178,22.116843796263154,0.0,3.0114949684485026,5.693853402146132,9.999772677942246,9.395198765674678,13.01012948976178,8.17699029892701,15.69304328882771,13.121026931714013,13.177517939218319,18.175675148748837,19.392496229763637,"|0,0>","|1,0>","|2,0>","|0,1>","|4,0>","|1,1>","|3,0>","|2,1>","|5,0>",unlabeled,"|0,2>","|6,0>"
10.0,2.0,0.126371,7.9489307457041045,0.5,-0.32,-0.3218151706028465,-0.0015424446260112745,0.0015424446260112745,0.0,3.096944530503478,5.87207389040411,10.000808182949086,13.096210268826553,22.116843796263154,0.0,3.096944530503478,5.87207389040411,9.999894023570917,9.776613313313248,13.096210268826553,8.421271105382658,15.871308644440603,13.413494595857145,13.489068493165021,18.41996182308057,19.773405312812017,"|0,0>","|1,0>","|2,0>","|0,1>","|4,0>","|1,1>","|3,0>","|2,1>","|5,0>",unlabeled,"|0,2>","|6,0>"
10.0,2.0,0.126371,7.9489307457041045,0.5,-0.31,-0.31587540373921286,-0.0013737180310187114,0.0013737180310187114,0.0,3.178666051619132,6.041456699499051,10.000808182949086,13.1781005165372,22.116843796263154,0.0,3.178666051619132,6.041456699499051,9.999717451481487,10.14764527665858,13.1781005165372,8.657424645835917,16.040734505177042,13.70286028683779,13.800778345811622,18.656124231743703,19.99946250247649,"|0,0>","|1,0>","|2,0>","|0,1>","|4,0>","|1,1>","|3,0>","|2,1>","|5,0>",unlabeled,"|0,2>","|6,0>"
10.0,2.0,0.126371,7.9489307457041045,0.5,-0.3,-0.3110081659332735,-0.0012759677567544259,0.0012759677567544259,0.0,3.256831807368073,6.202655448802872,10.000808182949086,13.256364022560405,22.116843796263154,0.0,3.256831807368073,6.202655448802872,9.999877645801803,10.506481625305014,13.256364022560405,8.885336255057936,16.201974812649212,13.98805363773748,14.11216378716783,18.884047405358743,19.99978850116051,"|0,0>","|1,0>","|2,0>","|0,1>","|4,0>","|1,1>","|3,0>","|2,1>","|5,0>",unlabeled,"|0,2>","|6,0>"
10.0,2.0,0.126371,7.9489307457041045,0.5,-0.29000000000000004,-0.3069788208632218,-0.0012030693925737523,0.0012030693925737523,0.0,3.331592979507562,6.356207138151902,10.000808182949086,13.331198093064074,22.116843796263154,0.0,3.331592979507562,6.356207138151902,9.999952272630992,10.852635739922249,13.331198093064074,9.104948175080864,16.355566877697697,14.268384663389199,14.422676415998822,19.103673238255567,19.999938727367294,"|0,0>","|1,0>","|2,0>","|0,1>","|4,0>","|1,1>","|3,0>","|2,1>","|5,0>",unlabeled,"|0,2>","|6,0>"
10.0,2.0,0.126371,7.9489307457041045,0.5,-0.28,-0.30360906755127814,-0.0011423194677320225,0.0011423194677320225,0.0,3.4030824531143082,6.502555838677338,10.000808182949086,13.402748316595662,22.116843796263154,0.0,3.4030824531143082,6.502555838677338,10.00001542808127,11.18536800632043,13.402748316595662,9.31624680294776,16.501955096516596,14.543233962443438,14.731696044991097,19.314987756269204,20.000065848293076,"|0,0>","|1,0>","|2,0>","|0,1>","|4,0>","|1,1>","|3,0>","|2,1>","|5,0>",unlabeled,"|0,2>","|6,0>"
10.0,2.0,0.126371,7.9489307457041045,0.5,-0.27,-0.3007629940064902,-0.0010888451710968639,0.0010888451710968639,0.0,3.4714172565916925,6.642071519176895,10.000808182949086,13.471136594369682,22.116843796263154,0.0,3.4714172565916925,6.642071519176895,10.00007381473064,11.504223900903284,13.471136594369682,9.519252072023079,16.641509815445815,14.8120287631303,15.038530047795433,19.518010516114657,20.000183419149266,"|0,0>","|1,0>","|2,0>","|0,1>","|4,0>","|1,1>","|3,0>","|2,1>","|5,0>",unlabeled,"|0,2>","|6,0>"
10.0,2.0,0.126371,7.9489307457041045,0.5,-0.26,-0.29833652484057893,-0.0010403992855430033,0.0010403992855430033,0.0,3.5367006684228954,6.775064812005212,10.000808182949086,13.536468452086439,22.116843796263154,0.0,3.5367006684228954,6.775064812005212,10.000129117210676,11.808944852967741,13.536468452086439,9.714008716975798,16.774542156385095,15.074238716055618,15.342419124103756,19.71278588528483,20.000294830436317,"|0,0>","|1,0>","|2,0>","|0,1>","|4,0>","|1,1>","|3,0>","|2,1>","|5,0>",unlabeled,"|0,2>","|6,0>"
10.0,2.0,0.126371,7.9489307457041045,0.5,-0.25,-0.29624951680594336,-0.0009958160518834802,0.0009958160518834802,0.0,3.5990240256316497,6.901798534457356,10.000808182949086,13.598836392528852,22.116843796263154,0.0,3.5990240256316497,6.901798534457356,10.000181924722924,12.099436212155396,13.598836392528852,9.900579179234455,16.901315638349644,15.329374687723956,15.64254864016759,19.899375958767294,20.000401263138485,"|0,0>","|1,0>","|2,0>","|0,1>","|4,0>","|1,1>","|3,0>","|2,1>","|5,0>",unlabeled,"|0,2>","|6,0>"
10.0,2.0,0.126371,7.9489307457041045,0.5,-0.24,-0.29443986640733044,-0.0009544391330109647,0.0009544391330109647,0.0,3.658468271703825,7.022496677000319,10.000808182949086,13.6583220155199,22.116843796263154,0.0,3.658468271703825,7.022496677000319,10.000232474239809,12.375737573472279,13.6583220155199,10.079037920607107,17.022055351903973,15.576987899653474,15.93806401607948,20.077854880381864,20.000503189234706,"|0,0>","|1,0>","|2,0>","|0,1>","|4,0>","|1,1>","|3,0>","|2,1>","|5,0>",unlabeled,"|0,2>","|6,0>"
10.0,2.0,0.126371,7.9489307457041045,0.5,-0.22999999999999998,-0.2928591236664033,-0.0009158754279212644,0.0009158754279212644,0.0,3.7151052801743134,7.1373514366822235,10.000808182949086,13.714997587695478,22.116843796263154,0.0,3.7151052801743134,7.1373514366822235,10.00028086312517,12.63799389393219,13.714997587695478,10.249466928144102,17.136955378032212,15.816668835397095,16.228088198714588,20.248304352158115,20.000600800065,"|0,0>","|1,0>","|2,0>","|0,1>","|4,0>","|1,1>","|3,0>","|2,1>","|5,0>",unlabeled,"|0,2>","|6,0>"
10.0,2.0,0.126371,7.9489307457041045,0.5,-0.21999999999999997,-0.29146922414864207,-0.0008798768426316883,0.0008798768426316883,0.0,3.768998986674248,7.246528749199854,10.000808182949086,13.768927292780702,22.116843796263154,0.0,3.768998986674248,7.246528749199854,10.000327126243093,12.886428274830067,13.768927292780702,10.411952212617209,17.246185224077422,16.048045805294336,16.511739034158083,20.410810134678883,20.00069416144504,"|0,0>","|1,0>","|2,0>","|0,1>","|4,0>","|1,1>","|3,0>","|2,1>","|5,0>",unlabeled,"|0,2>","|6,0>"
10.0,2.0,0.126371,7.9489307457041045,0.5,-0.21000000000000002,-0.2902400482123966,-0.000846278557247615,0.000846278557247615,0.0,3.8202063582467645,7.350172668281132,10.000808182949086,13.820168262638603,22.116843796263154,0.0,3.8202063582467645,7.350172668281132,10.000371268754705,13.121317448740271,13.820168262638603,10.566581124499436,17.34989669505994,16.270783192308386,16.788143877390823,20.565459362933936,20.000783279609664,"|0,0>","|1,0>","|2,0>","|0,1>","|4,0>","|1,1>","|3,0>","|2,1>","|5,0>",unlabeled,"|0,2>","|6,0>"
10.0,2.0,0.126371,7.9489307457041045,0.5,-0.2,-0.28914759164673853,-0.0008149645368007441,0.0008149645368007441,0.0,3.8687782247008187,7.448408857754899,10.000808182949086,13.868771443113104,22.116843796263154,0.0,3.8687782247008187,7.448408857754899,10.000413281839243,13.342970728526339,13.868771443113104,10.713440333925462,17.448236098689478,16.48457944387961,17.05644566677732,20.71233852466652,20.00086813279009,"|0,0>","|1,0>","|2,0>","|0,1>","|4,0>","|1,1>","|3,0>","|2,1>","|5,0>",unlabeled,"|0,2>","|6,0>"
10.0,2.0,0.126371,7.9489307457041045,0.5,-0.19,-0.2881725885925306,-0.0007858472074815381,0.0007858472074815381,0.0,3.914759993004566,7.541347397416601,10.000808182949086,13.91478232874617,22.116843796263154,0.0,3.914759993004566,7.541347397416601,10.000453150961121,13.5517127746417,13.91478232874617,10.85261434313395,17.541393016218052,16.68916488458032,17.315768794258304,20.851531970268198,20.00094868781882,"|0,0>","|1,0>","|2,0>","|0,1>","|4,0>","|1,1>","|3,0>","|2,1>","|5,0>",unlabeled,"|0,2>","|6,0>"
10.0,2.0,0.126371,7.9489307457041045,0.5,-0.18,-0.2872994699885254,-0.0007588549409121015,0.0007588549409121015,0.0,3.958192262537395,7.629085055086264,10.000808182949086,13.958241590545569,22.116843796263154,0.0,3.958192262537395,7.629085055086264,10.000490860598347,13.747870159084684,13.958241590545569,10.984184420751731,17.630316418702748,16.884299421922236,17.564513954386925,20.983120843936078,20.001024909623922,"|0,0>","|1,0>","|2,0>","|0,1>","|4,0>","|1,1>","|3,0>","|2,1>","|5,0>",unlabeled,"|0,2>","|6,0>"
10.0,2.0,0.126371,7.9489307457041045,0.5,-0.16999999999999998,-0.28651557158738683,-0.0007339240995776208,0.0007339240995776208,0.0,3.999111356023974,7.711707140460561,10.000808182949086,13.999185614873483,22.116843796263154,0.0,3.999111356023974,7.711707140460561,10.000526397098781,13.931761419150916,13.999185614873483,11.10822786608486,17.71022956828709,17.069770209878328,17.806850795936796,21.107182344575563,20.00109676697231,"|0,0>","|1,0>","|2,0>","|0,1>","|4,0>","|1,1>","|3,0>","|2,1>","|5,0>",unlabeled,"|0,2>","|6,0>"
10.0,2.0,0.126371,7.9489307457041045,0.5,-0.15999999999999998,-0.28581052852666744,-0.0007109938933922422,0.0007109938933922422,0.0,4.037549778717832,7.789289028908996,10.000808182949086,14.037646967773526,22.116843796263154,0.0,4.037549778717832,7.789289028908996,10.000559750522086,14.103690122278863,14.037646967773526,11.224817528259976,17.788498353549443,17.245389325008105,18.0348541754246,21.223789241507205,20.00116423616103,"|0,0>","|1,0>","|2,0>","|0,1>","|4,0>","|1,1>","|3,0>","|2,1>","|5,0>",unlabeled,"|0,2>","|6,0>"
10.0,2.0,0.126371,7.9489307457041045,0.5,-0.14999999999999997,-0.285175809808095,-0.0006900030588070649,0.0006900030588070649,0.0,4.073536616225454,7.861897422642812,10.000808182949086,14.073654796115733,22.116843796263154,0.0,4.073536616225454,7.861897422642812,10.00059091582618,14.263940393148658,14.073654796115733,11.334021519354394,17.86127962855514,17.41099149988169,18.25185797229345,21.333009584271693,20.001227303420094,"|0,0>","|1,0>","|2,0>","|0,1>","|4,0>","|1,1>","|3,0>","|2,1>","|5,0>",unlabeled,"|0,2>","|6,0>"
10.0,2.0,0.126371,7.9489307457041045,0.5,-0.14,-0.2846043583073339,-0.0006708877915713174,0.0006708877915713174,0.0,4.1070978797441455,7.929591401180957,10.000808182949086,14.10723517490166,22.116843796263154,0.0,4.1070978797441455,7.929591401180957,10.000619893630244,14.412774359995112,14.10723517490166,11.435903072789813,17.92905759070203,17.566431948820792,18.456918964247663,21.434906557915482,20.00128596643681,"|0,0>","|1,0>","|2,0>","|0,1>","|4,0>","|1,1>","|3,0>","|2,1>","|5,0>",unlabeled,"|0,2>","|6,0>"
10.0,2.0,0.126371,7.9489307457041045,0.5,-0.13,-0.2840903107673256,-0.0006535806085850027,0.0006535806085850027,0.0,4.138256806035201,7.992423301303077,10.000808182949086,14.138411408375703,22.116843796263154,0.0,4.138256806035201,7.992423301303077,10.000646690626013,14.550431029855346,14.138411408375703,11.530520508288248,17.991941597781874,17.711584312084256,18.649517851478876,21.52953844511302,20.00134023519915,"|0,0>","|1,0>","|2,0>","|0,1>","|4,0>","|1,1>","|3,0>","|2,1>","|5,0>",unlabeled,"|0,2>","|6,0>"
10.0,2.0,0.126371,7.9489307457041045,0.5,-0.12,-0.2836287786750944,-0.0006380099204221779,0.0006380099204221779,0.0,4.16703411826478,8.050439457854466,10.000808182949086,14.167204291293444,22.116843796263154,0.0,4.16703411826478,8.050439457854466,10.000671319709753,14.677126178220888,14.167204291293444,11.617927272993342,18.049994398644685,17.846338736937966,18.829228876290458,21.61695866478034,20.001390132257598,"|0,0>","|1,0>","|2,0>","|0,1>","|4,0>","|1,1>","|3,0>","|2,1>","|5,0>",unlabeled,"|0,2>","|6,0>"
10.0,2.0,0.126371,7.9489307457041045,0.5,-0.10999999999999999,-0.28321567581856755,-0.0006241001952957959,0.0006241001952957959,0.0,4.193448252859241,8.103680829899915,10.000808182949086,14.193632335613032,22.116843796263154,0.0,4.193448252859241,8.103680829899915,10.000693799812254,14.793052919737633,14.193632335613032,11.698172034949565,18.10326345821626,17.970600107339095,18.99568570271161,21.697215863393282,20.001435692411874,"|0,0>","|1,0>","|2,0>","|0,1>","|4,0>","|1,1>","|3,0>","|2,1>","|5,0>",unlabeled,"|0,2>","|6,0>"
10.0,2.0,0.126371,7.9489307457041045,0.5,-0.09999999999999998,-0.2828475817490528,-0.0006117726126859679,0.0006117726126859679,0.0,4.217515556686166,8.15218353162328,10.000808182949086,14.217711967022566,22.116843796263154,0.0,4.217515556686166,8.15218353162328,10.000714155475123,14.898382702815695,14.217711967022566,11.7712988105568,18.151787995951693,18.084286428640993,19.148571210942052,21.770354040646566,20.001476961858458,"|0,0>","|1,0>","|2,0>","|0,1>","|4,0>","|1,1>","|3,0>","|2,1>","|5,0>",unlabeled,"|0,2>","|6,0>"
10.0,2.0,0.126371,7.9489307457041045,0.5,-0.08999999999999997,-0.2825216331228688,-0.0006009461385616532,0.0006009461385616532,0.0,4.239250458208403,8.195979283293937,10.000808182949086,14.239457695018928,22.116843796263154,0.0,4.239250458208403,8.195979283293937,10.000732416139925,14.99326653679131,14.239457695018928,11.837347111832088,18.19560140987197,18.187327369253566,19.28761174556898,21.836412695258616,20.001513996788745,"|0,0>","|1,0>","|2,0>","|0,1>","|4,0>","|1,1>","|3,0>","|2,1>","|5,0>",unlabeled,"|0,2>","|6,0>"
10.0,2.0,0.126371,7.9489307457041045,0.5,-0.08000000000000002,-0.2822354367603168,-0.0005915389482282762,0.0005915389482282762,0.0,4.258665615623457,8.235095794486597,10.000808182949086,14.258882259624315,22.116843796263154,0.0,4.258665615623457,8.235095794486597,10.000748615175752,15.077836313835249,14.258882259624315,11.896352102607963,18.234732400467422,18.279662957914752,19.41257266259288,21.89542698006771,20.00154686145322,"|0,0>","|1,0>","|2,0>","|0,1>","|4,0>","|1,1>","|3,0>","|2,1>","|5,0>",unlabeled,"|0,2>","|6,0>"
10.0,2.0,0.126371,7.9489307457041045,0.5,-0.07,-0.28198699984024245,-0.0005834701414215715,0.0005834701414215715,0.0,4.27577204457485,8.269557089309458,10.000808182949086,14.275996757382515,22.116843796263154,0.0,4.27577204457485,8.269557089309458,10.000762788658065,15.15220612971153,14.275996757382515,11.948344755469279,18.269205617244737,18.361242432744575,19.523254470611803,21.947427858189243,20.00157562572994,"|0,0>","|1,0>","|2,0>","|0,1>","|4,0>","|1,1>","|3,0>","|2,1>","|5,0>",unlabeled,"|0,2>","|6,0>"
10.0,2.0,0.126371,7.9489307457041045,0.5,-0.06,-0.28177467369191334,-0.0005766616560833882,0.0005766616560833882,0.0,4.290579227545251,8.29938378139859,10.000808182949086,14.290810748838254,22.116843796263154,0.0,4.290579227545251,8.29938378139859,10.000774973947529,15.216473538828268,14.290810748838254,11.993352003179695,18.299042088546926,18.43202323658548,19.619489391632655,21.992442253952134,20.001600362285544,"|0,0>","|1,0>","|2,0>","|0,1>","|4,0>","|1,1>","|3,0>","|2,1>","|5,0>",unlabeled,"|0,2>","|6,0>"
10.0,2.0,0.126371,7.9489307457041045,0.5,-0.04999999999999999,-0.2815971085540525,-0.0005710402959238081,0.0005710402959238081,0.0,4.303095206724919,8.324593304895785,10.000808182949086,14.303332349378081,22.116843796263154,0.0,4.303095206724919,8.324593304895785,10.0007852080969,15.27072070197326,14.303332349378081,12.031396879943799,18.324259533340054,18.491970152170268,19.70113830485697,22.030493193905997,20.00162114342426,"|0,0>","|1,0>","|2,0>","|0,1>","|4,0>","|1,1>","|3,0>","|2,1>","|5,0>",unlabeled,"|0,2>","|6,0>"
10.0,2.0,0.126371,7.9489307457041045,0.5,-0.03999999999999998,-0.28145321731379624,-0.0005665397880818546,0.0005665397880818546,0.0,4.313326661826665,8.345200106339533,10.000808182949086,14.313568304987669,22.116843796263154,0.0,4.313326661826665,8.345200106339533,10.00079352620564,15.315015401170257,14.313568304987669,12.062498649005988,18.34487259797625,18.541054570233456,19.768088074335466,22.061599934387814,20.00163803777788,"|0,0>","|1,0>","|2,0>","|0,1>","|4,0>","|1,1>","|3,0>","|2,1>","|5,0>",unlabeled,"|0,2>","|6,0>"
10.0,2.0,0.126371,7.9489307457041045,0.5,-0.02999999999999997,-0.28134214674597047,-0.000563102750447797,0.000563102750447797,0.0,4.321278974047658,8.361215801349346,10.000808182949086,14.321524054246296,22.116843796263154,0.0,4.321278974047658,8.361215801349346,10.000799959755398,15.34941190710066,14.321524054246296,12.08667291401332,18.360893039025513,18.579253883756593,19.820249270036243,22.0857780729705,20.001651107020578,"|0,0>","|1,0>","|2,0>","|0,1>","|4,0>","|1,1>","|3,0>","|2,1>","|5,0>",unlabeled,"|0,2>","|6,0>"
10.0,2.0,0.126371,7.9489307457041045,0.5,-0.020000000000000018,-0.2812632551772083,-0.00056068248031238,0.00056068248031238,0.0,4.326956277163887,8.372649299150567,10.000808182949086,14.327203777632661,22.116843796263154,0.0,4.326956277163887,8.372649299150567,10.00080453507806,15.373951691567342,14.327203777632661,12.103931712247999,18.372329863542035,18.606551001999904,19.85755429196645,22.103039641897468,20.00166040279676,"|0,0>","|1,0>","|2,0>","|0,1>","|4,0>","|1,1>","|3,0>","|2,1>","|5,0>",unlabeled,"|0,2>","|6,0>"
10.0,2.0,0.126371,7.9489307457041045,0.5,-0.010000000000000009,-0.2812160957829377,-0.0005592444579605171,0.0005592444579605171,0.0,4.33036149650566,8.379506897228381,10.000808182949086,14.330610434996785,22.116843796263154,0.0,4.33036149650566,8.379506897228381,10.000807272027188,15.388663981901772,14.330610434996785,12.114283588365723,18.379189433336308,18.622933978732746,19.879955904765524,22.113393182013766,20.001665964070312,"|0,0>","|1,0>","|2,0>","|0,1>","|4,0>","|1,1>","|3,0>","|2,1>","|5,0>",unlabeled,"|0,2>","|6,0>"
10.0,2.0,0.126371,7.9489307457041045,0.5,0.0,-0.2812004050180974,-0.000558767498930024,0.000558767498930024,0.0,4.331496376406761,8.381792347795425,10.000808182949086,14.331745791856918,22.116843796263154,0.0,4.331496376406761,8.381792347795425,10.000808182949086,15.393566156515988,14.331745791856918,12.117733647679188,18.38147553718558,18.62839575010372,19.887426187920724,22.116843796263154,20.00166781508821,"|0,0>","|1,0>","|2,0>","|0,1>","|4,0>","|1,1>","|3,0>","|2,1>","|5,0>",unlabeled,"|0,2>","|6,0>"
10.0,2.0,0.126371,7.9489307457041045,0.5,0.010000000000000009,-0.28121609578232665,-0.0005592444584721079,0.0005592444584721079,0.0,4.33036149650485,8.379506897227373,10.000808182949086,14.330610434995464,22.116843796263154,0.0,4.33036149650485,8.379506897227373,10.00080727202699,15.388663981900635,14.330610434995464,12.114283588366291,18.379189433335526,18.622933978732874,19.879955904764813,22.113393182013795,20.001665964071165,"|0,0>","|1,0>","|2,0>","|0,1>","|4,0>","|1,1>","|3,0>","|2,1>","|5,0>",unlabeled,"|0,2>","|6,0>"
10.0,2.0,0.126371,7.9489307457041045,0.5,0.020000000000000018,-0.2812632551764267,-0.0005606824798007892,0.0005606824798007892,0.0,4.326956277163404,8.372649299150382,10.000808182949086,14.32720377763269,22.116843796263154,0.0,4.326956277163404,8.372649299150382,10.000804535078416,15.373951691566418,14.32720377763269,12.103931712248425,18.372329863543015,18.60655100200053,19.857554291966267,22.103039641897908,20.001660402796446,"|0,0>","|1,0>","|2,0>","|0,1>","|4,0>","|1,1>","|3,0>","|2,1>","|5,0>",unlabeled,"|0,2>","|6,0>"
10.0,2.0,0.126371,7.9489307457041045,0.5,0.030000000000000027,-0.28134214674435043,-0.0005631027498793628,0.0005631027498793628,0.0,4.321278974046308,8.361215801348266,10.000808182949086,14.321524054245515,22.116843796263154,0.0,4.321278974046308,8.361215801348266,10.000799959754858,15.34941190710029,14.321524054245515,12.08667291401386,18.36089303902638,18.579253883757218,19.820249270037124,22.08577807297216,20.001651107021345,"|0,0>","|1,0>","|2,0>","|0,1>","|4,0>","|1,1>","|3,0>","|2,1>","|5,0>",unlabeled,"|0,2>","|6,0>"
10.0,2.0,0.126371,7.9489307457041045,0.5,0.040000000000000036,-0.2814532173138531,-0.0005665397887355539,0.0005665397887355539,0.0,4.31332666182611,8.345200106338368,10.000808182949086,14.313568304986461,22.116843796263154,0.0,4.31332666182611,8.345200106338368,10.000793526205129,15.315015401170001,14.313568304986461,12.06249864900542,18.34487259797703,18.5410545702332,19.768088074334585,22.061599934388056,20.001638037778463,"|0,0>","|1,0>","|2,0>","|0,1>","|4,0>","|1,1>","|3,0>","|2,1>","|5,0>",unlabeled,"|0,2>","|6,0>"
10.0,2.0,0.126371,7.9489307457041045,0.5,0.050000000000000044,-0.2815971085532709,-0.0005710402961796035,0.0005710402961796035,0.0,4.303095206724734,8.324593304896197,10.000808182949086,14.30333234937764,22.116843796263154,0.0,4.303095206724734,8.324593304896197,10.000785208097582,15.270720701972024,14.30333234937764,12.031396879944836,18.324259533340154,18.491970152171064,19.701138304856826,22.03049319390726,20.001621143424615,"|0,0>","|1,0>","|2,0>","|0,1>","|4,0>","|1,1>","|3,0>","|2,1>","|5,0>",unlabeled,"|0,2>","|6,0>"
10.0,2.0,0.126371,7.9489307457041045,0.5,0.06000000000000005,-0.28177467369245335,-0.0005766616560833882,0.0005766616560833882,0.0,4.290579227545365,8.299383781398276,10.000808182949086,14.290810748838368,22.116843796263154,0.0,4.290579227545365,8.299383781398276,10.000774973947472,15.216473538827984,14.290810748838368,11.993352003179965,18.299042088546642,18.432023236585906,19.619489391632072,21.99244225395222,20.001600362286396,"|0,0>","|1,0>","|2,0>","|0,1>","|4,0>","|1,1>","|3,0>","|2,1>","|5,0>",unlabeled,"|0,2>","|6,0>"
10.0,2.0,0.126371,7.9489307457041045,0.5,0.07000000000000006,-0.2819869998404698,-0.0005834701430700306,0.0005834701430700306,0.0,4.275772044574097,8.269557089307725,10.000808182949086,14.275996757380113,22.116843796263154,0.0,4.275772044574097,8.269557089307725,10.000762788657482,15.152206129709825,14.275996757380113,11.948344755468057,18.269205617244054,18.36124243274344,19.52325447061095,21.94742785818825,20.001575625728933,"|0,0>","|1,0>","|2,0>","|0,1>","|4,0>","|1,1>","|3,0>","|2,1>","|5,0>",unlabeled,"|0,2>","|6,0>"
10.0,2.0,0.126371,7.9489307457041045,0.5,0.07999999999999996,-0.2822354367611126,-0.0005915389504593804,0.0005915389504593804,0.0,4.258665615623002,8.235095794484891,10.000808182949086,14.258882259621629,22.116843796263154,0.0,4.258665615623002,8.235095794484891,10.000748615174686,15.077836313832947,14.258882259621629,11.89635210260731,18.23473240046671,18.27966295791329,19.41257266259295,21.895426980065395,20.00154686145281,"|0,0>","|1,0>","|2,0>","|0,1>","|4,0>","|1,1>","|3,0>","|2,1>","|5,0>",unlabeled,"|0,2>","|6,0>"
10.0,2.0,0.126371,7.9489307457041045,0.5,0.08999999999999997,-0.28252163312275513,-0.0006009461392295634,0.0006009461392295634,0.0,4.239250458207408,8.195979283292061,10.000808182949086,14.239457695017265,22.116843796263154,0.0,4.239250458207408,8.195979283292061,10.000732416139286,14.993266536788383,14.239457695017265,11.837347111832258,18.19560140987106,18.18732736925176,19.2876117455681,21.836412695257707,20.001513996788702,"|0,0>","|1,0>","|2,0>","|0,1>","|4,0>","|1,1>","|3,0>","|2,1>","|5,0>",unlabeled,"|0,2>","|6,0>"
10.0,2.0,0.126371,7.9489307457041045,0.5,0.09999999999999998,-0.28284758175149705,-0.0006117726138938906,0.0006117726138938906,0.0,4.217515556686749,8.152183531622,10.000808182949086,14.217711967021941,22.116843796263154,0.0,4.217515556686749,8.152183531622,10.000714155474768,14.898382702814729,14.217711967021941,11.771298810556814,18.151787995951622,18.08428642863997,19.14857121094225,21.77035404064651,20.00147696185749,"|0,0>","|1,0>","|2,0>","|0,1>","|4,0>","|1,1>","|3,0>","|2,1>","|5,0>",unlabeled,"|0,2>","|6,0>"
10.0,2.0,0.126371,7.9489307457041045,0.5,0.10999999999999999,-0.2832156758184112,-0.0006241001955658021,0.0006241001955658021,0.0,4.193448252859028,8.103680829899645,10.000808182949086,14.193632335612548,22.116843796263154,0.0,4.193448252859028,8.103680829899645,10.000693799813007,14.793052919735771,14.193632335612548,11.698172034949494,18.103263458216404,17.97060010733877,18.995685702711697,21.697215863392643,20.001435692411036,"|0,0>","|1,0>","|2,0>","|0,1>","|4,0>","|1,1>","|3,0>","|2,1>","|5,0>",unlabeled,"|0,2>","|6,0>"
10.0,2.0,0.126371,7.9489307457041045,0.5,0.12,-0.2836287786745544,-0.0006380099196690026,0.0006380099196690026,0.0,4.167034118264567,8.05043945785458,10.000808182949086,14.167204291293984,22.116843796263154,0.0,4.167034118264567,8.05043945785458,10.000671319709667,14.677126178221954,14.167204291293984,11.617927272993342,18.04999439864612,17.84633873693801,18.82922887629084,21.616958664779617,20.001390132257157,"|0,0>","|1,0>","|2,0>","|0,1>","|4,0>","|1,1>","|3,0>","|2,1>","|5,0>",unlabeled,"|0,2>","|6,0>"
10.0,2.0,0.126371,7.9489307457041045,0.5,0.13,-0.2840903107637871,-0.0006535806081018336,0.0006535806081018336,0.0,4.138256806033553,7.992423301303319,10.000808182949086,14.138411408374537,22.116843796263154,0.0,4.138256806033553,7.992423301303319,10.00064669062597,14.550431029854508,14.138411408374537,11.530520508287566,17.99194159778328,17.71158431208444,18.6495178514796,21.529538445112593,20.001340235198796,"|0,0>","|1,0>","|2,0>","|0,1>","|4,0>","|1,1>","|3,0>","|2,1>","|5,0>",unlabeled,"|0,2>","|6,0>"
10.0,2.0,0.126371,7.9489307457041045,0.5,0.14,-0.284604358307206,-0.0006708877918555345,0.0006708877918555345,0.0,4.107097879743833,7.92959140118046,10.000808182949086,14.107235174901064,22.116843796263154,0.0,4.107097879743833,7.92959140118046,10.000619893630017,14.412774359993918,14.107235174901064,11.435903072789102,17.92905759070129,17.56643194881981,18.45691896424647,21.434906557915397,20.001285966436058,"|0,0>","|1,0>","|2,0>","|0,1>","|4,0>","|1,1>","|3,0>","|2,1>","|5,0>",unlabeled,"|0,2>","|6,0>"
10.0,2.0,0.126371,7.9489307457041045,0.5,0.15000000000000002,-0.2851758098082797,-0.0006900030585654804,0.0006900030585654804,0.0,4.0735366162261215,7.861897422643963,10.000808182949086,14.073654796116642,22.116843796263154,0.0,4.0735366162261215,7.861897422643963,10.000590915826535,14.263940393148928,14.073654796116642,11.334021519355815,17.861279628555778,17.410991499883167,18.251857972293777,21.333009584273427,20.001227303420123,"|0,0>","|1,0>","|2,0>","|0,1>","|4,0>","|1,1>","|3,0>","|2,1>","|5,0>",unlabeled,"|0,2>","|6,0>"
10.0,2.0,0.126371,7.9489307457041045,0.5,0.16000000000000003,-0.2858105285263548,-0.0007109938935485616,0.0007109938935485616,0.0,4.037549778717761,7.789289028909167,10.000808182949086,14.037646967773298,22.116843796263154,0.0,4.037549778717761,7.789289028909167,10.000559750522342,14.10369012227791,14.037646967773298,11.224817528260516,17.78849835354788,17.245389325007977,18.034854175422367,21.223789241507603,20.00116423616035,"|0,0>","|1,0>","|2,0>","|0,1>","|4,0>","|1,1>","|3,0>","|2,1>","|5,0>",unlabeled,"|0,2>","|6,0>"
10.0,2.0,0.126371,7.9489307457041045,0.5,0.17000000000000004,-0.28651557158387675,-0.0007339240982418005,0.0007339240982418005,0.0,3.9991113560219986,7.7117071404601205,10.000808182949086,13.999185614872843,22.116843796263154,0.0,3.9991113560219986,7.7117071404601205,10.000526397098469,13.931761419149353,13.999185614872843,11.108227866085002,17.710229568286493,17.069770209877888,17.8068507959362,21.107182344576344,20.00109676697204,"|0,0>","|1,0>","|2,0>","|0,1>","|4,0>","|1,1>","|3,0>","|2,1>","|5,0>",unlabeled,"|0,2>","|6,0>"
10.0,2.0,0.126371,7.9489307457041045,0.5,0.18000000000000005,-0.2872994699862659,-0.0007588549405852518,0.0007588549405852518,0.0,3.9581922625361585,7.629085055086051,10.000808182949086,13.95824159054466,22.116843796263154,0.0,3.9581922625361585,7.629085055086051,10.00049086059802,13.747870159083774,13.95824159054466,10.984184420752058,17.630316418702364,16.884299421921597,17.564513954385973,20.98312084393592,20.001024909624476,"|0,0>","|1,0>","|2,0>","|0,1>","|4,0>","|1,1>","|3,0>","|2,1>","|5,0>",unlabeled,"|0,2>","|6,0>"
10.0,2.0,0.126371,7.9489307457041045,0.5,0.19000000000000006,-0.2881725885945059,-0.0007858472079220746,0.0007858472079220746,0.0,3.9147599930052763,7.541347397416047,10.000808182949086,13.91478232874644,22.116843796263154,0.0,3.9147599930052763,7.541347397416047,10.00045315096105,13.551712774641672,13.91478232874644,10.852614343134306,17.54139301621882,16.689164884580563,17.31576879425893,20.851531970266393,20.00094868781963,"|0,0>","|1,0>","|2,0>","|0,1>","|4,0>","|1,1>","|3,0>","|2,1>","|5,0>",unlabeled,"|0,2>","|6,0>"
10.0,2.0,0.126371,7.9489307457041045,0.5,0.20000000000000007,-0.2891475916487991,-0.0008149645389750049,0.0008149645389750049,0.0,3.868778224701188,7.448408857753577,10.000808182949086,13.8687714431113,22.116843796263154,0.0,3.868778224701188,7.448408857753577,10.00041328183805,13.342970728524449,13.8687714431113,10.713440333925405,17.44823609868739,16.484579443877678,17.05644566677546,20.71233852466463,20.000868132788042,"|0,0>","|1,0>","|2,0>","|0,1>","|4,0>","|1,1>","|3,0>","|2,1>","|5,0>",unlabeled,"|0,2>","|6,0>"
10.0,2.0,0.126371,7.9489307457041045,0.5,0.20999999999999996,-0.290240048216333,-0.0008462785590808153,0.0008462785590808153,0.0,3.820206358247958,7.350172668279583,10.000808182949086,13.820168262637964,22.116843796263154,0.0,3.820206358247958,7.350172668279583,10.000371268753625,13.121317448738935,13.820168262637964,10.566581124499535,17.349896695059755,16.270783192307277,16.788143877390127,20.565459362933268,20.00078327960901,"|0,0>","|1,0>","|2,0>","|0,1>","|4,0>","|1,1>","|3,0>","|2,1>","|5,0>",unlabeled,"|0,2>","|6,0>"
10.0,2.0,0.126371,7.9489307457041045,0.5,0.21999999999999997,-0.2914692241496084,-0.0008798768444080451,0.0008798768444080451,0.0,3.768998986674532,7.246528749199456,10.000808182949086,13.76892729277921,22.116843796263154,0.0,3.768998986674532,7.246528749199456,10.00032712624207,12.886428274829413,13.76892729277921,10.411952212616853,17.246185224077024,16.048045805292944,16.511739034158012,20.41081013467793,20.000694161443462,"|0,0>","|1,0>","|2,0>","|0,1>","|4,0>","|1,1>","|3,0>","|2,1>","|5,0>",unlabeled,"|0,2>","|6,0>"
10.0,2.0,0.126371,7.9489307457041045,0.5,0.22999999999999998,-0.2928591236681086,-0.0009158754272249325,0.0009158754272249325,0.0,3.7151052801752513,7.137351436682394,10.000808182949086,13.714997587697113,22.116843796263154,0.0,3.7151052801752513,7.137351436682394,10.000280863125298,12.63799389393293,13.714997587697113,10.249466928144898,17.136955378033633,15.816668835396186,16.228088198715255,20.248304352157334,20.000600800065044,"|0,0>","|1,0>","|2,0>","|0,1>","|4,0>","|1,1>","|3,0>","|2,1>","|5,0>",unlabeled,"|0,2>","|6,0>"
10.0,2.0,0.126371,7.9489307457041045,0.5,0.24,-0.2944398664098742,-0.0009544391328120128,0.0009544391328120128,0.0,3.6584682717043364,7.022496676998799,10.000808182949086,13.65832201552061,22.116843796263154,0.0,3.6584682717043364,7.022496676998799,10.000232474238516,12.375737573471966,13.65832201552061,10.079037920605757,17.02205535190457,15.576987899651428,15.938064016078812,20.077854880382347,20.000503189235374,"|0,0>","|1,0>","|2,0>","|0,1>","|4,0>","|1,1>","|3,0>","|2,1>","|5,0>",unlabeled,"|0,2>","|6,0>"
10.0,2.0,0.126371,7.9489307457041045,0.5,0.25,-0.29624951680736444,-0.0009958160508887204,0.0009958160508887204,0.0,3.599024025631323,6.901798534455281,10.000808182949086,13.59883639252952,22.116843796263154,0.0,3.599024025631323,6.901798534455281,10.000181924723194,12.099436212156093,13.59883639252952,9.900579179234754,16.90131563835058,15.329374687722677,15.642548640167021,19.89937595876691,20.000401263137576,"|0,0>","|1,0>","|2,0>","|0,1>","|4,0>","|1,1>","|3,0>","|2,1>","|5,0>",unlabeled,"|0,2>","|6,0>"
10.0,2.0,0.126371,7.9489307457041045,0.5,0.26,-0.29833652484070683,-0.0010403992849745691,0.0010403992849745691,0.0,3.536700668422384,6.775064812004061,10.000808182949086,13.536468452086496,22.116843796263154,0.0,3.536700668422384,6.775064812004061,10.000129117210605,11.80894485296838,13.536468452086496,9.71400871697577,16.774542156386147,15.074238716054026,15.342419124103586,19.712785885284575,20.000294830437625,"|0,0>","|1,0>","|2,0>","|0,1>","|4,0>","|1,1>","|3,0>","|2,1>","|5,0>",unlabeled,"|0,2>","|6,0>"
10.0,2.0,0.126371,7.9489307457041045,0.5,0.27,-0.30076299400862183,-0.0010888451727169013,0.0010888451727169013,0.0,3.4714172565928862,6.642071519177151,10.000808182949086,13.471136594369256,22.116843796263154,0.0,3.4714172565928862,6.642071519177151,10.000073814730698,11.504223900901977,13.471136594369256,9.519252072022738,16.641509815446952,14.812028763129874,15.03853004779593,19.518010516116775,20.00018341914955,"|0,0>","|1,0>","|2,0>","|0,1>","|4,0>","|1,1>","|3,0>","|2,1>","|5,0>",unlabeled,"|0,2>","|6,0>"
10.0,2.0,0.126371,7.9489307457041045,0.5,0.28,-0.30360906755061023,-0.00114231946768939,0.00114231946768939,0.0,3.4030824531133703,6.50255583867613,10.000808182949086,13.402748316594767,22.116843796263154,0.0,3.4030824531133703,6.50255583867613,10.000015428080516,11.18536800632043,13.402748316594767,9.316246802947006,16.501955096517662,14.543233962442955,14.731696044991608,19.31498775626865,20.00006584829211,"|0,0>","|1,0>","|2,0>","|0,1>","|4,0>","|1,1>","|3,0>","|2,1>","|5,0>",unlabeled,"|0,2>","|6,0>"
10.0,2.0,0.126371,7.9489307457041045,0.5,0.29000000000000004,-0.3069788208638755,-0.0012030693935258796,0.0012030693935258796,0.0,3.3315929795086134,6.356207138153351,10.000808182949086,13.331198093064174,22.116843796263154,0.0,3.3315929795086134,6.356207138153351,9.99995227263203,10.852635739922192,13.331198093064174,9.104948175081873,16.35556687769875,14.268384663389668,14.422676415999888,19.103673238257272,19.999938727368615,"|0,0>","|1,0>","|2,0>","|0,1>","|4,0>","|1,1>","|3,0>","|2,1>","|5,0>",unlabeled,"|0,2>","|6,0>"
10.0,2.0,0.126371,7.9489307457041045,0.5,0.30000000000000004,-0.3110081659354904,-0.0012759677584170959,0.0012759677584170959,0.0,3.2568318073702756,6.202655448805061,10.000808182949086,13.256364022560945,22.116843796263154,0.0,3.2568318073702756,6.202655448805061,9.999877645802954,10.506481625306193,13.256364022560945,8.88533625505903,16.201974812650874,13.988053637739668,14.112163787169408,18.884047405361244,19.999788501162755,"|0,0>","|1,0>","|2,0>","|0,1>","|4,0>","|1,1>","|3,0>","|2,1>","|5,0>",unlabeled,"|0,2>","|6,0>"
10.0,2.0,0.126371,7.9489307457041045,0.5,0.31000000000000005,-0.3158754037385023,-0.0013737180315303021,0.0013737180315303021,0.0,3.178666051619274,6.041456699500046,10.000808182949086,13.17810051653683,22.116843796263154,0.0,3.178666051619274,6.041456699500046,9.999717451481743,10.147645276658722,13.17810051653683,8.657424645836159,16.040734505177596,13.702860286837321,13.80077834581067,18.65612423174622,19.99946250247781,"|0,0>","|1,0>","|2,0>","|0,1>","|4,0>","|1,1>","|3,0>","|2,1>","|5,0>",unlabeled,"|0,2>","|6,0>"
10.0,2.0,0.126371,7.9489307457041045,0.5,0.32000000000000006,-0.3218151706032728,-0.0015424446267218173,0.0015424446267218173,0.0,3.0969445305037198,5.872073890404167,10.000808182949086,13.096210268826084,22.116843796263154,0.0,3.0969445305037198,5.872073890404167,9.999894023570704,9.776613313312595,13.096210268826084,8.4212711053828,15.871308644441058,13.413494595854843,13.48906849316407,18.419961823079987,19.773405312811946,"|0,0>","|1,0>","|2,0>","|0,1>","|4,0>","|1,1>","|3,0>","|2,1>","|5,0>",unlabeled,"|0,2>","|6,0>"
10.0,2.0,0.126371,7.9489307457041045,0.5,0.33000000000000007,-0.32913653475381466,-0.002173661636845736,0.002173661636845736,0.0,3.0114949684511743,5.693853402148534,10.000808182949086,13.010129489763415,22.116843796263154,0.0,3.0114949684511743,5.693853402148534,9.999772677942275,9.395198765675815,13.010129489763415,8.176990298929951,15.693043288829926,13.121026931713288,13.17751793921822,18.17567514875124,19.392496229765655,"|0,0>","|1,0>","|2,0>","|0,1>","|4,0>","|1,1>","|3,0>","|2,1>","|5,0>",unlabeled,"|0,2>","|6,0>"
10.0,2.0,0.126371,7.9489307457041045,0.5,0.33999999999999997,-0.33824573290222304,-0.00032581639946727137,0.00032581639946727137,0.0,2.922120845240869,5.505995957579515,10.000808182949086,12.922603211790488,22.116843796263154,0.0,2.922120845240869,5.505995957579515,9.999696072742552,9.004534754887231,12.922603211790488,7.924768940743974,15.505138814411495,12.823227097612488,12.866558505324463,17.92345116331083,19.002098587011005,"|0,0>","|1,0>","|2,0>","|0,1>","|4,0>","|1,1>","|3,0>","|2,1>","|5,0>",unlabeled,"|0,2>","|6,0>"
10.0,2.0,0.126371,7.9489307457041045,0.5,0.35,-0.34967313566477287,-0.0010492542545676997,0.0010492542545676997,0.0,2.828597951937425,5.307522768210077,10.000808182949086,12.828356880631944,22.116843796263154,0.0,2.828597951937425,5.307522768210077,9.999626050780606,8.606464415826991,12.828356880631944,7.664883593464552,15.306616064663544,12.525886857750152,12.556587386515858,17.663566587537332,18.604206258406975,"|0,0>","|1,0>","|2,0>","|0,1>","|4,0>","|1,1>","|3,0>","|2,1>","|5,0>",unlabeled,"|0,2>","|6,0>"
10.0,2.0,0.126371,7.9489307457041045,0.5,0.36,-0.3641018409875869,-0.0012286769019311805,0.0012286769019311805,0.0,2.730670824880036,5.0972398087724855,10.000808182949086,12.730250330927191,22.116843796263154,0.0,2.730670824880036,5.0972398087724855,9.999557736459508,8.20316212492682,12.730250330927191,7.397721424649561,15.096280656444677,12.226660570677268,12.247987469786096,17.396408651035173,18.201041458980143,"|0,0>","|1,0>","|2,0>","|0,1>","|4,0>","|1,1>","|3,0>","|2,1>","|5,0>",unlabeled,"|0,2>","|6,0>"
10.0,2.0,0.126371,7.9489307457041045,0.5,0.37,-0.3823907860573712,-0.0013333004354763034,0.0013333004354763034,0.0,2.628049437355372,4.873708088653373,10.000808182949086,12.627524319868982,22.116843796263154,0.0,2.628049437355372,4.873708088653373,9.999489811698808,7.797197508375362,12.627524319868982,7.123804293529247,14.872693330426245,11.926814968009737,11.941149534461047,17.12249917105011,17.7951949027498,"|0,0>","|1,0>","|2,0>","|0,1>","|4,0>","|1,1>","|3,0>","|2,1>","|5,0>",unlabeled,"|0,2>","|6,0>"
10.0,2.0,0.126371,7.9489307457041045,0.5,0.38,-0.40557724515329596,-0.0014132929882748613,0.0014132929882748613,0.0,2.520406911204091,4.6352365772548865,10.000808182949086,12.519801801164903,22.116843796263154,0.0,2.520406911204091,4.6352365772548865,9.999421812110313,7.391558613089586,12.519801801164903,6.8438166932510285,14.634163028767958,11.627227858272533,11.636495749718108,16.842522493221935,17.389665245077182,"|0,0>","|1,0>","|2,0>","|0,1>","|4,0>","|1,1>","|3,0>","|2,1>","|5,0>",unlabeled,"|0,2>","|6,0>"
10.0,2.0,0.126371,7.9489307457041045,0.5,0.39,-0.43483184827050536,-0.001481971339813981,0.001481971339813981,0.0,2.407379708860418,4.379927569450331,10.000808182949086,12.40670592046969,22.116843796263154,0.0,2.407379708860418,4.379927569450331,9.999353540133825,6.989634375559746,12.40670592046969,6.558638374089924,14.3787925058745,11.32877699269001,11.33450481893162,16.557358118403755,16.987846838394432,"|0,0>","|1,0>","|2,0>","|0,1>","|4,0>","|1,1>","|3,0>","|2,1>","|5,0>",unlabeled,"|0,2>","|6,0>"
10.0,2.0,0.126371,7.9489307457041045,0.5,0.4,-0.4713276802172146,-0.0015442002880519112,0.0015442002880519112,0.0,2.2885730398384823,4.10581839945975,10.000808182949086,12.287837022499517,22.116843796263154,0.0,2.2885730398384823,4.10581839945975,9.999284837041188,6.595121595892351,12.287837022499517,6.269383060635761,14.104620361405637,11.032382221552709,11.035740498586065,16.26811942557157,16.59343865738417,"|0,0>","|1,0>","|2,0>","|0,1>","|4,0>","|1,1>","|3,0>","|2,1>","|5,0>",unlabeled,"|0,2>","|6,0>"
10.0,2.0,0.126371,7.9489307457041045,0.5,0.41000000000000003,-0.5159861303907434,-0.0016019880313820067,0.0016019880313820067,0.0,2.16357656219175,3.8111669939927566,10.000808182949086,12.162782757109454,22.116843796263154,0.0,2.16357656219175,3.8111669939927566,9.999215323181431,6.211821451680564,12.162782757109454,5.977445868331401,13.809906876810984,10.739036312520767,10.74088742023092,15.976201091986667,16.210241587071437,"|0,0>","|1,0>","|2,0>","|0,1>","|4,0>","|1,1>","|3,0>","|2,1>","|5,0>",unlabeled,"|0,2>","|6,0>"
10.0,2.0,0.126371,7.9489307457041045,0.5,0.42000000000000004,-0.5690969968506465,-0.0016561035160691517,0.0016561035160691517,0.0,2.031999876147239,3.4949027554438317,10.000808182949086,12.031151955580256,22.116843796263154,0.0,2.031999876147239,3.4949027554438317,9.999143421706478,5.843326403843861,12.031151955580256,5.6845645907974784,13.493584922616108,10.449850977530517,10.450802392146542,15.683340378267388,15.841845842319742,"|0,0>","|1,0>","|2,0>","|0,1>","|4,0>","|1,1>","|3,0>","|2,1>","|5,0>",unlabeled,"|0,2>","|6,0>"
10.0,2.0,0.126371,7.9489307457041045,0.5,0.43000000000000005,-0.6298897612664405,-0.0017066527264120168,0.0017066527264120168,0.0,1.8935459367303196,3.1572021121941987,10.000808182949086,11.892647466952994,22.116843796263154,0.0,1.8935459367303196,3.1572021121941987,9.999055854527128,5.492681807192355,11.892647466952994,5.392905908954816,13.155835041128114,10.166135811862787,10.166604924159259,15.391703327408564,15.491293334273436,"|0,0>","|1,0>","|2,0>","|0,1>","|4,0>","|1,1>","|3,0>","|2,1>","|5,0>",unlabeled,"|0,2>","|6,0>"
10.0,2.0,0.126371,7.9489307457041045,0.5,0.44000000000000006,-0.6962207399467957,-0.0017533118327435204,0.0017533118327435204,0.0,1.7481583619122745,2.8000959838777533,10.000808182949086,11.747213233028617,22.116843796263154,0.0,1.7481583619122745,2.8000959838777533,9.99907532744183,5.162206360521452,11.747213233028617,5.105201798133052,12.798691965709509,9.889541404674759,9.889670294838183,15.104021156239938,15.160899220877482,"|0,0>","|1,0>","|2,0>","|0,1>","|4,0>","|1,1>","|3,0>","|2,1>","|5,0>",unlabeled,"|0,2>","|6,0>"
10.0,2.0,0.126371,7.9489307457041045,0.5,0.45000000000000007,-0.7645516714241296,-0.0017954356777778457,0.0017954356777778457,0.0,1.5963184802944994,2.428085289164869,10.000808182949086,11.595331227565808,22.116843796263154,0.0,1.5963184802944994,2.428085289164869,9.998974701303325,4.824997428501064,11.595331227565808,4.853700166092793,12.426659109969634,9.622335098935935,9.622385848741857,14.852461052584914,14.823838142514731,"|0,0>","|1,0>","|2,0>","|0,1>","|4,0>","|1,1>","|3,0>","|2,1>","|5,0>",unlabeled,"|0,2>","|6,0>"
10.0,2.0,0.126371,7.9489307457041045,0.5,0.45999999999999996,-0.8302833164333947,-0.0018321301212012031,0.0018321301212012031,0.0,1.439664962236975,2.0490466080405554,10.000808182949086,11.43864101506486,22.116843796263154,0.0,1.439664962236975,2.0490466080405554,9.998906600478904,4.557166626985065,11.43864101506486,4.569250602195581,12.047613654638454,9.367973422228005,9.36798643042961,14.568065201593186,14.556027090216304,unlabeled,unlabeled,unlabeled,unlabeled,unlabeled,unlabeled,unlabeled,unlabeled,unlabeled,unlabeled,unlabeled,unlabeled
10.0,2.0,0.126371,7.9489307457041045,0.5,0.47,-0.8883512725248721,-0.0018623353169004986,0.0018623353169004986,0.0,1.282359965983943,1.676368659443014,10.000808182949086,11.281305813616129,22.116843796263154,0.0,1.282359965983943,1.676368659443014,9.99884525329945,4.309104867069607,11.281305813616129,4.312944990417662,11.674942993004365,9.132387509490158,9.132389538324318,14.311799374103359,14.30798235804653,unlabeled,unlabeled,unlabeled,unlabeled,unlabeled,unlabeled,unlabeled,unlabeled,unlabeled,unlabeled,unlabeled,unlabeled
10.0,2.0,0.126371,7.9489307457041045,0.5,0.48,-0.9339148812367029,-0.0018849465671024745,0.0018849465671024745,0.0,1.1342361679779884,1.334557454719274,10.000808182949086,11.133159404359972,22.116843796263154,0.0,1.1342361679779884,1.334557454719274,9.998790520186887,4.093632275238576,11.133159404359972,4.094351227421001,11.333149776197615,8.92701422923112,8.927014324534511,14.093232639358177,14.092522955128516,unlabeled,unlabeled,unlabeled,unlabeled,unlabeled,unlabeled,unlabeled,unlabeled,unlabeled,unlabeled,unlabeled,unlabeled
10.0,2.0,0.126371,7.9489307457041045,0.5,0.49,-0.9629973163916645,-0.0018989769797457257,0.0018989769797457257,0.0,1.017320433216213,1.0716435500407613,10.000808182949086,11.016229639185553,22.116843796263154,0.0,1.017320433216213,1.0716435500407613,9.998747671038203,3.9352238792217946,11.016229639185553,3.935251224615868,11.070257430133694,8.77517878658081,8.775178781005408,13.934148212104276,13.934122929049863,unlabeled,unlabeled,unlabeled,unlabeled,unlabeled,unlabeled,unlabeled,unlabeled,unlabeled,unlabeled,unlabeled,unlabeled
10.0,2.0,0.126371,7.9489307457041045,0.5,0.5,-0.972993514254128,-0.0019037366449765614,0.0019037366449765614,0.0,0.9699782667621264,0.9669630192701248,10.000808182949086,10.968882713066236,22.116843796263154,0.0,0.9699782667621264,0.9669630192701248,9.998729900675201,3.873862069571416,10.968882713066236,3.873863148218291,10.965587702324072,8.716097719923198,8.716097719630753,13.872765212742252,13.872763990750641,unlabeled,unlabeled,unlabeled,unlabeled,unlabeled,unlabeled,unlabeled,unlabeled,unlabeled,unlabeled,unlabeled,unlabeled
10.0,1.5,0.168269,10.59147455897116,0.5,-0.5,-0.9744772465295028,-0.0025383058689811833,0.0025383058689811833,0.0,0.9704639101378518,0.9664505737462008,10.004134813299771,10.972060417568642,22.11675149139724,0.0,0.9704639101378518,0.9664505737462008,10.001364261803886,3.873800574727028,10.972060417568642,3.8738024857983078,10.967675065002837,8.715928491108613,8.715928490419955,13.87539614611184,13.875393981274783,unlabeled,unlabeled,unlabeled,unlabeled,unlabeled,unlabeled,unlabeled,unlabeled,unlabeled,unlabeled,unlabeled,unlabeled
10.0,1.5,0.168269,10.59147455897116,0.5,-0.49,-0.964476221664853,-0.002531961506377911,0.002531961506377911,0.0,1.0178068908911513,1.0711375601174495,10.004134813299771,11.019409742684545,22.11675149139724,0.0,1.0178068908911513,1.0711375601174495,10.001388009485893,3.9351585413463823,11.019409742684545,3.9351782155234645,11.072347573283793,8.775004193544774,8.77500418480848,13.936765121925788,13.936748117925404,unlabeled,unlabeled,unlabeled,unlabeled,unlabeled,unlabeled,unlabeled,unlabeled,unlabeled,unlabeled,unlabeled,unlabeled
10.0,1.5,0.168269,10.59147455897116,0.5,-0.48,-0.935378628802809,-0.0025132599902661923,0.0025132599902661923,0.0,1.134714519343973,1.334050409885137,10.004134813299771,11.136336072653478,22.11675149139724,0.0,1.134714519343973,1.334050409885137,10.001445240698033,4.093545141825061,11.136336072653478,4.0942304133272955,11.335231517855163,8.92681316171766,8.926813204364393,14.095796598860346,14.09512355400119,unlabeled,unlabeled,unlabeled,unlabeled,unlabeled,unlabeled,unlabeled,unlabeled,unlabeled,unlabeled,unlabeled,unlabeled
10.0,1.5,0.168269,10.59147455897116,0.5,-0.47,-0.8897877116253028,-0.0024831216185106086,0.0024831216185106086,0.0,1.282815069005764,1.6758424263862253,10.004134813299771,11.284466760687025,22.11675149139724,0.0,1.282815069005764,1.6758424263862253,10.001518300062202,4.308972558219821,11.284466760687025,4.312734174614462,11.676999364389232,9.132133111414902,9.132134851241005,14.31426439985539,14.31053337775269,unlabeled,unlabeled,unlabeled,unlabeled,unlabeled,unlabeled,unlabeled,unlabeled,unlabeled,unlabeled,unlabeled,unlabeled
10.0,1.5,0.168269,10.59147455897116,0.5,-0.46,-0.8316779609465641,-0.0024428630166255516,0.0024428630166255516,0.0,1.4400858008667967,2.0484936407870293,10.004134813299771,11.441777751149942,22.11675149139724,0.0,1.4400858008667967,2.0484936407870293,10.0016001430661,4.556971052436694,11.441777751149942,4.568911316172745,12.049640663045551,9.36764367785267,9.367655651674156,14.57038860171376,14.558509158047656,unlabeled,unlabeled,unlabeled,unlabeled,unlabeled,unlabeled,unlabeled,unlabeled,unlabeled,unlabeled,unlabeled,unlabeled
10.0,1.5,0.168269,10.59147455897116,0.5,-0.45,-0.7658881847065402,-0.0023939583785619334,0.0023939583785619334,0.0,1.5966986610738019,2.4275091374410636,10.004134813299771,11.598439515995011,22.11675149139724,0.0,1.5966986610738019,2.4275091374410636,10.00169090683552,4.824726474566745,11.598439515995011,4.8531990233850735,12.428664981418962,9.621913479924132,9.62196100287025,14.854604819806752,14.826238234941059,"|0,0>","|1,0>","|2,0>","|0,1>","|4,0>","|1,1>","|3,0>","|2,1>","|5,0>",unlabeled,"|0,2>","|6,0>"
10.0,1.5,0.168269,10.59147455897116,0.5,-0.44,-0.697482586448956,-0.00233782275599026,0.00233782275599026,0.0,1.7484944351925265,2.799506283936097,10.004134813299771,11.750291425736307,22.11675149139724,0.0,1.7484944351925265,2.799506283936097,10.001823430649438,5.161515159878348,11.750291425736307,5.10484767289357,12.80069146331293,9.889015258476604,9.889129609753198,15.106330943316195,15.16283039230332,"|0,0>","|1,0>","|2,0>","|0,1>","|4,0>","|1,1>","|3,0>","|2,1>","|5,0>",unlabeled,"|0,2>","|6,0>"
10.0,1.5,0.168269,10.59147455897116,0.5,-0.43,-0.6310627233255701,-0.002275651262735323,0.002275651262735323,0.0,1.893836149244322,3.156609575163074,10.004134813299771,11.895695311281358,22.11675149139724,0.0,1.893836149244322,3.156609575163074,10.001798182979144,5.4917787540363605,11.895695311281358,5.392463795944195,13.157843817686441,10.165495116301798,10.165975648036905,15.393917795856822,15.492985671358284,"|0,0>","|1,0>","|2,0>","|0,1>","|4,0>","|1,1>","|3,0>","|2,1>","|5,0>",unlabeled,"|0,2>","|6,0>"
10.0,1.5,0.168269,10.59147455897116,0.5,-0.42,-0.5701716689015512,-0.0022083086805366747,0.0022083086805366747,0.0,2.0322434445754283,3.4943152202493053,10.004134813299771,12.034169949194663,22.11675149139724,0.0,2.0322434445754283,3.4943152202493053,10.00191583386561,5.842197724365207,12.034169949194663,5.684031751420434,13.49561494337145,10.449087569843655,10.450039602993414,15.685456890410236,15.843281960104619,"|0,0>","|1,0>","|2,0>","|0,1>","|4,0>","|1,1>","|3,0>","|2,1>","|5,0>",unlabeled,"|0,2>","|6,0>"
10.0,1.5,0.168269,10.59147455897116,0.5,-0.41000000000000003,-0.5169592956988112,-0.0021362342978363813,0.0021362342978363813,0.0,2.1637732676603036,3.810587239621796,10.004134813299771,12.165771846662238,22.11675149139724,0.0,2.1637732676603036,3.810587239621796,10.002011803340991,6.210462162945944,12.165771846662238,5.976821035618627,13.811963786482039,10.738143402308339,10.739988955559454,15.978218734879832,16.211414060385934,"|0,0>","|1,0>","|2,0>","|0,1>","|4,0>","|1,1>","|3,0>","|2,1>","|5,0>",unlabeled,"|0,2>","|6,0>"
10.0,1.5,0.168269,10.59147455897116,0.5,-0.4,-0.4722020180659854,-0.0020593001475646133,0.0020593001475646133,0.0,2.2887230011763933,4.105243984286801,10.004134813299771,12.2907985143286,22.11675149139724,0.0,2.2887230011763933,4.105243984286801,10.002104512415897,6.593534774248539,12.2907985143286,6.2686660116013115,14.106703213970633,11.031354038439929,11.03469963122241,16.2700385431868,16.594349266713493,"|0,0>","|1,0>","|2,0>","|0,1>","|4,0>","|1,1>","|3,0>","|2,1>","|5,0>",unlabeled,"|0,2>","|6,0>"
10.0,1.5,0.168269,10.59147455897116,0.5,-0.39,-0.43561433994052834,-0.0019765068730777102,0.0019765068730777102,0.0,2.407483254120109,4.37935216829969,10.004134813299771,12.409641560546802,22.11675149139724,0.0,2.407483254120109,4.37935216829969,10.002196115066255,6.9878292277592635,12.409641560546802,6.557829617576417,14.380895308867125,11.327608452314195,11.333314622884402,16.559179964571157,16.988504249774863,"|0,0>","|1,0>","|2,0>","|0,1>","|4,0>","|1,1>","|3,0>","|2,1>","|5,0>",unlabeled,"|0,2>","|6,0>"
10.0,1.5,0.168269,10.59147455897116,0.5,-0.38,-0.40627716389317925,-0.0018852335841899048,0.0018852335841899048,0.0,2.5204645037308637,4.634651843568548,10.004134813299771,12.522714083446445,22.11675149139724,0.0,2.5204645037308637,4.634651843568548,10.00228712804747,7.389548193178342,12.522714083446445,6.842917238086798,14.636276972932848,11.625914100404273,11.63514941766175,16.84424896822388,17.390082078359185,"|0,0>","|1,0>","|2,0>","|0,1>","|4,0>","|1,1>","|3,0>","|2,1>","|5,0>",unlabeled,"|0,2>","|6,0>"
10.0,1.5,0.168269,10.59147455897116,0.5,-0.37,-0.3830180048519338,-0.001779140105611532,0.001779140105611532,0.0,2.6280616325971806,4.873105260342427,10.004134813299771,12.63041730579134,22.11675149139724,0.0,2.6280616325971806,4.873105260342427,10.002377765006969,7.794996781105496,12.63041730579134,7.122815476167631,14.874808758979725,11.92535043643872,11.93964040434426,17.12413261847051,17.795384969049223,"|0,0>","|1,0>","|2,0>","|0,1>","|4,0>","|1,1>","|3,0>","|2,1>","|5,0>",unlabeled,"|0,2>","|6,0>"
10.0,1.5,0.168269,10.59147455897116,0.5,-0.36,-0.36466574477715596,-0.0016409565606778642,0.0016409565606778642,0.0,2.7306382448819306,5.096610744986705,10.004134813299771,12.733132101621024,22.11675149139724,0.0,2.7306382448819306,5.096610744986705,10.002468286765136,8.200786629131443,12.733132101621024,7.396644782844007,15.098388372702331,12.225036486963063,12.246309033173503,17.39795169938411,18.201017332869682,"|0,0>","|1,0>","|2,0>","|0,1>","|4,0>","|1,1>","|3,0>","|2,1>","|5,0>",unlabeled,"|0,2>","|6,0>"
10.0,1.5,0.168269,10.59147455897116,0.5,-0.35,-0.3501820852370514,-0.0014063557041339436,0.0014063557041339436,0.0,2.828521270179735,5.306860455122418,10.004134813299771,12.831249727775372,22.11675149139724,0.0,2.828521270179735,5.306860455122418,10.002559302283515,8.603929425463463,12.831249727775372,7.6637207764418065,15.308708002518856,12.524080968549427,12.554733327036487,17.665022026456853,18.60397668456477,"|0,0>","|1,0>","|2,0>","|0,1>","|4,0>","|1,1>","|3,0>","|2,1>","|5,0>",unlabeled,"|0,2>","|6,0>"
10.0,1.5,0.168269,10.59147455897116,0.5,-0.33999999999999997,-0.3387069024203413,-0.0005002318783482451,0.0005002318783482451,0.0,2.922000777676274,5.505294652932207,10.004134813299771,12.925635359097697,22.11675149139724,0.0,2.922000777676274,5.505294652932207,10.002652533898612,9.001854629286129,12.925635359097697,7.923521648515404,15.507208265276716,12.821111896059762,12.864522779163522,17.9248218476435,19.001664285042338,"|0,0>","|1,0>","|2,0>","|0,1>","|4,0>","|1,1>","|3,0>","|2,1>","|5,0>",unlabeled,"|0,2>","|6,0>"
10.0,1.5,0.168269,10.59147455897116,0.5,-0.32999999999999996,-0.3295559545789075,-0.0029448488066350365,0.0029448488066350365,0.0,3.011332268269797,5.693108581960686,10.004134813299771,13.012522232762933,22.11675149139724,0.0,3.011332268269797,5.693108581960686,10.002754310374641,9.392385699538451,13.012522232762933,8.175660244601886,15.695084879239886,13.119382461585928,13.175294898475556,18.17696392608265,19.39183965386789,"|0,0>","|1,0>","|2,0>","|0,1>","|4,0>","|1,1>","|3,0>","|2,1>","|5,0>",unlabeled,"|0,2>","|6,0>"
10.0,1.5,0.168269,10.59147455897116,0.5,-0.32,-0.32219786056876387,-0.0020618659411013596,0.0020618659411013596,0.0,3.0967399852452218,5.87128210992168,10.004134813299771,13.098812932603892,22.11675149139724,0.0,3.0967399852452218,5.87128210992168,10.002913033591696,9.773668417368725,13.098812932603892,8.419859995269348,15.873318200929404,13.41147343774783,13.486653045919738,18.421171481682265,19.77244951912475,"|0,0>","|1,0>","|2,0>","|0,1>","|4,0>","|1,1>","|3,0>","|2,1>","|5,0>",unlabeled,"|0,2>","|6,0>"
10.0,1.5,0.168269,10.59147455897116,0.5,-0.31,-0.31622553144174503,-0.0018333758589363924,0.0018333758589363924,0.0,3.1784204816522674,6.04061543186279,10.004134813299771,13.180721919093102,22.11675149139724,0.0,3.1784204816522674,6.04061543186279,10.002673713690271,10.144681041475167,13.180721919093102,8.655934172779908,16.042708885933735,13.700656038714484,13.798166140091354,18.65725746641408,20.00524997054147,"|0,0>","|1,0>","|2,0>","|0,1>","|4,0>","|1,1>","|3,0>","|2,1>","|5,0>",unlabeled,"|0,2>","|6,0>"
10.0,1.5,0.168269,10.59147455897116,0.5,-0.3,-0.3113291984267619,-0.0017021131522767519,0.0017021131522767519,0.0,3.2565460652913885,6.201762932156015,10.004134813299771,13.258978765438883,22.11675149139724,0.0,3.2565460652913885,6.201762932156015,10.002894204623473,10.503386305028314,13.258978765438883,8.88376810117704,16.20391174603253,13.985694569125116,14.109351400144178,18.88510679873461,20.00570114831011,"|0,0>","|1,0>","|2,0>","|0,1>","|4,0>","|1,1>","|3,0>","|2,1>","|5,0>",unlabeled,"|0,2>","|6,0>"
10.0,1.5,0.168269,10.59147455897116,0.5,-0.29000000000000004,-0.3072736570391754,-0.001604561987662123,0.001604561987662123,0.0,3.3312679500369313,6.355262243034687,10.004134813299771,13.33379820134904,22.11675149139724,0.0,3.3312679500369313,6.355262243034687,10.002994039154231,10.84945454476356,13.33379820134904,9.103304020644543,16.357464825016592,14.265882022040529,14.41966152551008,19.104661255080003,20.00590218373901,"|0,0>","|1,0>","|2,0>","|0,1>","|4,0>","|1,1>","|3,0>","|2,1>","|5,0>",unlabeled,"|0,2>","|6,0>"
10.0,1.5,0.168269,10.59147455897116,0.5,-0.28,-0.3038801483500606,-0.0015234032741204828,0.0015234032741204828,0.0,3.4027190532648603,6.50155795817966,10.004134813299771,13.405330463290511,22.11675149139724,0.0,3.4027190532648603,6.50155795817966,10.003078294385475,11.182113898564992,13.405330463290511,9.314528338814526,16.50381314533263,14.540594699496012,14.728477559444684,19.315906747923165,20.006071757878246,"|0,0>","|1,0>","|2,0>","|0,1>","|4,0>","|1,1>","|3,0>","|2,1>","|5,0>",unlabeled,"|0,2>","|6,0>"
10.0,1.5,0.168269,10.59147455897116,0.5,-0.27,-0.30101239189103524,-0.0014520275918101788,0.0014520275918101788,0.0,3.471016436003822,6.641020480116609,10.004134813299771,13.473699221711783,22.11675149139724,0.0,3.471016436003822,6.641020480116609,10.003156134262241,11.500906063934451,13.473699221711783,9.517461013633906,16.64332760565206,14.809258365050326,15.035108172744714,19.51886273275936,20.006228466877985,"|0,0>","|1,0>","|2,0>","|0,1>","|4,0>","|1,1>","|3,0>","|2,1>","|5,0>",unlabeled,"|0,2>","|6,0>"
10.0,1.5,0.168269,10.59147455897116,0.5,-0.26,-0.2985660154666476,-0.0013873962137296303,0.0013873962137296303,0.0,3.536263409712845,6.773960803959042,10.004134813299771,13.539010826798886,22.11675149139724,0.0,3.536263409712845,6.773960803959042,10.00322984368836,11.805570553514954,13.539010826798886,9.712146818416002,16.77631984208557,15.071342106905846,15.33879534823582,19.713573493039746,20.006376919818692,"|0,0>","|1,0>","|2,0>","|0,1>","|4,0>","|1,1>","|3,0>","|2,1>","|5,0>",unlabeled,"|0,2>","|6,0>"
10.0,1.5,0.168269,10.59147455897116,0.5,-0.25,-0.2964606361158104,-0.0013279359067297491,0.0013279359067297491,0.0,3.5985513447038215,6.900642053291833,10.004134813299771,13.601358222096863,22.11675149139724,0.0,3.5985513447038215,6.900642053291833,10.003300219268283,12.09601125014251,13.601358222096863,9.898648246332073,16.903053893886423,15.326356575031909,15.63872562686359,19.900101059742255,20.006518716546935,"|0,0>","|1,0>","|2,0>","|0,1>","|4,0>","|1,1>","|3,0>","|2,1>","|5,0>",unlabeled,"|0,2>","|6,0>"
10.0,1.5,0.168269,10.59147455897116,0.5,-0.24,-0.2946339561488145,-0.0012727620979688936,0.0012727620979688936,0.0,3.657961218005383,7.021288479861951,10.004134813299771,13.660823269207185,22.11675149139724,0.0,3.657961218005383,7.021288479861951,10.003367581166472,12.37226651412685,13.660823269207185,10.077039822422705,17.023755443484035,15.57385292026052,15.934045382837468,20.07851953364988,20.006654496147817,"|0,0>","|1,0>","|2,0>","|0,1>","|4,0>","|1,1>","|3,0>","|2,1>","|5,0>",unlabeled,"|0,2>","|6,0>"
10.0,1.5,0.168269,10.59147455897116,0.5,-0.22999999999999998,-0.2930373677023823,-0.0012213454368037446,0.0012213454368037446,0.0,3.7145649368110014,7.1360925059196205,10.004134813299771,13.717478404673969,22.11675149139724,0.0,3.7145649368110014,7.1360925059196205,10.00343206120111,12.634480263398316,13.717478404673969,10.247403606472048,17.138619354035754,15.813421618828329,16.22387814231142,20.248910594271365,20.006784518519765,"|0,0>","|1,0>","|2,0>","|0,1>","|4,0>","|1,1>","|3,0>","|2,1>","|5,0>",unlabeled,"|0,2>","|6,0>"
10.0,1.5,0.168269,10.59147455897116,0.5,-0.21999999999999997,-0.2916326776563807,-0.001173352045114484,0.001173352045114484,0.0,3.7684264704194703,7.24522026318256,10.004134813299771,13.771387931674127,22.11675149139724,0.0,3.7684264704194703,7.24522026318256,10.003493706994377,12.8828747521314,13.771387931674127,10.40982568933157,17.247816362854792,16.044691000106283,16.507341677595505,20.411359998656394,20.006908874249632,"|0,0>","|1,0>","|2,0>","|0,1>","|4,0>","|1,1>","|3,0>","|2,1>","|5,0>",unlabeled,"|0,2>","|6,0>"
10.0,1.5,0.168269,10.59147455897116,0.5,-0.21000000000000002,-0.2903896613010062,-0.0011285602136581474,0.0011285602136581474,0.0,3.8196028194034994,7.348815977505993,10.004134813299771,13.822609072489612,22.11675149139724,0.0,3.8196028194034994,7.348815977505993,10.003552526181977,13.117726053816,13.822609072489612,10.564393506756915,17.35150062339528,16.267325475087404,16.783561940869646,20.565954895054986,20.007027573607587,"|0,0>","|1,0>","|2,0>","|0,1>","|4,0>","|1,1>","|3,0>","|2,1>","|5,0>",unlabeled,"|0,2>","|6,0>"
10.0,1.5,0.168269,10.59147455897116,0.5,-0.2,-0.28928422861964975,-0.0010868139381727815,0.0010868139381727815,0.0,3.8681448468065724,7.447005464993495,10.004134813299771,13.87119284616817,22.11675149139724,0.0,3.8681448468065724,7.447005464993495,10.003608507556464,13.339342998703899,13.87119284616817,10.711193817308683,17.449824101409774,16.481023520080058,17.051676955464103,20.712781798677923,20.00714058907245,"|0,0>","|1,0>","|2,0>","|0,1>","|4,0>","|1,1>","|3,0>","|2,1>","|5,0>",unlabeled,"|0,2>","|6,0>"
10.0,1.5,0.168269,10.59147455897116,0.5,-0.19,-0.2882970438666064,-0.0010479955764708393,0.0010479955764708393,0.0,3.914097992414071,7.539898940961535,10.004134813299771,13.917184810137371,22.11675149139724,0.0,3.914097992414071,7.539898940961535,10.003661632185569,13.548049922245426,13.917184810137371,10.850311212898191,17.54299547666021,16.685515485713324,17.31079257284769,20.85192509884638,20.007247877678154,"|0,0>","|1,0>","|2,0>","|0,1>","|4,0>","|1,1>","|3,0>","|2,1>","|5,0>",unlabeled,"|0,2>","|6,0>"
10.0,1.5,0.168269,10.59147455897116,0.5,-0.18,-0.287412481331657,-0.0010120090227587752,0.0010120090227587752,0.0,3.9575028878246457,7.627593294317634,10.004134813299771,13.960625692101658,22.11675149139724,0.0,3.9575028878246457,7.627593294317634,10.003711879726211,13.744173205499266,13.960625692101658,10.981827051364746,17.632072303495747,16.880561301356508,17.559201300723217,20.983465987391483,20.007349393708424,"|0,0>","|1,0>","|2,0>","|0,1>","|4,0>","|1,1>","|3,0>","|2,1>","|5,0>",unlabeled,"|0,2>","|6,0>"
10.0,1.5,0.168269,10.59147455897116,0.5,-0.16999999999999998,-0.28661783130992546,-0.0009787690260907311,0.0009787690260907311,0.0,3.998395887265943,7.71017394322196,10.004134813299771,14.001551931539623,22.11675149139724,0.0,3.998395887265943,7.71017394322196,10.003759232273609,13.928031303694524,14.001551931539623,11.105818719287825,17.711171821722814,17.065948138413376,17.8021790708365,21.107481716964244,20.007445096439625,"|0,0>","|1,0>","|2,0>","|0,1>","|4,0>","|1,1>","|3,0>","|2,1>","|5,0>",unlabeled,"|0,2>","|6,0>"
10.0,1.5,0.168269,10.59147455897116,0.5,-0.15999999999999998,-0.2859026930049424,-0.0009481942888101003,0.0009481942888101003,0.0,4.036809526625262,7.787716360245582,10.004134813299771,14.039996145636223,22.11675149139724,0.0,4.036809526625262,7.787716360245582,10.00380367681079,14.099927786526123,14.039996145636223,11.222359149863308,17.789707508581728,17.241488086734478,18.029753301289418,21.224045114322678,20.00753495504202,"|0,0>","|1,0>","|2,0>","|0,1>","|4,0>","|1,1>","|3,0>","|2,1>","|5,0>",unlabeled,"|0,2>","|6,0>"
10.0,1.5,0.168269,10.59147455897116,0.5,-0.14999999999999997,-0.28525850769108274,-0.0009202030112049897,0.0009202030112049897,0.0,4.072772921136902,7.860287334582722,10.004134813299771,14.075987531425469,22.11675149139724,0.0,4.072772921136902,7.860287334582722,10.00384520678847,14.260146843022142,14.075987531425469,11.331516534981247,17.862516717042297,17.407015888575017,18.24657743594844,21.333224287983995,20.007618951789567,"|0,0>","|1,0>","|2,0>","|0,1>","|4,0>","|1,1>","|3,0>","|2,1>","|5,0>",unlabeled,"|0,2>","|6,0>"
10.0,1.5,0.168269,10.59147455897116,0.5,-0.14,-0.28467819764449587,-0.0008947101187004591,0.0008947101187004591,0.0,4.106312110493576,7.927946023342656,10.004134813299771,14.109552213674647,22.11675149139724,0.0,4.106312110493576,7.927946023342656,10.003883823141763,14.408950708727062,14.109552213674647,11.433354182790126,17.930289508709023,17.56238676490881,18.4515023852977,21.435082481644955,20.007697084088107,"|0,0>","|1,0>","|2,0>","|0,1>","|4,0>","|1,1>","|3,0>","|2,1>","|5,0>",unlabeled,"|0,2>","|6,0>"
10.0,1.5,0.168269,10.59147455897116,0.5,-0.13,-0.28415588523387214,-0.0008716257464271848,0.0008716257464271848,0.0,4.137450358705237,7.990744832176603,10.004134813299771,14.140713546258581,22.11675149139724,0.0,4.137450358705237,7.990744832176603,10.003919534838857,14.546578525224888,14.140713546258581,11.527930482026136,17.993158634753357,17.707474360184122,18.643985404217787,21.52967803473493,20.007769365587265,"|0,0>","|1,0>","|2,0>","|0,1>","|4,0>","|1,1>","|3,0>","|2,1>","|5,0>",unlabeled,"|0,2>","|6,0>"
10.0,1.5,0.168269,10.59147455897116,0.5,-0.12,-0.2836866729864056,-0.0008508546458614319,0.0008508546458614319,0.0,4.166208414808693,8.048730156630981,10.004134813299771,14.169492373462603,22.11675149139724,0.0,4.166208414808693,8.048730156630981,10.003952359034386,14.673246217305064,14.169492373462603,11.61529894269205,18.051193221689815,17.84216882387703,18.823594270797855,21.617064419757668,20.00783582651961,"|0,0>","|1,0>","|2,0>","|0,1>","|4,0>","|1,1>","|3,0>","|2,1>","|5,0>",unlabeled,"|0,2>","|6,0>"
10.0,1.5,0.168269,10.59147455897116,0.5,-0.10999999999999999,-0.28326647043176933,-0.0008322963976326037,0.0008322963976326037,0.0,4.1926047396225385,8.101943008813308,10.004134813299771,14.195907256524677,22.11675149139724,0.0,4.1926047396225385,8.101943008813308,10.003982320870819,14.789147054119852,14.195907256524677,11.695508289293159,18.10444320814311,17.96637504062275,18.989960065820313,21.69729033264474,20.007896513282873,"|0,0>","|1,0>","|2,0>","|0,1>","|4,0>","|1,1>","|3,0>","|2,1>","|5,0>",unlabeled,"|0,2>","|6,0>"
10.0,1.5,0.168269,10.59147455897116,0.5,-0.09999999999999998,-0.28289185689595797,-0.0008158462801901578,0.0008158462801901578,0.0,4.216655702834274,8.15041954877259,10.004134813299771,14.219974669853855,22.11675149139724,0.0,4.216655702834274,8.15041954877259,10.004009452888013,14.894452636708081,14.219974669853855,11.768602588219792,18.152948989647726,18.080011015263963,19.14276437006461,21.77039981772812,20.007951487302492,"|0,0>","|1,0>","|2,0>","|0,1>","|4,0>","|1,1>","|3,0>","|2,1>","|5,0>",unlabeled,"|0,2>","|6,0>"
10.0,1.5,0.168269,10.59147455897116,0.5,-0.08999999999999997,-0.2825599721605272,-0.000801396681978872,0.000801396681978872,0.0,4.23837575404859,8.194191535936653,10.004134813299771,14.241709170666383,22.11675149139724,0.0,4.23837575404859,8.194191535936653,10.004033794092237,14.989314120097333,14.241709170666383,11.834621395073015,18.19674460451877,18.183006414828142,19.281732758014314,21.836432413142646,20.00800082316823,"|0,0>","|1,0>","|2,0>","|0,1>","|4,0>","|1,1>","|3,0>","|2,1>","|5,0>",unlabeled,"|0,2>","|6,0>"
10.0,1.5,0.168269,10.59147455897116,0.5,-0.08000000000000002,-0.28226842885976566,-0.0007888389908856652,0.0007888389908856652,0.0,4.257777570852525,8.233286712845285,10.004134813299771,14.26112354516141,22.11675149139724,0.0,4.257777570852525,8.233286712845285,10.004055388665847,15.073863531759145,14.26112354516141,11.89359991109393,18.23585913709634,18.27530126604462,19.406630071328607,21.89542330576485,20.008044606065354,"|0,0>","|1,0>","|2,0>","|0,1>","|4,0>","|1,1>","|3,0>","|2,1>","|5,0>",unlabeled,"|0,2>","|6,0>"
10.0,1.5,0.168269,10.59147455897116,0.5,-0.07,-0.28201524198992445,-0.0007780658576166388,0.0007780658576166388,0.0,4.274872186443034,8.267729130896143,10.004134813299771,14.278228933885188,22.11675149139724,0.0,4.274872186443034,8.267729130896143,10.004074284348178,15.148215090119237,14.278228933885188,11.945569140425818,18.27031748362208,18.356844804625112,19.517256445279315,21.94740348742765,20.00808292856398,"|0,0>","|1,0>","|2,0>","|0,1>","|4,0>","|1,1>","|3,0>","|2,1>","|5,0>",unlabeled,"|0,2>","|6,0>"
10.0,1.5,0.168269,10.59147455897116,0.5,-0.06,-0.2817987720083579,-0.0007689737325478063,0.0007689737325478063,0.0,4.289669098955883,8.297539425903409,10.004134813299771,14.293034938523107,22.11675149139724,0.0,4.289669098955883,8.297539425903409,10.004090530553455,15.212466458286457,14.293034938523107,11.990556041966911,18.30014083911385,18.42759447079412,19.61344381618416,21.992399906104993,20.00811588685876,"|0,0>","|1,0>","|2,0>","|0,1>","|4,0>","|1,1>","|3,0>","|2,1>","|5,0>",unlabeled,"|0,2>","|6,0>"
10.0,1.5,0.168269,10.59147455897116,0.5,-0.04999999999999999,-0.28161767889439204,-0.0007614655508518808,0.0007614655508518808,0.0,4.302176364270807,8.322735049647221,10.004134813299771,14.305549712019726,22.11675149139724,0.0,4.302176364270807,8.322735049647221,10.004104176276059,15.266699891100771,14.305549712019726,12.028583671117616,18.32534703888699,18.48751504463499,19.695052838416174,22.030435607327178,20.008143576615055,"|0,0>","|1,0>","|2,0>","|0,1>","|4,0>","|1,1>","|3,0>","|2,1>","|5,0>",unlabeled,"|0,2>","|6,0>"
10.0,1.5,0.168269,10.59147455897116,0.5,-0.03999999999999998,-0.2814708851933858,-0.0007554534363833909,0.0007554534363833909,0.0,4.312400673769318,8.34333046234525,10.004134813299771,14.315780033632706,22.11675149139724,0.0,4.312400673769318,8.34333046234525,10.004115267907537,15.310983249758607,14.315780033632706,12.059671307902548,18.34595081193997,18.53657791434928,19.761970197801176,22.061529862208232,20.00816608859506,"|0,0>","|1,0>","|2,0>","|0,1>","|4,0>","|1,1>","|3,0>","|2,1>","|5,0>",unlabeled,"|0,2>","|6,0>"
10.0,1.5,0.168269,10.59147455897116,0.5,-0.02999999999999997,-0.2813575466193896,-0.0007508613209665782,0.0007508613209665782,0.0,4.32034741826088,8.35933728990237,10.004134813299771,14.323731370239685,22.11675149139724,0.0,4.32034741826088,8.35933728990237,10.004123847052782,15.345370869263675,14.323731370239685,12.08383456884087,18.361963973637913,18.574760470646154,19.814106324795688,22.085698279457517,20.008183504335207,"|0,0>","|1,0>","|2,0>","|0,1>","|4,0>","|1,1>","|3,0>","|2,1>","|5,0>",unlabeled,"|0,2>","|6,0>"
10.0,1.5,0.168269,10.59147455897116,0.5,-0.020000000000000018,-0.2812770291363478,-0.0007476273004272116,0.0007476273004272116,0.0,4.32602073903665,8.370764448936953,10.004134813299771,14.329407925035994,22.11675149139724,0.0,4.32602073903665,8.370764448936953,10.004129948503618,15.36990427108816,14.329407925035994,12.10108550066552,18.3733955720287,18.602045620884184,19.85139351405907,22.10295289931534,20.008195892090995,"|0,0>","|1,0>","|2,0>","|0,1>","|4,0>","|1,1>","|3,0>","|2,1>","|5,0>",unlabeled,"|0,2>","|6,0>"
10.0,1.5,0.168269,10.59147455897116,0.5,-0.010000000000000009,-0.2812288917561574,-0.0007457056312745181,0.0007457056312745181,0.0,4.329423566815137,8.377618241874117,10.004134813299771,14.332812674483634,22.11675149139724,0.0,4.329423566815137,8.377618241874117,10.004133598483008,15.384612717808267,14.332812674483634,12.111432654457502,18.380251995932966,18.61842141740742,19.87378445642264,22.113302267966475,20.00820330335185,"|0,0>","|1,0>","|2,0>","|0,1>","|4,0>","|1,1>","|3,0>","|2,1>","|5,0>",unlabeled,"|0,2>","|6,0>"
10.0,1.5,0.168269,10.59147455897116,0.5,0.0,-0.28121287457776134,-0.0007450682297331923,0.0007450682297331923,0.0,4.330557649166806,8.379902423755851,10.004134813299771,14.333947394236844,22.11675149139724,0.0,4.330557649166806,8.379902423755851,10.004134813299771,15.389513608885125,14.333947394236844,12.11488113925401,18.3825370494896,18.623880795473625,19.88125118760516,22.11675149139724,20.008205770149218,"|0,0>","|1,0>","|2,0>","|0,1>","|4,0>","|1,1>","|3,0>","|2,1>","|5,0>",unlabeled,"|0,2>","|6,0>"
10.0,1.5,0.168269,10.59147455897116,0.5,0.010000000000000009,-0.28122889175440946,-0.0007457056303508125,0.0007457056303508125,0.0,4.329423566814583,8.377618241874757,10.004134813299771,14.332812674484003,22.11675149139724,0.0,4.329423566814583,8.377618241874757,10.004133598483051,15.38461271780902,14.332812674484003,12.111432654457502,18.38025199593352,18.61842141740766,19.87378445642304,22.11330226796663,20.008203303352886,"|0,0>","|1,0>","|2,0>","|0,1>","|4,0>","|1,1>","|3,0>","|2,1>","|5,0>",unlabeled,"|0,2>","|6,0>"
10.0,1.5,0.168269,10.59147455897116,0.5,0.020000000000000018,-0.2812770291371578,-0.0007476273014361823,0.0007476273014361823,0.0,4.326020739036764,8.37076444893637,10.004134813299771,14.329407925035099,22.11675149139724,0.0,4.326020739036764,8.37076444893637,10.00412994850393,15.36990427108779,14.329407925035099,12.101085500665619,18.373395572029224,18.602045620885207,19.851393514058557,22.10295289931669,20.008195892090896,"|0,0>","|1,0>","|2,0>","|0,1>","|4,0>","|1,1>","|3,0>","|2,1>","|5,0>",unlabeled,"|0,2>","|6,0>"
10.0,1.5,0.168269,10.59147455897116,0.5,0.030000000000000027,-0.2813575466197591,-0.000750861321478169,0.000750861321478169,0.0,4.320347418260937,8.359337289902115,10.004134813299771,14.32373137023923,22.11675149139724,0.0,4.320347418260937,8.359337289902115,10.004123847053322,15.345370869263078,14.32373137023923,12.08383456884259,18.361963973637714,18.574760470645714,19.814106324796867,22.08569827945898,20.008183504334994,"|0,0>","|1,0>","|2,0>","|0,1>","|4,0>","|1,1>","|3,0>","|2,1>","|5,0>",unlabeled,"|0,2>","|6,0>"
10.0,1.5,0.168269,10.59147455897116,0.5,0.040000000000000036,-0.2814708851896768,-0.0007554534362554932,0.0007554534362554932,0.0,4.312400673767854,8.343330462346032,10.004134813299771,14.31578003363137,22.11675149139724,0.0,4.312400673767854,8.343330462346032,10.00411526790711,15.310983249757086,14.31578003363137,12.059671307902406,18.34595081194054,18.53657791434931,19.761970197802526,22.061529862209483,20.00816608859587,"|0,0>","|1,0>","|2,0>","|0,1>","|4,0>","|1,1>","|3,0>","|2,1>","|5,0>",unlabeled,"|0,2>","|6,0>"
10.0,1.5,0.168269,10.59147455897116,0.5,0.050000000000000044,-0.28161767889125144,-0.0007614655510082002,0.0007614655510082002,0.0,4.302176364268604,8.322735049645956,10.004134813299771,14.305549712017367,22.11675149139724,0.0,4.302176364268604,8.322735049645956,10.004104176275888,15.266699891098497,14.305549712017367,12.028583671117786,18.32534703888591,18.487515044634904,19.69505283841508,22.030435607326822,20.00814357661504,"|0,0>","|1,0>","|2,0>","|0,1>","|4,0>","|1,1>","|3,0>","|2,1>","|5,0>",unlabeled,"|0,2>","|6,0>"
10.0,1.5,0.168269,10.59147455897116,0.5,0.06000000000000005,-0.28179877200986425,-0.0007689737347931214,0.0007689737347931214,0.0,4.289669098956352,8.29753942590284,10.004134813299771,14.29303493852133,22.11675149139724,0.0,4.289669098956352,8.29753942590284,10.004090530552318,15.212466458285803,14.29303493852133,11.990556041966599,18.300140839114164,18.427594470795313,19.613443816185196,21.992399906106385,20.008115886859827,"|0,0>","|1,0>","|2,0>","|0,1>","|4,0>","|1,1>","|3,0>","|2,1>","|5,0>",unlabeled,"|0,2>","|6,0>"
10.0,1.5,0.168269,10.59147455897116,0.5,0.07000000000000006,-0.28201524199086236,-0.0007780658595066825,0.0007780658595066825,0.0,4.274872186443616,8.26772913089637,10.004134813299771,14.27822893388388,22.11675149139724,0.0,4.274872186443616,8.26772913089637,10.004074284348292,15.148215090118,14.27822893388388,11.945569140426358,18.270317483621696,18.35684480462494,19.51725644527977,21.947403487427252,20.008082928563837,"|0,0>","|1,0>","|2,0>","|0,1>","|4,0>","|1,1>","|3,0>","|2,1>","|5,0>",unlabeled,"|0,2>","|6,0>"
10.0,1.5,0.168269,10.59147455897116,0.5,0.07999999999999996,-0.28226842885949566,-0.0007888389912409366,0.0007888389912409366,0.0,4.257777570852369,8.233286712845242,10.004134813299771,14.261123545160899,22.11675149139724,0.0,4.257777570852369,8.233286712845242,10.00405538866653,15.073863531758136,14.261123545160899,11.893599911094427,18.23585913709634,18.275301266044593,19.40663007132993,21.895423305763714,20.008044606066463,"|0,0>","|1,0>","|2,0>","|0,1>","|4,0>","|1,1>","|3,0>","|2,1>","|5,0>",unlabeled,"|0,2>","|6,0>"
10.0,1.5,0.168269,10.59147455897116,0.5,0.08999999999999997,-0.2825599721588361,-0.0008013966823199326,0.0008013966823199326,0.0,4.238375754047624,8.194191535936412,10.004134813299771,14.241709170665075,22.11675149139724,0.0,4.238375754047624,8.194191535936412,10.004033794092237,14.98931412009577,14.241709170665075,11.834621395072034,18.19674460451924,18.18300641482712,19.281732758013348,21.836432413142305,20.008000823168928,"|0,0>","|1,0>","|2,0>","|0,1>","|4,0>","|1,1>","|3,0>","|2,1>","|5,0>",unlabeled,"|0,2>","|6,0>"
10.0,1.5,0.168269,10.59147455897116,0.5,0.09999999999999998,-0.2828918568972085,-0.000815846280957544,0.000815846280957544,0.0,4.216655702834544,8.150419548771879,10.004134813299771,14.219974669853357,22.11675149139724,0.0,4.216655702834544,8.150419548771879,10.00400945288736,14.894452636706632,14.219974669853357,11.76860258822002,18.15294898964784,18.080011015263892,19.142764370065777,21.770399817727878,20.00795148730292,"|0,0>","|1,0>","|2,0>","|0,1>","|4,0>","|1,1>","|3,0>","|2,1>","|5,0>",unlabeled,"|0,2>","|6,0>"
10.0,1.5,0.168269,10.59147455897116,0.5,0.10999999999999999,-0.28326647043111564,-0.0008322963973199649,0.0008322963973199649,0.0,4.192604739622055,8.101943008812995,10.004134813299771,14.195907256524507,22.11675149139724,0.0,4.192604739622055,8.101943008812995,10.003982320870335,14.789147054118388,14.195907256524507,11.695508289293343,18.104443208143522,17.966375040621855,18.9899600658202,21.697290332643504,20.007896513282247,"|0,0>","|1,0>","|2,0>","|0,1>","|4,0>","|1,1>","|3,0>","|2,1>","|5,0>",unlabeled,"|0,2>","|6,0>"
10.0,1.5,0.168269,10.59147455897116,0.5,0.12,-0.28368667298504135,-0.0008508546450229915,0.0008508546450229915,0.0,4.166208414807286,8.048730156629532,10.004134813299771,14.169492373462035,22.11675149139724,0.0,4.166208414807286,8.048730156629532,10.003952359034315,14.673246217303443,14.169492373462035,11.615298942692377,18.051193221690212,17.842168823876406,18.823594270797813,21.617064419757938,20.00783582651944,"|0,0>","|1,0>","|2,0>","|0,1>","|4,0>","|1,1>","|3,0>","|2,1>","|5,0>",unlabeled,"|0,2>","|6,0>"
10.0,1.5,0.168269,10.59147455897116,0.5,0.13,-0.2841558852331616,-0.0008716257466687694,0.0008716257466687694,0.0,4.13745035870501,7.990744832176858,10.004134813299771,14.140713546258112,22.11675149139724,0.0,4.13745035870501,7.990744832176858,10.003919534837692,14.546578525224604,14.140713546258112,11.52793048202686,17.993158634754238,17.707474360184463,18.643985404218938,21.52967803473628,20.00776936558755,"|0,0>","|1,0>","|2,0>","|0,1>","|4,0>","|1,1>","|3,0>","|2,1>","|5,0>",unlabeled,"|0,2>","|6,0>"
10.0,1.5,0.168269,10.59147455897116,0.5,0.14,-0.2846781976442685,-0.0008947101194536344,0.0008947101194536344,0.0,4.106312110494059,7.92794602334385,10.004134813299771,14.109552213674377,22.11675149139724,0.0,4.106312110494059,7.92794602334385,10.00388382314297,14.408950708726493,14.109552213674377,11.433354182790794,17.93028950870969,17.562386764909107,18.45150238529827,21.4350824816448,20.007697084088903,"|0,0>","|1,0>","|2,0>","|0,1>","|4,0>","|1,1>","|3,0>","|2,1>","|5,0>",unlabeled,"|0,2>","|6,0>"
10.0,1.5,0.168269,10.59147455897116,0.5,0.15000000000000002,-0.285258507690358,-0.0009202030113613091,0.0009202030113613091,0.0,4.07277292113713,7.8602873345839015,10.004134813299771,14.07598753142554,22.11675149139724,0.0,4.07277292113713,7.8602873345839015,10.00384520678864,14.260146843021772,14.07598753142554,11.331516534981887,17.862516717041686,17.407015888576083,18.246577435948666,21.333224287984635,20.007618951790164,"|0,0>","|1,0>","|2,0>","|0,1>","|4,0>","|1,1>","|3,0>","|2,1>","|5,0>",unlabeled,"|0,2>","|6,0>"
10.0,1.5,0.168269,10.59147455897116,0.5,0.16000000000000003,-0.28590269300629245,-0.0009481942896911733,0.0009481942896911733,0.0,4.03680952662647,7.787716360246648,10.004134813299771,14.03999614563655,22.11675149139724,0.0,4.03680952662647,7.787716360246648,10.003803676811529,14.099927786526251,14.03999614563655,11.222359149864602,17.789707508582367,17.24148808673536,18.029753301289034,21.22404511432258,20.00753495504263,"|0,0>","|1,0>","|2,0>","|0,1>","|4,0>","|1,1>","|3,0>","|2,1>","|5,0>",unlabeled,"|0,2>","|6,0>"
10.0,1.5,0.168269,10.59147455897116,0.5,0.17000000000000004,-0.28661783131005336,-0.0009787690267728522,0.0009787690267728522,0.0,3.9983958872662697,7.710173943222486,10.004134813299771,14.001551931539268,22.11675149139724,0.0,3.9983958872662697,7.710173943222486,10.003759232274334,13.92803130369461,14.001551931539268,11.10581871928909,17.711171821723312,17.06594813841295,17.8021790708368,21.107481716965253,20.007445096439966,"|0,0>","|1,0>","|2,0>","|0,1>","|4,0>","|1,1>","|3,0>","|2,1>","|5,0>",unlabeled,"|0,2>","|6,0>"
10.0,1.5,0.168269,10.59147455897116,0.5,0.18000000000000005,-0.28741248133290753,-0.0010120090231851009,0.0010120090231851009,0.0,3.9575028878245746,7.627593294316242,10.004134813299771,13.96062569210116,22.11675149139724,0.0,3.9575028878245746,7.627593294316242,10.003711879724762,13.744173205498726,13.96062569210116,10.981827051363922,17.632072303495406,16.880561301355712,17.559201300722506,20.983465987390986,20.007349393708992,"|0,0>","|1,0>","|2,0>","|0,1>","|4,0>","|1,1>","|3,0>","|2,1>","|5,0>",unlabeled,"|0,2>","|6,0>"
10.0,1.5,0.168269,10.59147455897116,0.5,0.19000000000000006,-0.2882970438694201,-0.001047995576499261,0.001047995576499261,0.0,3.9140979924149093,7.5398989409603985,10.004134813299771,13.917184810138181,22.11675149139724,0.0,3.9140979924149093,7.5398989409603985,10.003661632184546,13.54804992224534,13.917184810138181,10.850311212898688,17.542995476660096,16.685515485713253,17.310792572847618,20.851925098845427,20.007247877677415,"|0,0>","|1,0>","|2,0>","|0,1>","|4,0>","|1,1>","|3,0>","|2,1>","|5,0>",unlabeled,"|0,2>","|6,0>"
10.0,1.5,0.168269,10.59147455897116,0.5,0.20000000000000007,-0.2892842286216535,-0.0010868139382580466,0.0010868139382580466,0.0,3.8681448468074677,7.447005464993282,10.004134813299771,13.87119284616898,22.11675149139724,0.0,3.8681448468074677,7.447005464993282,10.003608507556393,13.339342998704623,13.87119284616898,10.711193817309166,17.44982410141013,16.481023520080697,17.051676955465055,20.712781798677796,20.007140589073842,"|0,0>","|1,0>","|2,0>","|0,1>","|4,0>","|1,1>","|3,0>","|2,1>","|5,0>",unlabeled,"|0,2>","|6,0>"
10.0,1.5,0.168269,10.59147455897116,0.5,0.20999999999999996,-0.2903896612995851,-0.001128560212237062,0.001128560212237062,0.0,3.819602819402647,7.3488159775057085,10.004134813299771,13.822609072490181,22.11675149139724,0.0,3.819602819402647,7.3488159775057085,10.003552526181707,13.11772605381664,13.822609072490181,10.564393506757597,17.35150062339555,16.267325475087745,16.78356194087003,20.565954895055285,20.007027573607317,"|0,0>","|1,0>","|2,0>","|0,1>","|4,0>","|1,1>","|3,0>","|2,1>","|5,0>",unlabeled,"|0,2>","|6,0>"
10.0,1.5,0.168269,10.59147455897116,0.5,0.21999999999999997,-0.29163267765869705,-0.0011733520466350456,0.0011733520466350456,0.0,3.768426470420337,7.245220263181977,10.004134813299771,13.771387931673473,22.11675149139724,0.0,3.768426470420337,7.245220263181977,10.00349370699415,12.882874752130903,13.771387931673473,10.409825689331313,17.24781636285462,16.044691000105473,16.507341677596585,20.41135999865601,20.00690887424767,"|0,0>","|1,0>","|2,0>","|0,1>","|4,0>","|1,1>","|3,0>","|2,1>","|5,0>",unlabeled,"|0,2>","|6,0>"
10.0,1.5,0.168269,10.59147455897116,0.5,0.22999999999999998,-0.29303736770135913,-0.0012213454361926779,0.0012213454361926779,0.0,3.714564936810376,7.136092505919393,10.004134813299771,13.717478404673955,22.11675149139724,0.0,3.714564936810376,7.136092505919393,10.003432061200144,12.634480263397705,13.717478404673955,10.247403606471181,17.138619354036365,15.813421618827718,16.223878142311662,20.248910594270427,20.006784518517804,"|0,0>","|1,0>","|2,0>","|0,1>","|4,0>","|1,1>","|3,0>","|2,1>","|5,0>",unlabeled,"|0,2>","|6,0>"
10.0,1.5,0.168269,10.59147455897116,0.5,0.24,-0.294633956149724,-0.0012727620979973153,0.0012727620979973153,0.0,3.6579612180051697,7.021288479860615,10.004134813299771,13.660823269206944,22.11675149139724,0.0,3.6579612180051697,7.021288479860615,10.003367581166188,12.372266514126366,13.660823269206944,10.07703982242252,17.023755443483807,15.573852920259625,15.934045382837425,20.078519533649796,20.006654496147178,"|0,0>","|1,0>","|2,0>","|0,1>","|4,0>","|1,1>","|3,0>","|2,1>","|5,0>",unlabeled,"|0,2>","|6,0>"
10.0,1.5,0.168269,10.59147455897116,0.5,0.25,-0.29646063611561146,-0.0013279359069713337,0.0013279359069713337,0.0,3.5985513447029405,6.9006420532902695,10.004134813299771,13.60135822209574,22.11675149139724,0.0,3.5985513447029405,6.9006420532902695,10.0033002192677,12.09601125014278,13.60135822209574,9.898648246330964,16.903053893887517,15.326356575030857,15.638725626863732,19.900101059742298,20.006518716546836,"|0,0>","|1,0>","|2,0>","|0,1>","|4,0>","|1,1>","|3,0>","|2,1>","|5,0>",unlabeled,"|0,2>","|6,0>"
10.0,1.5,0.168269,10.59147455897116,0.5,0.26,-0.29856601546670447,-0.001387396213161196,0.001387396213161196,0.0,3.536263409712163,6.773960803957621,10.004134813299771,13.539010826798773,22.11675149139724,0.0,3.536263409712163,6.773960803957621,10.003229843688388,11.805570553514613,13.539010826798773,9.71214681841505,16.776319842086764,15.071342106904481,15.338795348235081,19.713573493041125,20.00637691981919,"|0,0>","|1,0>","|2,0>","|0,1>","|4,0>","|1,1>","|3,0>","|2,1>","|5,0>",unlabeled,"|0,2>","|6,0>"
10.0,1.5,0.168269,10.59147455897116,0.5,0.27,-0.3010123918932095,-0.0014520275925207216,0.0014520275925207216,0.0,3.471016436005087,6.641020480116964,10.004134813299771,13.473699221712337,22.11675149139724,0.0,3.471016436005087,6.641020480116964,10.003156134261559,11.500906063934792,13.473699221712337,9.517461013634275,16.64332760565452,14.809258365050752,15.035108172745964,19.518862732760923,20.006228466878383,"|0,0>","|1,0>","|2,0>","|0,1>","|4,0>","|1,1>","|3,0>","|2,1>","|5,0>",unlabeled,"|0,2>","|6,0>"
10.0,1.5,0.168269,10.59147455897116,0.5,0.28,-0.3038801483507143,-0.0015234032732109881,0.0015234032732109881,0.0,3.4027190532655,6.501557958180285,10.004134813299771,13.40533046329206,22.11675149139724,0.0,3.4027190532655,6.501557958180285,10.003078294386398,11.182113898565916,13.40533046329206,9.314528338814597,16.50381314533294,14.540594699496324,14.728477559445494,19.315906747922895,20.00607175787883,"|0,0>","|1,0>","|2,0>","|0,1>","|4,0>","|1,1>","|3,0>","|2,1>","|5,0>",unlabeled,"|0,2>","|6,0>"
10.0,1.5,0.168269,10.59147455897116,0.5,0.29000000000000004,-0.30727365703631904,-0.0016045619880316053,0.0016045619880316053,0.0,3.3312679500358513,6.355262243035384,10.004134813299771,13.33379820134759,22.11675149139724,0.0,3.3312679500358513,6.355262243035384,10.002994039154132,10.849454544763532,13.33379820134759,9.103304020642454,16.357464825017686,14.265882022038653,14.419661525509511,19.104661255079407,20.005902183738698,"|0,0>","|1,0>","|2,0>","|0,1>","|4,0>","|1,1>","|3,0>","|2,1>","|5,0>",unlabeled,"|0,2>","|6,0>"
10.0,1.5,0.168269,10.59147455897116,0.5,0.30000000000000004,-0.3113291984253266,-0.0017021131516372634,0.0017021131516372634,0.0,3.2565460652910474,6.201762932156768,10.004134813299771,13.258978765439181,22.11675149139724,0.0,3.2565460652910474,6.201762932156768,10.00289420462397,10.503386305027831,13.258978765439181,8.883768101176486,16.20391174603455,13.985694569125329,14.109351400144376,18.885106798735933,20.005701148313364,"|0,0>","|1,0>","|2,0>","|0,1>","|4,0>","|1,1>","|3,0>","|2,1>","|5,0>",unlabeled,"|0,2>","|6,0>"
10.0,1.5,0.168269,10.59147455897116,0.5,0.31000000000000005,-0.3162255314435214,-0.0018333758596895677,0.0018333758596895677,0.0,3.1784204816521964,6.040615431860871,10.004134813299771,13.180721919092278,22.11675149139724,0.0,3.1784204816521964,6.040615431860871,10.002673713690172,10.144681041474584,13.180721919092278,8.655934172778956,16.04270888593348,13.70065603871332,13.798166140089975,18.65725746641246,20.005249970537804,"|0,0>","|1,0>","|2,0>","|0,1>","|4,0>","|1,1>","|3,0>","|2,1>","|5,0>",unlabeled,"|0,2>","|6,0>"
10.0,1.5,0.168269,10.59147455897116,0.5,0.32000000000000006,-0.32219786056792543,-0.002061865941357155,0.002061865941357155,0.0,3.0967399852442696,5.871282109920614,10.004134813299771,13.098812932602684,22.11675149139724,0.0,3.0967399852442696,5.871282109920614,10.002913033589877,9.773668417367219,13.098812932602684,8.419859995268752,15.87331820093037,13.41147343774611,13.486653045918814,18.421171481682677,19.772449519122773,"|0,0>","|1,0>","|2,0>","|0,1>","|4,0>","|1,1>","|3,0>","|2,1>","|5,0>",unlabeled,"|0,2>","|6,0>"
10.0,1.5,0.168269,10.59147455897116,0.5,0.33000000000000007,-0.32955595458054177,-0.0029448488077292723,0.0029448488077292723,0.0,3.011332268270394,5.693108581960246,10.004134813299771,13.012522232762436,22.11675149139724,0.0,3.011332268270394,5.693108581960246,10.002754310372822,9.392385699538778,13.012522232762436,8.175660244602781,15.695084879240028,13.11938246158536,13.175294898475855,18.176963926081825,19.391839653868047,"|0,0>","|1,0>","|2,0>","|0,1>","|4,0>","|1,1>","|3,0>","|2,1>","|5,0>",unlabeled,"|0,2>","|6,0>"
10.0,1.5,0.168269,10.59147455897116,0.5,0.33999999999999997,-0.338706902417627,-0.0005002318775950698,0.0005002318775950698,0.0,2.9220007776756347,5.505294652933642,10.004134813299771,12.92563535909781,22.11675149139724,0.0,2.9220007776756347,5.505294652933642,10.00265253389857,9.001854629287195,12.92563535909781,7.92352164851691,15.507208265279715,12.821111896059847,12.864522779164233,17.9248218476462,19.00166428504211,"|0,0>","|1,0>","|2,0>","|0,1>","|4,0>","|1,1>","|3,0>","|2,1>","|5,0>",unlabeled,"|0,2>","|6,0>"
10.0,1.5,0.168269,10.59147455897116,0.5,0.35,-0.3501820852389841,-0.0014063557045744801,0.0014063557045744801,0.0,2.8285212701811844,5.306860455123385,10.004134813299771,12.831249727776381,22.11675149139724,0.0,2.8285212701811844,5.306860455123385,10.002559302283942,8.603929425463463,12.831249727776381,7.663720776442645,15.308708002519936,12.524080968550066,12.554733327037184,17.665022026457066,18.603976684568238,"|0,0>","|1,0>","|2,0>","|0,1>","|4,0>","|1,1>","|3,0>","|2,1>","|5,0>",unlabeled,"|0,2>","|6,0>"
10.0,1.5,0.168269,10.59147455897116,0.5,0.36,-0.36466574477502434,-0.0016409565614452504,0.0016409565614452504,0.0,2.730638244881135,5.096610744987245,10.004134813299771,12.73313210161946,22.11675149139724,0.0,2.730638244881135,5.096610744987245,10.002468286764838,8.200786629130178,12.73313210161946,7.396644782843524,15.098388372702871,12.22503648696295,12.246309033172167,17.397951699385032,18.2010173328719,"|0,0>","|1,0>","|2,0>","|0,1>","|4,0>","|1,1>","|3,0>","|2,1>","|5,0>",unlabeled,"|0,2>","|6,0>"
10.0,1.5,0.168269,10.59147455897116,0.5,0.37,-0.3830180048539802,-0.0017791401077715818,0.0017791401077715818,0.0,2.628061632598417,4.873105260342854,10.004134813299771,12.630417305790417,22.11675149139724,0.0,2.628061632598417,4.873105260342854,10.002377765007438,7.794996781104942,12.630417305790417,7.122815476168583,14.874808758980095,11.925350436438492,11.939640404343962,17.124132618471776,17.795384969049863,"|0,0>","|1,0>","|2,0>","|0,1>","|4,0>","|1,1>","|3,0>","|2,1>","|5,0>",unlabeled,"|0,2>","|6,0>"
10.0,1.5,0.168269,10.59147455897116,0.5,0.38,-0.4062771638941882,-0.0018852335842893808,0.0018852335842893808,0.0,2.5204645037313043,4.63465184356842,10.004134813299771,12.522714083446786,22.11675149139724,0.0,2.5204645037313043,4.63465184356842,10.002287128047954,7.389548193177234,12.522714083446786,6.84291723808694,14.636276972933942,11.625914100404643,11.635149417662277,16.844248968224875,17.390082078357977,"|0,0>","|1,0>","|2,0>","|0,1>","|4,0>","|1,1>","|3,0>","|2,1>","|5,0>",unlabeled,"|0,2>","|6,0>"
10.0,1.5,0.168269,10.59147455897116,0.5,0.39,-0.4356143399424326,-0.001976506874669326,0.001976506874669326,0.0,2.4074832541210043,4.379352168299576,10.004134813299771,12.409641560546106,22.11675149139724,0.0,2.4074832541210043,4.379352168299576,10.00219611506705,6.987829227756507,12.409641560546106,6.557829617574839,14.380895308867778,11.327608452313996,11.333314622885212,16.55917996457316,16.98850424977583,"|0,0>","|1,0>","|2,0>","|0,1>","|4,0>","|1,1>","|3,0>","|2,1>","|5,0>",unlabeled,"|0,2>","|6,0>"
10.0,1.5,0.168269,10.59147455897116,0.5,0.4,-0.47220201806793227,-0.0020593001493125485,0.0020593001493125485,0.0,2.288723001177459,4.105243984286986,10.004134813299771,12.290798514327918,22.11675149139724,0.0,2.288723001177459,4.105243984286986,10.002104512416224,6.59353477424736,12.290798514327918,6.268666011599933,14.106703213970931,11.031354038439872,11.034699631222509,16.270038543187738,16.59434926671372,"|0,0>","|1,0>","|2,0>","|0,1>","|4,0>","|1,1>","|3,0>","|2,1>","|5,0>",unlabeled,"|0,2>","|6,0>"
10.0,1.5,0.168269,10.59147455897116,0.5,0.41000000000000003,-0.5169592956983422,-0.002136234298660611,0.002136234298660611,0.0,2.163773267659735,3.810587239621128,10.004134813299771,12.165771846660846,22.11675149139724,0.0,2.163773267659735,3.810587239621128,10.00201180334038,6.21046216294431,12.165771846660846,5.97682103561678,13.811963786480405,10.738143402308026,10.73998895555934,15.978218734880144,16.211414060385465,"|0,0>","|1,0>","|2,0>","|0,1>","|4,0>","|1,1>","|3,0>","|2,1>","|5,0>",unlabeled,"|0,2>","|6,0>"
10.0,1.5,0.168269,10.59147455897116,0.5,0.42000000000000004,-0.570171668901196,-0.0022083086803519336,0.0022083086803519336,0.0,2.0322434445748883,3.4943152202485805,10.004134813299771,12.034169949194307,22.11675149139724,0.0,2.0322434445748883,3.4943152202485805,10.001915833864999,5.84219772436424,12.034169949194307,5.684031751420221,13.495614943371507,10.449087569842291,10.450039602991907,15.685456890409498,15.843281960102672,"|0,0>","|1,0>","|2,0>","|0,1>","|4,0>","|1,1>","|3,0>","|2,1>","|5,0>",unlabeled,"|0,2>","|6,0>"
10.0,1.5,0.168269,10.59147455897116,0.5,0.43000000000000005,-0.6310627233261954,-0.002275651263744294,0.002275651263744294,0.0,1.8938361492448337,3.156609575163472,10.004134813299771,11.89569531128086,22.11675149139724,0.0,1.8938361492448337,3.156609575163472,10.00179818297849,5.49177875403592,11.89569531128086,5.392463795944124,13.15784381768593,10.165495116301273,10.165975648037175,15.39391779585739,15.492985671356976,"|0,0>","|1,0>","|2,0>","|0,1>","|4,0>","|1,1>","|3,0>","|2,1>","|5,0>",unlabeled,"|0,2>","|6,0>"
10.0,1.5,0.168269,10.59147455897116,0.5,0.44000000000000006,-0.6974825864488707,-0.002337822755578145,0.002337822755578145,0.0,1.748494435192299,2.7995062839357274,10.004134813299771,11.750291425736492,22.11675149139724,0.0,1.748494435192299,2.7995062839357274,10.001823430650546,5.1615151598776805,11.750291425736492,5.104847672893868,12.800691463312617,9.889015258476846,9.889129609753482,15.10633094331699,15.162830392303661,"|0,0>","|1,0>","|2,0>","|0,1>","|4,0>","|1,1>","|3,0>","|2,1>","|5,0>",unlabeled,"|0,2>","|6,0>"
10.0,1.5,0.168269,10.59147455897116,0.5,0.45000000000000007,-0.7658881847060428,-0.002393958378490879,0.002393958378490879,0.0,1.596698661073603,2.427509137441163,10.004134813299771,11.598439515994883,22.11675149139724,0.0,1.596698661073603,2.427509137441163,10.001690906836245,4.82472647456656,11.598439515994883,4.853199023384292,12.428664981419075,9.62191347992389,9.621961002869014,14.854604819805374,14.826238234940348,"|0,0>","|1,0>","|2,0>","|0,1>","|4,0>","|1,1>","|3,0>","|2,1>","|5,0>",unlabeled,"|0,2>","|6,0>"
10.0,1.5,0.168269,10.59147455897116,0.5,0.45999999999999996,-0.8316779609480704,-0.002442863016668184,0.002442863016668184,0.0,1.4400858008677488,2.0484936407874272,10.004134813299771,11.441777751150852,22.11675149139724,0.0,1.4400858008677488,2.0484936407874272,10.001600143066156,4.55697105243695,11.441777751150852,4.568911316172475,12.049640663045693,9.36764367785257,9.367655651673928,14.570388601713788,14.558509158046746,unlabeled,unlabeled,unlabeled,unlabeled,unlabeled,unlabeled,unlabeled,unlabeled,unlabeled,unlabeled,unlabeled,unlabeled
10.0,1.5,0.168269,10.59147455897116,0.5,0.47,-0.8897877116280881,-0.002483121619960116,0.002483121619960116,0.0,1.282815069007384,1.67584242638668,10.004134813299771,11.284466760687195,22.11675149139724,0.0,1.282815069007384,1.67584242638668,10.001518300062529,4.308972558219466,11.284466760687195,4.312734174614306,11.67699936438963,9.132133111414944,9.132134851240707,14.31426439985458,14.310533377751185,unlabeled,unlabeled,unlabeled,unlabeled,unlabeled,unlabeled,unlabeled,unlabeled,unlabeled,unlabeled,unlabeled,unlabeled
10.0,1.5,0.168269,10.59147455897116,0.5,0.48,-0.9353786288029937,-0.0025132599903514574,0.0025132599903514574,0.0,1.1347145193441008,1.334050409885208,10.004134813299771,11.13633607265352,22.11675149139724,0.0,1.1347145193441008,1.334050409885208,10.001445240697961,4.093545141824677,11.13633607265352,4.094230413327253,11.335231517855576,8.926813161717902,8.92681320436418,14.095796598858428,14.095123553999727,unlabeled,unlabeled,unlabeled,unlabeled,unlabeled,unlabeled,unlabeled,unlabeled,unlabeled,unlabeled,unlabeled,unlabeled
10.0,1.5,0.168269,10.59147455897116,0.5,0.49,-0.9644762216641283,-0.002531961505511049,0.002531961505511049,0.0,1.0178068908906823,1.0711375601172364,10.004134813299771,11.019409742684942,22.11675149139724,0.0,1.0178068908906823,1.0711375601172364,10.00138800948649,3.9351585413462686,11.019409742684942,3.9351782155230097,11.072347573283992,8.775004193544618,8.775004184808282,13.936765121925347,13.936748117926243,unlabeled,unlabeled,unlabeled,unlabeled,unlabeled,unlabeled,unlabeled,unlabeled,unlabeled,unlabeled,unlabeled,unlabeled
10.0,1.5,0.168269,10.59147455897116,0.5,0.5,-0.9744772465295028,-0.0025383058689811833,0.0025383058689811833,0.0,0.9704639101378518,0.9664505737462008,10.004134813299771,10.972060417568642,22.11675149139724,0.0,0.9704639101378518,0.9664505737462008,10.001364261803886,3.873800574727028,10.972060417568642,3.8738024857983078,10.967675065002837,8.715928491108613,8.715928490419955,13.87539614611184,13.875393981274783,unlabeled,unlabeled,unlabeled,unlabeled,unlabeled,unlabeled,unlabeled,unlabeled,unlabeled,unlabeled,unlabeled,unlabeled
10.0,1.0,0.251983,15.873972407686743,0.5,-0.5,-0.9774399834092264,-0.003808774181564445,0.003808774181564445,0.0,0.9714338831356173,0.9654277828620081,10.005673492336157,10.97329860129021,22.112303982927457,0.0,0.9714338831356173,0.9654277828620081,10.001517084334736,3.873677468017604,10.97329860129021,3.873681748115189,10.966736456878408,8.715588795641793,8.715588793334575,13.875543555188628,13.875538707764733,unlabeled,unlabeled,unlabeled,unlabeled,unlabeled,unlabeled,unlabeled,unlabeled,unlabeled,unlabeled,unlabeled,unlabeled
10.0,1.0,0.251983,15.873972407686743,0.5,-0.49,-0.9674269598406653,-0.0037992508735840147,0.0037992508735840147,0.0,1.0187892294471652,1.0701514990536651,10.005673492336157,11.020663470909739,22.112303982927457,0.0,1.0187892294471652,1.0701514990536651,10.001552877003178,3.9350418672809724,11.020663470909739,3.935046979020086,11.071438245299404,8.774667354680844,8.774667339163074,13.936898687757505,13.936897352502427,unlabeled,unlabeled,unlabeled,unlabeled,unlabeled,unlabeled,unlabeled,unlabeled,unlabeled,unlabeled,unlabeled,unlabeled
10.0,1.0,0.251983,15.873972407686743,0.5,-0.48,-0.9382924419010124,-0.003771179178798434,0.003771179178798434,0.0,1.1357030305576217,1.333113619214231,10.005673492336157,11.13760534371498,22.112303982927457,0.0,1.1357030305576217,1.333113619214231,10.001639053354594,4.093417149790895,11.13760534371498,4.094036360700059,11.334356560454225,8.92645417228141,8.926454109809569,14.09585708530598,14.095255860465727,unlabeled,unlabeled,unlabeled,unlabeled,unlabeled,unlabeled,unlabeled,unlabeled,unlabeled,unlabeled,unlabeled,unlabeled
10.0,1.0,0.251983,15.873972407686743,0.5,-0.47,-0.8926372272466097,-0.003725942012181349,0.003725942012181349,0.0,1.2837800699808923,1.674922912715175,10.005673492336157,11.285727620304868,22.112303982927457,0.0,1.2837800699808923,1.674922912715175,10.001748951287013,4.30879287886809,11.285727620304868,4.31240057500753,11.676129098015522,9.13170405895471,9.131705220506916,14.314167518399586,14.310605156450762,unlabeled,unlabeled,unlabeled,unlabeled,unlabeled,unlabeled,unlabeled,unlabeled,unlabeled,unlabeled,unlabeled,unlabeled
10.0,1.0,0.251983,15.873972407686743,0.5,-0.46,-0.8344328732902966,-0.003665518079273511,0.003665518079273511,0.0,1.441002624520479,2.0475723757506614,10.005673492336157,11.443010598777363,22.112303982927457,0.0,1.441002624520479,2.0475723757506614,10.001871972571095,4.556705626000735,11.443010598777363,4.5683658276868755,12.048763174225641,9.3671025618074,9.367112459203923,14.570053574240617,14.558483775521424,unlabeled,unlabeled,unlabeled,unlabeled,unlabeled,unlabeled,unlabeled,unlabeled,unlabeled,unlabeled,unlabeled,unlabeled
10.0,1.0,0.251983,15.873972407686743,0.5,-0.45,-0.7685164217079716,-0.003592123369770661,0.003592123369770661,0.0,1.5975516364522804,2.426586851196589,10.005673492336157,11.599633005418667,22.112303982927457,0.0,1.5975516364522804,2.426586851196589,10.002008320788192,4.8243517707106065,11.599633005418667,4.852379358243908,12.427790370304606,9.621228411191396,9.621269405721407,14.853960117796916,14.826090335687823,"|0,0>","|1,0>","|2,0>","|0,1>","|4,0>","|1,1>","|3,0>","|2,1>","|5,0>",unlabeled,"|0,2>","|6,0>"
10.0,1.0,0.251983,15.873972407686743,0.5,-0.44,-0.6999533930374042,-0.0035078858668100565,0.0035078858668100565,0.0,1.7492741758297683,2.7985949586221324,10.005673492336157,11.751439782299116,22.112303982927457,0.0,1.7492741758297683,2.7985949586221324,10.002206608954864,5.1603697154264125,11.751439782299116,5.104348041083924,12.799841996056458,9.888161873965643,9.888245342950384,15.106043798310708,15.161814876583222,"|0,0>","|1,0>","|2,0>","|0,1>","|4,0>","|1,1>","|3,0>","|2,1>","|5,0>",unlabeled,"|0,2>","|6,0>"
10.0,1.0,0.251983,15.873972407686743,0.5,-0.43,-0.6333510796536359,-0.0034146044393708053,0.0034146044393708053,0.0,1.8945371316481072,3.1557231836425785,10.005673492336157,11.896796019544894,22.112303982927457,0.0,1.8945371316481072,3.1557231836425785,10.00216850954915,5.4902686633637785,11.896796019544894,5.391828965735712,13.157043396999384,10.164454201825222,10.164957412527954,15.393480741051093,15.49155155898535,"|0,0>","|1,0>","|2,0>","|0,1>","|4,0>","|1,1>","|3,0>","|2,1>","|5,0>",unlabeled,"|0,2>","|6,0>"
10.0,1.0,0.251983,15.873972407686743,0.5,-0.42,-0.5722624381240848,-0.003313583837169176,0.003313583837169176,0.0,2.0328625004035246,3.4934625626829643,10.005673492336157,12.035222408902513,22.112303982927457,0.0,2.0328625004035246,3.4934625626829643,10.002345815992285,5.8402994112178845,12.035222408902513,5.683255154822618,13.494880681398811,10.447843526109239,10.448797675351699,15.684863561297675,15.841398416251039,"|0,0>","|1,0>","|2,0>","|0,1>","|4,0>","|1,1>","|3,0>","|2,1>","|5,0>",unlabeled,"|0,2>","|6,0>"
10.0,1.0,0.251983,15.873972407686743,0.5,-0.41000000000000003,-0.5188492014111858,-0.00320549346170651,0.00320549346170651,0.0,2.164308694157583,3.8097681869039803,10.005673492336157,12.166776693032034,22.112303982927457,0.0,2.164308694157583,3.8097681869039803,10.002489958930752,6.208168263185627,12.166776693032034,5.9758987009751365,13.811301347527419,10.736683258105387,10.738519368193693,15.97746587023913,16.209068806762886,"|0,0>","|1,0>","|2,0>","|0,1>","|4,0>","|1,1>","|3,0>","|2,1>","|5,0>",unlabeled,"|0,2>","|6,0>"
10.0,1.0,0.251983,15.873972407686743,0.5,-0.4,-0.4738986026516301,-0.003090158077924343,0.003090158077924343,0.0,2.289174033478943,4.104449464306256,10.005673492336157,12.291757367737176,22.112303982927457,0.0,2.289174033478943,4.104449464306256,10.002629126167733,6.590852357755324,12.291757367737176,6.267595807112869,14.106106569798698,11.029666729374696,11.032989819577239,16.26912514745996,16.591546777328887,"|0,0>","|1,0>","|2,0>","|0,1>","|4,0>","|1,1>","|3,0>","|2,1>","|5,0>",unlabeled,"|0,2>","|6,0>"
10.0,1.0,0.251983,15.873972407686743,0.5,-0.39,-0.43713270721148945,-0.0029661096191944125,0.0029661096191944125,0.0,2.4078497461620003,4.378566785112511,10.005673492336157,12.410557128878963,22.112303982927457,0.0,2.4078497461620003,4.378566785112511,10.002766596204708,6.984775990172281,12.410557128878963,6.556610714498234,14.380349764875433,11.325684134747206,11.331351685718374,16.55810670058132,16.985261179482748,"|0,0>","|1,0>","|2,0>","|0,1>","|4,0>","|1,1>","|3,0>","|2,1>","|5,0>",unlabeled,"|0,2>","|6,0>"
10.0,1.0,0.251983,15.873972407686743,0.5,-0.38,-0.4076361573537355,-0.002829483456778803,0.002829483456778803,0.0,2.5207467312246195,4.633857305095503,10.005673492336157,12.523590740103998,22.112303982927457,0.0,2.5207467312246195,4.633857305095503,10.00290315523101,7.386148184577564,12.523590740103998,6.841549721049319,14.635763329975205,11.623743205735451,11.632920743056971,16.84301770396098,17.386421716747478,"|0,0>","|1,0>","|2,0>","|0,1>","|4,0>","|1,1>","|3,0>","|2,1>","|5,0>",unlabeled,"|0,2>","|6,0>"
10.0,1.0,0.251983,15.873972407686743,0.5,-0.37,-0.3842371141054173,-0.002670941300223717,0.002670941300223717,0.0,2.628260169057569,4.8722832240097205,10.005673492336157,12.631262720093503,22.112303982927457,0.0,2.628260169057569,4.8722832240097205,10.003039125957429,7.791276902363208,12.631262720093503,7.121300058650405,14.874306889454715,11.92292179300999,11.937133730296338,17.12274608081482,17.791332123346663,"|0,0>","|1,0>","|2,0>","|0,1>","|4,0>","|1,1>","|3,0>","|2,1>","|5,0>",unlabeled,"|0,2>","|6,0>"
10.0,1.0,0.251983,15.873972407686743,0.5,-0.36,-0.365763190795235,-0.00246515286617921,0.00246515286617921,0.0,2.730753882383368,5.095744573971501,10.005673492336157,12.733962221853346,22.112303982927457,0.0,2.730753882383368,5.095744573971501,10.00317489614119,8.196774286579327,12.733962221853346,7.394982601748225,15.09787952345134,12.222332155276149,12.24351246694907,17.39641320468067,18.196593884556577,"|0,0>","|1,0>","|2,0>","|0,1>","|4,0>","|1,1>","|3,0>","|2,1>","|5,0>",unlabeled,"|0,2>","|6,0>"
10.0,1.0,0.251983,15.873972407686743,0.5,-0.35,-0.35117393247490725,-0.0021186811581941356,0.0021186811581941356,0.0,2.828554968098075,5.305936003721243,10.005673492336157,12.832109779276038,22.112303982927457,0.0,2.828554968098075,5.305936003721243,10.003311365344203,8.599651098929655,12.832109779276038,7.661913248002833,15.308175913853034,12.521055096991972,12.551635415008064,17.663335268749663,18.59919685387537,"|0,0>","|1,0>","|2,0>","|0,1>","|4,0>","|1,1>","|3,0>","|2,1>","|5,0>",unlabeled,"|0,2>","|6,0>"
10.0,1.0,0.251983,15.873972407686743,0.5,-0.33999999999999997,-0.3396068436958757,-0.0008287809178284533,0.0008287809178284533,0.0,2.921953629260429,5.504300414824982,10.005673492336157,12.926798340678758,22.112303982927457,0.0,2.921953629260429,5.504300414824982,10.003451068490179,8.997334742976548,12.926798340678758,7.921570372237312,15.506639486910743,12.817492097082877,12.861112648220484,17.922990732562965,18.996526972268498,"|0,0>","|1,0>","|2,0>","|0,1>","|4,0>","|1,1>","|3,0>","|2,1>","|5,0>",unlabeled,"|0,2>","|6,0>"
10.0,1.0,0.251983,15.873972407686743,0.5,-0.32999999999999996,-0.330375452235927,-0.0044722977981024314,0.0044722977981024314,0.0,3.0112054787865503,5.692035505337174,10.005673492336157,13.012406673324605,22.112303982927457,0.0,3.0112054787865503,5.692035505337174,10.003603258883174,9.387644231299149,13.012406673324605,8.173566944561998,15.694468648917095,13.11675193788217,13.1715624694111,18.174992443038818,19.386309917274673,"|0,0>","|1,0>","|2,0>","|0,1>","|4,0>","|1,1>","|3,0>","|2,1>","|5,0>",unlabeled,"|0,2>","|6,0>"
10.0,1.0,0.251983,15.873972407686743,0.5,-0.32,-0.3229464344440913,-0.0030999699219620425,0.0030999699219620425,0.0,3.0965348576697664,5.8701232808954416,10.005673492336157,13.099108380083962,22.112303982927457,0.0,3.0965348576697664,5.8701232808954416,10.003837141817996,9.768702860173036,13.099108380083962,8.41762648976497,15.872646136586397,13.408145382321692,13.482589306679245,18.419063609631422,19.766384637095584,"|0,0>","|1,0>","|2,0>","|0,1>","|4,0>","|1,1>","|3,0>","|2,1>","|5,0>",unlabeled,"|0,2>","|6,0>"
10.0,1.0,0.251983,15.873972407686743,0.5,-0.31,-0.31691107835976595,-0.0027528742047024934,0.0027528742047024934,0.0,3.1781384073881327,6.039365736416499,10.005673492336157,13.181059025519588,22.112303982927457,0.0,3.1781384073881327,6.039365736416499,10.00347095406076,10.139713838509294,13.181059025519588,8.653562364727563,16.041974633953245,13.697003444015337,13.79376345571633,18.655017109528742,20.00665257839367,"|0,0>","|1,0>","|2,0>","|0,1>","|4,0>","|1,1>","|3,0>","|2,1>","|5,0>",unlabeled,"|0,2>","|6,0>"
10.0,1.0,0.251983,15.873972407686743,0.5,-0.3,-0.311958289276717,-0.0025547902034190884,0.0025547902034190884,0.0,3.2561885181833645,6.200418747090012,10.005673492336157,13.259307220316103,22.112303982927457,0.0,3.2561885181833645,6.200418747090012,10.003812923095438,10.498187550593642,13.259307220316103,8.881259982785068,16.20311065513917,13.981772193191944,14.104603826278549,18.882737748464336,20.007360431314027,"|0,0>","|1,0>","|2,0>","|0,1>","|4,0>","|1,1>","|3,0>","|2,1>","|5,0>",unlabeled,"|0,2>","|6,0>"
10.0,1.0,0.251983,15.873972407686743,0.5,-0.29000000000000004,-0.3078517917767414,-0.0024079945515751433,0.0024079945515751433,0.0,3.3308364825718684,6.353821173366995,10.005673492336157,13.33410198035645,22.112303982927457,0.0,3.3308364825718684,6.353821173366995,10.003963221589757,10.844111568176416,13.33410198035645,9.100661687156915,16.356593674412835,14.261711045609928,14.414565085889919,19.102167174716328,20.007663336099952,"|0,0>","|1,0>","|2,0>","|0,1>","|4,0>","|1,1>","|3,0>","|2,1>","|5,0>",unlabeled,"|0,2>","|6,0>"
10.0,1.0,0.251983,15.873972407686743,0.5,-0.28,-0.3044119660173408,-0.0022860375640192387,0.0022860375640192387,0.0,3.4022152941956705,6.500018622374,10.005673492336157,13.405602748967809,22.112303982927457,0.0,3.4022152941956705,6.500018622374,10.004089697962087,11.176649016046554,13.405602748967809,9.311754007100546,16.50286993617236,14.536187718334617,14.723030446294885,19.313291175350514,20.007917877218247,"|0,0>","|1,0>","|2,0>","|0,1>","|4,0>","|1,1>","|3,0>","|2,1>","|5,0>",unlabeled,"|0,2>","|6,0>"
10.0,1.0,0.251983,15.873972407686743,0.5,-0.27,-0.30150183981449175,-0.0021788643058044954,0.0021788643058044954,0.0,3.4704420888559184,6.639382337897345,10.005673492336157,13.473936716886271,22.112303982927457,0.0,3.4704420888559184,6.639382337897345,10.004206456474051,11.495334357470028,13.473936716886271,9.514557042487809,16.642311418595156,14.80462499754465,15.029310833167486,19.516129096919542,20.008152877837432,"|0,0>","|1,0>","|2,0>","|0,1>","|4,0>","|1,1>","|3,0>","|2,1>","|5,0>",unlabeled,"|0,2>","|6,0>"
10.0,1.0,0.251983,15.873972407686743,0.5,-0.26,-0.2990164841393863,-0.0020818626793186468,0.0020818626793186468,0.0,3.5356202518211433,6.7722240195029,10.005673492336157,13.539211881477982,22.112303982927457,0.0,3.5356202518211433,6.7722240195029,10.004316986145241,11.799903640956003,13.539211881477982,9.709115728262901,16.775230766127592,15.06649079664291,15.332650426898283,19.710725139766282,20.00837540878456,"|0,0>","|1,0>","|2,0>","|0,1>","|4,0>","|1,1>","|3,0>","|2,1>","|5,0>",unlabeled,"|0,2>","|6,0>"
10.0,1.0,0.251983,15.873972407686743,0.5,-0.25,-0.29687506634745375,-0.001992648367902916,0.001992648367902916,0.0,3.597841226543423,6.898807386739392,10.005673492336157,13.601522070511677,22.112303982927457,0.0,3.597841226543423,6.898807386739392,10.004422499777789,12.090258199289337,13.601522070511677,9.895492736833688,16.901893042891345,15.32129529184536,15.632237739642846,19.897141283016325,20.00858791528664,"|0,0>","|1,0>","|2,0>","|0,1>","|4,0>","|1,1>","|3,0>","|2,1>","|5,0>",unlabeled,"|0,2>","|6,0>"
10.0,1.0,0.251983,15.873972407686743,0.5,-0.24,-0.29501492421010767,-0.0019098819402358913,0.0019098819402358913,0.0,3.657186062605163,7.0193572010002185,10.005673492336157,13.660949673001085,22.112303982927457,0.0,3.657186062605163,7.0193572010002185,10.004523484695738,12.3664343008451,13.660949673001085,10.073762786990997,17.022525103238124,15.568589463538387,15.927220685523011,20.07545160896369,20.008791374061587,"|0,0>","|1,0>","|2,0>","|0,1>","|4,0>","|1,1>","|3,0>","|2,1>","|5,0>",unlabeled,"|0,2>","|6,0>"
10.0,1.0,0.251983,15.873972407686743,0.5,-0.22999999999999998,-0.2933871532982124,-0.0018327622345424288,0.0018327622345424288,0.0,3.7137267391635476,7.134066325028883,10.005673492336157,13.717567469265163,22.112303982927457,0.0,3.7137267391635476,7.134066325028883,10.0046201421695,12.628574140284456,13.717567469265163,10.244008143246617,17.137323366111076,15.807963755659927,16.216723607282518,20.24573781147356,20.008986184134514,"|0,0>","|1,0>","|2,0>","|0,1>","|4,0>","|1,1>","|3,0>","|2,1>","|5,0>",unlabeled,"|0,2>","|6,0>"
10.0,1.0,0.251983,15.873972407686743,0.5,-0.21999999999999997,-0.29195331850650064,-0.0017607840207460868,0.0017607840207460868,0.0,3.767527296776521,7.243101275046541,10.005673492336157,13.771440005091932,22.112303982927457,0.0,3.767527296776521,7.243101275046541,10.00471254577596,12.876898597821054,13.771440005091932,10.406315108427478,17.246461023335172,16.039046528331227,16.49986382593569,20.408085692386422,20.009172487065157,"|0,0>","|1,0>","|2,0>","|0,1>","|4,0>","|1,1>","|3,0>","|2,1>","|5,0>",unlabeled,"|0,2>","|6,0>"
10.0,1.0,0.251983,15.873972407686743,0.5,-0.21000000000000002,-0.2906829973550913,-0.0016936118034607262,0.0016936118034607262,0.0,3.8186448064264056,7.34660661549772,10.005673492336157,13.822624686959102,22.112303982927457,0.0,3.8186448064264056,7.34660661549772,10.004800708486698,13.11168270722466,13.822624686959102,10.560771333882897,17.350096924691556,16.26150225028944,16.775764227731756,20.562582471462264,20.00935030235523,"|0,0>","|1,0>","|2,0>","|0,1>","|4,0>","|1,1>","|3,0>","|2,1>","|5,0>",unlabeled,"|0,2>","|6,0>"
10.0,1.0,0.251983,15.873972407686743,0.5,-0.2,-0.2895519382055767,-0.0016310095230949173,0.0016310095230949173,0.0,3.8671302005108004,7.444708462816024,10.005673492336157,13.871172683323863,22.112303982927457,0.0,3.8671302005108004,7.444708462816024,10.00488461467954,13.333234567369999,13.871172683323863,10.707463793948776,17.448394373308403,16.475029464790893,17.043552774549113,20.709314757689796,20.00951959199709,"|0,0>","|1,0>","|2,0>","|0,1>","|4,0>","|1,1>","|3,0>","|2,1>","|5,0>",unlabeled,"|0,2>","|6,0>"
10.0,1.0,0.251983,15.873972407686743,0.5,-0.19,-0.2885406735665441,-0.0015727992098391042,0.0015727992098391042,0.0,3.9130289868911348,7.537517300215725,10.005673492336157,13.917129680017453,22.112303982927457,0.0,3.9130289868911348,7.537517300215725,10.004964236942001,13.541878053764677,13.917129680017453,10.84647729338829,17.54160055984154,16.679358589905902,17.302297762513476,20.848367051637908,20.009680294323886,"|0,0>","|1,0>","|2,0>","|0,1>","|4,0>","|1,1>","|3,0>","|2,1>","|5,0>",unlabeled,"|0,2>","|6,0>"
10.0,1.0,0.251983,15.873972407686743,0.5,-0.18,-0.28763347096465,-0.0015188355737620896,0.0015188355737620896,0.0,3.956381863741143,7.625130256517636,10.005673492336157,13.960536520503538,22.112303982927457,0.0,3.956381863741143,7.625130256517636,10.005039545627639,13.737939315307912,13.960536520503538,10.977893397228712,17.631023882084847,16.874249618856354,17.550041534140348,20.979820669061837,20.009832343231068,"|0,0>","|1,0>","|2,0>","|0,1>","|4,0>","|1,1>","|3,0>","|2,1>","|5,0>",unlabeled,"|0,2>","|6,0>"
10.0,1.0,0.251983,15.873972407686743,0.5,-0.16999999999999998,-0.28681753506276664,-0.0014689898900996923,0.0014689898900996923,0.0,3.997225250114198,7.7076329651656295,10.005673492336157,14.001429752560256,22.112303982927457,0.0,3.997225250114198,7.7076329651656295,10.005110514628697,13.921736757250017,14.001429752560256,11.101789691187008,17.708447899385916,17.059489781586123,17.794394148687743,21.103752994582536,20.009975679810907,"|0,0>","|1,0>","|2,0>","|0,1>","|4,0>","|1,1>","|3,0>","|2,1>","|5,0>",unlabeled,"|0,2>","|6,0>"
10.0,1.0,0.251983,15.873972407686743,0.5,-0.15999999999999998,-0.28608239752786346,-0.0014231395953316905,0.0014231395953316905,0.0,4.035591744740046,7.785101091952228,10.005673492336157,14.039842097480872,22.112303982927457,0.0,4.035591744740046,7.785101091952228,10.005177125060342,14.093574037930907,14.039842097480872,11.218239297574542,17.787537609319642,17.23489122069506,18.02113176462997,21.220236990732644,20.010110259758306,"|0,0>","|1,0>","|2,0>","|0,1>","|4,0>","|1,1>","|3,0>","|2,1>","|5,0>",unlabeled,"|0,2>","|6,0>"
10.0,1.0,0.251983,15.873972407686743,0.5,-0.14999999999999997,-0.28541944770830696,-0.0013811615592231874,0.0013811615592231874,0.0,4.071510523467708,7.8576015992271095,10.005673492336157,14.075802854244643,22.112303982927457,0.0,4.071510523467708,7.8576015992271095,10.005239367645643,14.253735534627424,14.075802854244643,11.327310585765474,17.86040846921216,17.400288725474567,18.237629836606843,21.32934090179306,20.01023605816907,"|0,0>","|1,0>","|2,0>","|0,1>","|4,0>","|1,1>","|3,0>","|2,1>","|5,0>",unlabeled,"|0,2>","|6,0>"
10.0,1.0,0.251983,15.873972407686743,0.5,-0.14,-0.28482156959957194,-0.0013429279335070987,0.0013429279335070987,0.0,4.105007684162757,7.925193798725942,10.005673492336157,14.109338248565408,22.112303982927457,0.0,4.105007684162757,7.925193798725942,10.005297244215896,14.402483737577114,14.109338248565408,11.429067028525552,17.928175407575054,17.55553755857173,18.44231441309337,21.43112810391213,20.01035307256528,"|0,0>","|1,0>","|2,0>","|0,1>","|4,0>","|1,1>","|3,0>","|2,1>","|5,0>",unlabeled,"|0,2>","|6,0>"
10.0,1.0,0.251983,15.873972407686743,0.5,-0.13,-0.2842828591794415,-0.001308303830384716,0.001308303830384716,0.0,4.136106546325806,7.98793023347217,10.005673492336157,14.140471734831578,22.112303982927457,0.0,4.136106546325806,7.98793023347217,10.00535076853599,14.540058082477273,14.140471734831578,11.523567165467924,17.991018744981886,17.70051140117026,18.634595103805452,21.525657062912188,20.010461324558364,"|0,0>","|1,0>","|2,0>","|0,1>","|4,0>","|1,1>","|3,0>","|2,1>","|5,0>",unlabeled,"|0,2>","|6,0>"
10.0,1.0,0.251983,15.873972407686743,0.5,-0.12,-0.28379840304209836,-0.0012771464554077738,0.0012771464554077738,0.0,4.1648279116154185,8.045857420188739,10.005673492336157,14.169224257496168,22.112303982927457,0.0,4.1648279116154185,8.045857420188739,10.005399966529694,14.66667480647368,14.169224257496168,11.610864643193793,18.049020511888102,17.83510043496534,18.81402665052073,21.61298136940873,20.010560860332717,"|0,0>","|1,0>","|2,0>","|0,1>","|4,0>","|1,1>","|3,0>","|2,1>","|5,0>",unlabeled,"|0,2>","|6,0>"
10.0,1.0,0.251983,15.873972407686743,0.5,-0.10999999999999999,-0.283364103823061,-0.0012493053982467472,0.0012493053982467472,0.0,4.1911902903813285,8.099016476939596,10.005673492336157,14.19561447731924,22.112303982927457,0.0,4.1911902903813285,8.099016476939596,10.005444875967399,14.782527493263487,14.19561447731924,11.691008308308113,18.10223563958111,17.959209572682113,18.980234971571775,21.69314982751439,20.0106517500153,"|0,0>","|1,0>","|2,0>","|0,1>","|4,0>","|1,1>","|3,0>","|2,1>","|5,0>",unlabeled,"|0,2>","|6,0>"
10.0,1.0,0.251983,15.873972407686743,0.5,-0.09999999999999998,-0.2829765417361898,-0.0012246239242728052,0.0012246239242728052,0.0,4.215210098582574,8.147443655428958,10.005673492336157,14.219658966994459,22.112303982927457,0.0,4.215210098582574,8.147443655428958,10.005485545588996,14.887788048926794,14.219658966994459,11.764042334891812,18.15070689375392,18.07275684347553,19.1328990855029,21.766206578696327,20.010734085958234,"|0,0>","|1,0>","|2,0>","|0,1>","|4,0>","|1,1>","|3,0>","|2,1>","|5,0>",unlabeled,"|0,2>","|6,0>"
10.0,1.0,0.251983,15.873972407686743,0.5,-0.08999999999999997,-0.2826328639265938,-0.001202941076982711,0.001202941076982711,0.0,4.236901828658688,8.191170793390782,10.005673492336157,14.241372379917863,22.112303982927457,0.0,4.236901828658688,8.191170793390782,10.005522033711628,14.982607915829519,14.241372379917863,11.83000637220168,18.194469601861613,18.175671935227328,19.2717430751065,21.832191246548604,20.01080797995978,"|0,0>","|1,0>","|2,0>","|0,1>","|4,0>","|1,1>","|3,0>","|2,1>","|5,0>",unlabeled,"|0,2>","|6,0>"
10.0,1.0,0.251983,15.873972407686743,0.5,-0.08000000000000002,-0.28233069556715407,-0.0011840944927143937,0.0011840944927143937,0.0,4.256278197432152,8.23022569929715,10.005673492336157,14.260767595275595,22.112303982927457,0.0,4.256278197432152,8.23022569929715,10.005554406295687,15.067119385631997,14.260767595275595,11.888935701698415,18.23355362055291,18.267894892358797,19.396530805956672,21.891139091606462,20.010873559429385,"|0,0>","|1,0>","|2,0>","|0,1>","|4,0>","|1,1>","|3,0>","|2,1>","|5,0>",unlabeled,"|0,2>","|6,0>"
10.0,1.0,0.251983,15.873972407686743,0.5,-0.07,-0.2820680680485026,-0.0011679237748865035,0.0011679237748865035,0.0,4.273350273603484,8.264632479158465,10.005673492336157,14.277855842164755,22.112303982927457,0.0,4.273350273603484,8.264632479158465,10.005582734548483,15.14143691443779,14.277855842164755,11.940861395132885,18.267984342324013,18.34937496539125,19.507061719319893,21.94308116781582,20.010930962614594,"|0,0>","|1,0>","|2,0>","|0,1>","|4,0>","|1,1>","|3,0>","|2,1>","|5,0>",unlabeled,"|0,2>","|6,0>"
10.0,1.0,0.251983,15.873972407686743,0.5,-0.06,-0.28184336067754145,-0.0011542742497283598,0.0011542742497283598,0.0,4.288127586930159,8.294411813182776,10.005673492336157,14.292646805016588,22.112303982927457,0.0,4.288127586930159,8.294411813182776,10.005607092112115,15.205658374697137,14.292646805016588,11.985810467373383,18.297783297344097,18.42006960675745,19.603167230395684,21.988044474345358,20.010980333009783,"|0,0>","|1,0>","|2,0>","|0,1>","|4,0>","|1,1>","|3,0>","|2,1>","|5,0>",unlabeled,"|0,2>","|6,0>"
10.0,1.0,0.251983,15.873972407686743,0.5,-0.04999999999999999,-0.2816552534050629,-0.0011430009844133338,0.0011430009844133338,0.0,4.300618220939896,8.319581188474729,10.005673492336157,14.30514871229164,22.112303982927457,0.0,4.300618220939896,8.319581188474729,10.005627551963428,15.259866201506284,14.30514871229164,12.023806019233533,18.322968554866833,18.479943606418814,19.684707590042564,22.026052097868558,20.0110218131872,"|0,0>","|1,0>","|2,0>","|0,1>","|4,0>","|1,1>","|3,0>","|2,1>","|5,0>",unlabeled,"|0,2>","|6,0>"
10.0,1.0,0.251983,15.873972407686743,0.5,-0.03999999999999998,-0.28150268849582005,-0.0011339728064712062,0.0011339728064712062,0.0,4.310828890577682,8.340155092659543,10.005673492336157,14.315368410107368,22.112303982927457,0.0,4.310828890577682,8.340155092659543,10.005644183161536,15.304128407202157,14.315368410107368,12.054867366710198,18.34355501008801,18.52896836039018,19.751569168445684,22.057123341668685,20.011055538322466,"|0,0>","|1,0>","|2,0>","|0,1>","|4,0>","|1,1>","|3,0>","|2,1>","|5,0>",unlabeled,"|0,2>","|6,0>"
10.0,1.0,0.251983,15.873972407686743,0.5,-0.02999999999999997,-0.2813848398474761,-0.001127076186705267,0.001127076186705267,0.0,4.3187650060463625,8.356145172245249,10.005673492336157,14.323311422195815,22.112303982927457,0.0,4.3187650060463625,8.356145172245249,10.00565704762026,15.338499449203837,14.323311422195815,12.079010153962102,18.3595545966123,18.567121265375505,19.80366215153012,22.081273838754328,20.01108162977671,"|0,0>","|1,0>","|2,0>","|0,1>","|4,0>","|1,1>","|3,0>","|2,1>","|5,0>",unlabeled,"|0,2>","|6,0>"
10.0,1.0,0.251983,15.873972407686743,0.5,-0.020000000000000018,-0.2813010889091174,-0.0011222187532240468,0.0011222187532240468,0.0,4.324430723790826,8.367560358672534,10.005673492336157,14.32898199737376,22.112303982927457,0.0,4.324430723790826,8.367560358672534,10.00566619709224,15.363020943273852,14.32898199737376,12.096246448020636,18.370976444955133,18.594385233137828,19.8409186507602,22.098515646904772,20.011100189103516,"|0,0>","|1,0>","|2,0>","|0,1>","|4,0>","|1,1>","|3,0>","|2,1>","|5,0>",unlabeled,"|0,2>","|6,0>"
10.0,1.0,0.251983,15.873972407686743,0.5,-0.010000000000000009,-0.2812510065075742,-0.0011193322508233905,0.0011193322508233905,0.0,4.327828985392131,8.374406964276687,10.005673492336157,14.332383145477465,22.112303982927457,0.0,4.327828985392131,8.374406964276687,10.00567167058108,15.377722218788776,14.332383145477465,12.106584813811267,18.377826998277698,18.610748319016878,19.863291229346643,22.108857324058803,20.011111292887236,"|0,0>","|1,0>","|2,0>","|0,1>","|4,0>","|1,1>","|3,0>","|2,1>","|5,0>",unlabeled,"|0,2>","|6,0>"
10.0,1.0,0.251983,15.873972407686743,0.5,0.0,-0.2812343401508741,-0.0011183747915879394,0.0011183747915879394,0.0,4.328961544958503,8.376688749766132,10.005673492336157,14.333516662503072,22.112303982927457,0.0,4.328961544958503,8.376688749766132,10.005673492336157,15.382620715050379,14.333516662503072,12.11003036839925,18.3801100916304,18.61620346001176,19.870751847587243,22.112303982927457,20.01111498876098,"|0,0>","|1,0>","|2,0>","|0,1>","|4,0>","|1,1>","|3,0>","|2,1>","|5,0>",unlabeled,"|0,2>","|6,0>"
10.0,1.0,0.251983,15.873972407686743,0.5,0.010000000000000009,-0.2812510065071052,-0.0011193322515055115,0.0011193322515055115,0.0,4.327828985392628,8.374406964278151,10.005673492336157,14.33238314547728,22.112303982927457,0.0,4.327828985392628,8.374406964278151,10.005671670581748,15.377722218789103,14.33238314547728,12.106584813811608,18.377826998277214,18.61074831901732,19.86329122934606,22.108857324058917,20.01111129288745,"|0,0>","|1,0>","|2,0>","|0,1>","|4,0>","|1,1>","|3,0>","|2,1>","|5,0>",unlabeled,"|0,2>","|6,0>"
10.0,1.0,0.251983,15.873972407686743,0.5,0.020000000000000018,-0.2813010889094869,-0.0011222187535651074,0.0011222187535651074,0.0,4.324430723790044,8.367560358670602,10.005673492336157,14.328981997372637,22.112303982927457,0.0,4.324430723790044,8.367560358670602,10.005666197090576,15.363020943272332,14.328981997372637,12.096246448020693,18.370976444953854,18.59438523313709,19.840918650759733,22.098515646904573,20.011100189102578,"|0,0>","|1,0>","|2,0>","|0,1>","|4,0>","|1,1>","|3,0>","|2,1>","|5,0>",unlabeled,"|0,2>","|6,0>"
10.0,1.0,0.251983,15.873972407686743,0.5,0.030000000000000027,-0.2813848398477887,-0.0011270761872168578,0.0011270761872168578,0.0,4.31876500604605,8.356145172244311,10.005673492336157,14.32331142219499,22.112303982927457,0.0,4.31876500604605,8.356145172244311,10.005657047620517,15.338499449202672,14.32331142219499,12.079010153962258,18.35955459661237,18.56712126537532,19.803662151530233,22.08127383875508,20.011081629777166,"|0,0>","|1,0>","|2,0>","|0,1>","|4,0>","|1,1>","|3,0>","|2,1>","|5,0>",unlabeled,"|0,2>","|6,0>"
10.0,1.0,0.251983,15.873972407686743,0.5,0.040000000000000036,-0.2815026884942,-0.0011339728064143628,0.0011339728064143628,0.0,4.310828890577341,8.340155092660481,10.005673492336157,14.315368410107084,22.112303982927457,0.0,4.310828890577341,8.340155092660481,10.00564418316263,15.304128407200906,14.315368410107084,12.054867366711022,18.343555010089332,18.528968360390877,19.751569168447375,22.057123341669225,20.011055538323475,"|0,0>","|1,0>","|2,0>","|0,1>","|4,0>","|1,1>","|3,0>","|2,1>","|5,0>",unlabeled,"|0,2>","|6,0>"
10.0,1.0,0.251983,15.873972407686743,0.5,0.050000000000000044,-0.28165525340403974,-0.0011430009838306887,0.0011430009838306887,0.0,4.300618220938844,8.319581188473649,10.005673492336157,14.305148712291171,22.112303982927457,0.0,4.300618220938844,8.319581188473649,10.005627551964182,15.259866201505005,14.305148712291171,12.023806019233788,18.32296855486537,18.47994360641775,19.68470759004134,22.02605209786823,20.0110218131873,"|0,0>","|1,0>","|2,0>","|0,1>","|4,0>","|1,1>","|3,0>","|2,1>","|5,0>",unlabeled,"|0,2>","|6,0>"
10.0,1.0,0.251983,15.873972407686743,0.5,0.06000000000000005,-0.28184336067700144,-0.0011542742509220716,0.0011542742509220716,0.0,4.288127586929605,8.294411813182208,10.005673492336157,14.29264680501484,22.112303982927457,0.0,4.288127586929605,8.294411813182208,10.005607092111703,15.205658374695304,14.29264680501484,11.985810467373625,18.297783297343784,18.420069606756726,19.603167230395798,21.988044474344207,20.010980333009456,"|0,0>","|1,0>","|2,0>","|0,1>","|4,0>","|1,1>","|3,0>","|2,1>","|5,0>",unlabeled,"|0,2>","|6,0>"
10.0,1.0,0.251983,15.873972407686743,0.5,0.07000000000000006,-0.2820680680465557,-0.0011679237745880755,0.0011679237745880755,0.0,4.273350273602148,8.26463247915774,10.005673492336157,14.277855842163717,22.112303982927457,0.0,4.273350273602148,8.26463247915774,10.00558273454827,15.141436914436227,14.277855842163717,11.940861395132345,18.267984342324425,18.34937496539017,19.507061719319097,21.943081167814995,20.01093096261438,"|0,0>","|1,0>","|2,0>","|0,1>","|4,0>","|1,1>","|3,0>","|2,1>","|5,0>",unlabeled,"|0,2>","|6,0>"
10.0,1.0,0.251983,15.873972407686743,0.5,0.07999999999999996,-0.28233069556961254,-0.0011840944939933706,0.0011840944939933706,0.0,4.256278197433403,8.230225699297193,10.005673492336157,14.260767595275567,22.112303982927457,0.0,4.256278197433403,8.230225699297193,10.005554406296355,15.067119385631258,14.260767595275567,11.888935701698884,18.233553620554233,18.26789489235921,19.39653080595788,21.89113909160551,20.010873559429925,"|0,0>","|1,0>","|2,0>","|0,1>","|4,0>","|1,1>","|3,0>","|2,1>","|5,0>",unlabeled,"|0,2>","|6,0>"
10.0,1.0,0.251983,15.873972407686743,0.5,0.08999999999999997,-0.2826328639259117,-0.0012029410772385063,0.0012029410772385063,0.0,4.23690182865856,8.191170793391208,10.005673492336157,14.241372379917479,22.112303982927457,0.0,4.23690182865856,8.191170793391208,10.005522033711728,14.982607915828709,14.241372379917479,11.830006372202263,18.1944696018615,18.1756719352269,19.27174307510657,21.83219124654933,20.010807979959935,"|0,0>","|1,0>","|2,0>","|0,1>","|4,0>","|1,1>","|3,0>","|2,1>","|5,0>",unlabeled,"|0,2>","|6,0>"
10.0,1.0,0.251983,15.873972407686743,0.5,0.09999999999999998,-0.28297654173613296,-0.0012246239249975588,0.0012246239249975588,0.0,4.215210098582304,8.147443655428475,10.005673492336157,14.219658966993464,22.112303982927457,0.0,4.215210098582304,8.147443655428475,10.005485545588343,14.887788048925003,14.219658966993464,11.76404233489211,18.150706893754133,18.07275684347492,19.132899085502046,21.76620657869465,20.010734085957537,"|0,0>","|1,0>","|2,0>","|0,1>","|4,0>","|1,1>","|3,0>","|2,1>","|5,0>",unlabeled,"|0,2>","|6,0>"
10.0,1.0,0.251983,15.873972407686743,0.5,0.10999999999999999,-0.283364103823331,-0.0012493053992272962,0.0012493053992272962,0.0,4.191190290381115,8.0990164769389,10.005673492336157,14.195614477318045,22.112303982927457,0.0,4.191190290381115,8.0990164769389,10.005444875966745,14.782527493261696,14.195614477318045,11.691008308307417,18.102235639580982,17.959209572680777,18.98023497157166,21.693149827514304,20.010651750013608,"|0,0>","|1,0>","|2,0>","|0,1>","|4,0>","|1,1>","|3,0>","|2,1>","|5,0>",unlabeled,"|0,2>","|6,0>"
10.0,1.0,0.251983,15.873972407686743,0.5,0.12,-0.2837984030394267,-0.0012771464552798761,0.0012771464552798761,0.0,4.164827911613756,8.045857420188085,10.005673492336157,14.169224257494633,22.112303982927457,0.0,4.164827911613756,8.045857420188085,10.005399966529993,14.666674806471917,14.169224257494633,11.610864643193949,18.04902051188826,17.835100434965312,18.81402665052059,21.612981369407905,20.010560860332504,"|0,0>","|1,0>","|2,0>","|0,1>","|4,0>","|1,1>","|3,0>","|2,1>","|5,0>",unlabeled,"|0,2>","|6,0>"
10.0,1.0,0.251983,15.873972407686743,0.5,0.13,-0.28428285918172946,-0.0013083038306120898,0.0013083038306120898,0.0,4.136106546326758,7.987930233471786,10.005673492336157,14.140471734832303,22.112303982927457,0.0,4.136106546326758,7.987930233471786,10.005350768535877,14.540058082476676,14.140471734832303,11.523567165469103,17.99101874498156,17.700511401170175,18.634595103805424,21.525657062911876,20.01046132455751,"|0,0>","|1,0>","|2,0>","|0,1>","|4,0>","|1,1>","|3,0>","|2,1>","|5,0>",unlabeled,"|0,2>","|6,0>"
10.0,1.0,0.251983,15.873972407686743,0.5,0.14,-0.28482156960008354,-0.0013429279342744849,0.0013429279342744849,0.0,4.105007684162629,7.925193798725175,10.005673492336157,14.109338248564512,22.112303982927457,0.0,4.105007684162629,7.925193798725175,10.005297244215399,14.402483737576205,14.109338248564512,11.429067028524386,17.9281754075748,17.555537558570606,18.44231441309259,21.431128103912513,20.010353072564413,"|0,0>","|1,0>","|2,0>","|0,1>","|4,0>","|1,1>","|3,0>","|2,1>","|5,0>",unlabeled,"|0,2>","|6,0>"
10.0,1.0,0.251983,15.873972407686743,0.5,0.15000000000000002,-0.28541944770870487,-0.0013811615599337301,0.0013811615599337301,0.0,4.0715105234677935,7.857601599226882,10.005673492336157,14.075802854244017,22.112303982927457,0.0,4.0715105234677935,7.857601599226882,10.005239367645885,14.25373553462778,14.075802854244017,11.327310585765161,17.860408469211592,17.400288725474752,18.23762983660552,21.32934090179279,20.010236058169298,"|0,0>","|1,0>","|2,0>","|0,1>","|4,0>","|1,1>","|3,0>","|2,1>","|5,0>",unlabeled,"|0,2>","|6,0>"
10.0,1.0,0.251983,15.873972407686743,0.5,0.16000000000000003,-0.286082397527025,-0.0014231395949764192,0.0014231395949764192,0.0,4.035591744740302,7.785101091953578,10.005673492336157,14.039842097481483,22.112303982927457,0.0,4.035591744740302,7.785101091953578,10.005177125060968,14.093574037931972,14.039842097481483,11.218239297575693,17.787537609320466,17.234891220695886,18.02113176463051,21.220236990733284,20.010110259759443,"|0,0>","|1,0>","|2,0>","|0,1>","|4,0>","|1,1>","|3,0>","|2,1>","|5,0>",unlabeled,"|0,2>","|6,0>"
10.0,1.0,0.251983,15.873972407686743,0.5,0.17000000000000004,-0.2868175350660209,-0.0014689898909807653,0.0014689898909807653,0.0,3.9972252501154344,7.707632965164848,10.005673492336157,14.001429752560611,22.112303982927457,0.0,3.9972252501154344,7.707632965164848,10.005110514628868,13.921736757250088,14.001429752560611,11.101789691188856,17.708447899386385,17.05948978158635,17.794394148688312,21.103752994584084,20.009975679811333,"|0,0>","|1,0>","|2,0>","|0,1>","|4,0>","|1,1>","|3,0>","|2,1>","|5,0>",unlabeled,"|0,2>","|6,0>"
10.0,1.0,0.251983,15.873972407686743,0.5,0.18000000000000005,-0.28763347096490577,-0.001518835573321553,0.001518835573321553,0.0,3.9563818637414414,7.625130256517977,10.005673492336157,13.960536520504277,22.112303982927457,0.0,3.9563818637414414,7.625130256517977,10.005039545628719,13.73793931530831,13.960536520504277,10.977893397228229,17.63102388208496,16.874249618856197,17.550041534140433,20.979820669061894,20.009832343231153,"|0,0>","|1,0>","|2,0>","|0,1>","|4,0>","|1,1>","|3,0>","|2,1>","|5,0>",unlabeled,"|0,2>","|6,0>"
10.0,1.0,0.251983,15.873972407686743,0.5,0.19000000000000006,-0.28854067356762414,-0.0015727992101659538,0.0015727992101659538,0.0,3.913028986891817,7.53751730021601,10.005673492336157,13.917129680017808,22.112303982927457,0.0,3.913028986891817,7.53751730021601,10.004964236942342,13.541878053765117,13.917129680017808,10.846477293388247,17.541600559841612,16.67935858990566,17.30229776251413,20.848367051637965,20.0096802943236,"|0,0>","|1,0>","|2,0>","|0,1>","|4,0>","|1,1>","|3,0>","|2,1>","|5,0>",unlabeled,"|0,2>","|6,0>"
10.0,1.0,0.251983,15.873972407686743,0.5,0.20000000000000007,-0.28955193820787883,-0.0016310095239475686,0.0016310095239475686,0.0,3.8671302005112267,7.4447084628145745,10.005673492336157,13.871172683323437,22.112303982927457,0.0,3.8671302005112267,7.4447084628145745,10.004884614678517,13.333234567370027,13.871172683323437,10.707463793947568,17.448394373307863,16.47502946479041,17.043552774548758,20.709314757689455,20.00951959199574,"|0,0>","|1,0>","|2,0>","|0,1>","|4,0>","|1,1>","|3,0>","|2,1>","|5,0>",unlabeled,"|0,2>","|6,0>"
10.0,1.0,0.251983,15.873972407686743,0.5,0.20999999999999996,-0.29068299735570235,-0.001693611803773365,0.001693611803773365,0.0,3.818644806426292,7.346606615496881,10.005673492336157,13.822624686958676,22.112303982927457,0.0,3.818644806426292,7.346606615496881,10.00480070848515,13.11168270722412,13.822624686958676,10.560771333881732,17.35009692469093,16.26150225028921,16.775764227732395,20.562582471461184,20.00935030235412,"|0,0>","|1,0>","|2,0>","|0,1>","|4,0>","|1,1>","|3,0>","|2,1>","|5,0>",unlabeled,"|0,2>","|6,0>"
10.0,1.0,0.251983,15.873972407686743,0.5,0.21999999999999997,-0.29195331850614537,-0.001760784020518713,0.001760784020518713,0.0,3.7675272967762226,7.2431012750463,10.005673492336157,13.771440005091861,22.112303982927457,0.0,3.7675272967762226,7.2431012750463,10.004712545775902,12.87689859782121,13.771440005091861,10.406315108427577,17.246461023335073,16.0390465283308,16.499863825936956,20.40808569238449,20.00917248706348,"|0,0>","|1,0>","|2,0>","|0,1>","|4,0>","|1,1>","|3,0>","|2,1>","|5,0>",unlabeled,"|0,2>","|6,0>"
10.0,1.0,0.251983,15.873972407686743,0.5,0.22999999999999998,-0.29338715329812715,-0.0018327622351819173,0.0018327622351819173,0.0,3.7137267391627944,7.134066325027462,10.005673492336157,13.71756746926377,22.112303982927457,0.0,3.7137267391627944,7.134066325027462,10.004620142168633,12.62857414028393,13.71756746926377,10.24400814324622,17.13732336611166,15.807963755658577,16.216723607282134,20.24573781147228,20.008986184133107,"|0,0>","|1,0>","|2,0>","|0,1>","|4,0>","|1,1>","|3,0>","|2,1>","|5,0>",unlabeled,"|0,2>","|6,0>"
10.0,1.0,0.251983,15.873972407686743,0.5,0.24,-0.2950149242130209,-0.0019098819413159163,0.0019098819413159163,0.0,3.6571860626061437,7.019357200999266,10.005673492336157,13.660949673000985,22.112303982927457,0.0,3.6571860626061437,7.019357200999266,10.004523484695298,12.366434300846024,13.660949673000985,10.073762786990514,17.022525103237967,15.568589463536682,15.927220685521746,20.07545160896221,20.008791374060266,"|0,0>","|1,0>","|2,0>","|0,1>","|4,0>","|1,1>","|3,0>","|2,1>","|5,0>",unlabeled,"|0,2>","|6,0>"
10.0,1.0,0.251983,15.873972407686743,0.5,0.25,-0.2968750663496422,-0.00199264836979296,0.00199264836979296,0.0,3.5978412265440056,6.898807386738369,10.005673492336157,13.60152207051037,22.112303982927457,0.0,3.5978412265440056,6.898807386738369,10.00442249977732,12.09025819928803,13.60152207051037,9.895492736832978,16.901893042892723,15.321295291844379,15.632237739642761,19.897141283016396,20.00858791528607,"|0,0>","|1,0>","|2,0>","|0,1>","|4,0>","|1,1>","|3,0>","|2,1>","|5,0>",unlabeled,"|0,2>","|6,0>"
10.0,1.0,0.251983,15.873972407686743,0.5,0.26,-0.29901648414012527,-0.002081862679688129,0.002081862679688129,0.0,3.535620251821271,6.772224019502417,10.005673492336157,13.53921188147774,22.112303982927457,0.0,3.535620251821271,6.772224019502417,10.00431698614507,11.799903640956089,13.53921188147774,9.709115728263185,16.775230766128416,15.066490796642299,15.332650426898539,19.710725139767987,20.008375408785113,"|0,0>","|1,0>","|2,0>","|0,1>","|4,0>","|1,1>","|3,0>","|2,1>","|5,0>",unlabeled,"|0,2>","|6,0>"
10.0,1.0,0.251983,15.873972407686743,0.5,0.27,-0.3015018398135254,-0.002178864305847128,0.002178864305847128,0.0,3.470442088854824,6.639382337896123,10.005673492336157,13.473936716885135,22.112303982927457,0.0,3.470442088854824,6.639382337896123,10.004206456473057,11.495334357469858,13.473936716885135,9.51455704248589,16.642311418595597,14.804624997542888,15.029310833167003,19.516129096920636,20.008152877838597,"|0,0>","|1,0>","|2,0>","|0,1>","|4,0>","|1,1>","|3,0>","|2,1>","|5,0>",unlabeled,"|0,2>","|6,0>"
10.0,1.0,0.251983,15.873972407686743,0.5,0.28,-0.30441196601769605,-0.0022860375631807983,0.0022860375631807983,0.0,3.4022152941948463,6.5000186223719965,10.005673492336157,13.405602748967823,22.112303982927457,0.0,3.4022152941948463,6.5000186223719965,10.004089697962343,11.176649016046724,13.405602748967823,9.311754007100134,16.50286993617273,14.536187718334233,14.723030446295041,19.313291175351736,20.007917877218446,"|0,0>","|1,0>","|2,0>","|0,1>","|4,0>","|1,1>","|3,0>","|2,1>","|5,0>",unlabeled,"|0,2>","|6,0>"
10.0,1.0,0.251983,15.873972407686743,0.5,0.29000000000000004,-0.3078517917772814,-0.002407994551390402,0.002407994551390402,0.0,3.3308364825718115,6.353821173366342,10.005673492336157,13.334101980356579,22.112303982927457,0.0,3.3308364825718115,6.353821173366342,10.00396322158953,10.844111568175322,13.334101980356579,9.100661687157043,16.356593674413347,14.26171104560811,14.414565085888611,19.102167174717124,20.007663336100592,"|0,0>","|1,0>","|2,0>","|0,1>","|4,0>","|1,1>","|3,0>","|2,1>","|5,0>",unlabeled,"|0,2>","|6,0>"
10.0,1.0,0.251983,15.873972407686743,0.5,0.30000000000000004,-0.311958289276447,-0.002554790203959101,0.002554790203959101,0.0,3.256188518183933,6.200418747091419,10.005673492336157,13.259307220316131,22.112303982927457,0.0,3.256188518183933,6.200418747091419,10.003812923095367,10.49818755059458,13.259307220316131,8.881259982785963,16.203110655140364,13.981772193191716,14.104603826277994,18.882737748465075,20.007360431315007,"|0,0>","|1,0>","|2,0>","|0,1>","|4,0>","|1,1>","|3,0>","|2,1>","|5,0>",unlabeled,"|0,2>","|6,0>"
10.0,1.0,0.251983,15.873972407686743,0.5,0.31000000000000005,-0.31691107836026333,-0.0027528742038072096,0.0027528742038072096,0.0,3.178138407388303,6.039365736416343,10.005673492336157,13.181059025520653,22.112303982927457,0.0,3.178138407388303,6.039365736416343,10.003470954060845,10.139713838509081,13.181059025520653,8.6535623647286,16.041974633955874,13.69700344401646,13.793763455717269,18.65501710952664,20.006652578392575,"|0,0>","|1,0>","|2,0>","|0,1>","|4,0>","|1,1>","|3,0>","|2,1>","|5,0>",unlabeled,"|0,2>","|6,0>"
10.0,1.0,0.251983,15.873972407686743,0.5,0.32000000000000006,-0.3229464344456403,-0.0030999699227578503,0.0030999699227578503,0.0,3.096534857670747,5.870123280895854,10.005673492336157,13.099108380084147,22.112303982927457,0.0,3.096534857670747,5.870123280895854,10.003837141817655,9.768702860172652,13.099108380084147,8.41762648976625,15.872646136588159,13.408145382321578,13.482589306678463,18.4190636096327,19.766384637095896,"|0,0>","|1,0>","|2,0>","|0,1>","|4,0>","|1,1>","|3,0>","|2,1>","|5,0>",unlabeled,"|0,2>","|6,0>"
10.0,1.0,0.251983,15.873972407686743,0.5,0.33000000000000007,-0.3303754522376323,-0.0044722978000493185,0.0044722978000493185,0.0,3.0112054787875024,5.692035505337373,10.005673492336157,13.01240667332361,22.112303982927457,0.0,3.0112054787875024,5.692035505337373,10.00360325888255,9.387644231299234,13.01240667332361,8.173566944562992,15.694468648917109,13.116751937881105,13.171562469410603,18.174992443040153,19.386309917274815,"|0,0>","|1,0>","|2,0>","|0,1>","|4,0>","|1,1>","|3,0>","|2,1>","|5,0>",unlabeled,"|0,2>","|6,0>"
10.0,1.0,0.251983,15.873972407686743,0.5,0.33999999999999997,-0.3396068436964299,-0.0008287809179137184,0.0008287809179137184,0.0,2.9219536292603863,5.504300414824343,10.005673492336157,12.92679834067863,22.112303982927457,0.0,2.9219536292603863,5.504300414824343,10.0034510684888,8.997334742975369,12.92679834067863,7.921570372238264,15.506639486910586,12.817492097082422,12.861112648220285,17.92299073256264,18.996526972266665,"|0,0>","|1,0>","|2,0>","|0,1>","|4,0>","|1,1>","|3,0>","|2,1>","|5,0>",unlabeled,"|0,2>","|6,0>"
10.0,1.0,0.251983,15.873972407686743,0.5,0.35,-0.35117393247425355,-0.0021186811576399123,0.0021186811576399123,0.0,2.828554968096668,5.305936003719083,10.005673492336157,12.832109779275186,22.112303982927457,0.0,2.828554968096668,5.305936003719083,10.003311365343038,8.599651098928476,12.832109779275186,7.661913248002435,15.30817591385295,12.52105509699119,12.551635415007425,17.66333526874908,18.599196853875455,"|0,0>","|1,0>","|2,0>","|0,1>","|4,0>","|1,1>","|3,0>","|2,1>","|5,0>",unlabeled,"|0,2>","|6,0>"
10.0,1.0,0.251983,15.873972407686743,0.5,0.36,-0.3657631907942829,-0.0024651528663355293,0.0024651528663355293,0.0,2.730753882383624,5.095744573972965,10.005673492336157,12.733962221853446,22.112303982927457,0.0,2.730753882383624,5.095744573972965,10.003174896142085,8.19677428657954,12.733962221853446,7.394982601750257,15.09787952345232,12.22233215527703,12.243512466949142,17.396413204681622,18.196593884557174,"|0,0>","|1,0>","|2,0>","|0,1>","|4,0>","|1,1>","|3,0>","|2,1>","|5,0>",unlabeled,"|0,2>","|6,0>"
10.0,1.0,0.251983,15.873972407686743,0.5,0.37,-0.38423711410605677,-0.0026709413011758443,0.0026709413011758443,0.0,2.628260169057981,4.872283224009905,10.005673492336157,12.631262720092963,22.112303982927457,0.0,2.628260169057981,4.872283224009905,10.003039125956974,7.7912769023635065,12.631262720092963,7.121300058650519,14.874306889453933,11.9229217930108,11.937133730295542,17.122746080815787,17.791332123348667,"|0,0>","|1,0>","|2,0>","|0,1>","|4,0>","|1,1>","|3,0>","|2,1>","|5,0>",unlabeled,"|0,2>","|6,0>"
10.0,1.0,0.251983,15.873972407686743,0.5,0.38,-0.4076361573552987,-0.002829483458043569,0.002829483458043569,0.0,2.520746731225387,4.633857305095475,10.005673492336157,12.5235907401035,22.112303982927457,0.0,2.520746731225387,4.633857305095475,10.002903155232076,7.386148184577451,12.5235907401035,6.841549721049958,14.635763329975276,11.623743205736318,11.632920743057511,16.843017703960896,17.386421716747677,"|0,0>","|1,0>","|2,0>","|0,1>","|4,0>","|1,1>","|3,0>","|2,1>","|5,0>",unlabeled,"|0,2>","|6,0>"
10.0,1.0,0.251983,15.873972407686743,0.5,0.39,-0.43713270721217157,-0.0029661096194644188,0.0029661096194644188,0.0,2.4078497461623556,4.37856678511254,10.005673492336157,12.410557128879049,22.112303982927457,0.0,2.4078497461623556,4.37856678511254,10.002766596206115,6.9847759901706326,12.410557128879049,6.5566107144978645,14.380349764875263,11.325684134747291,11.33135168571792,16.55810670058183,16.985261179482762,"|0,0>","|1,0>","|2,0>","|0,1>","|4,0>","|1,1>","|3,0>","|2,1>","|5,0>",unlabeled,"|0,2>","|6,0>"
10.0,1.0,0.251983,15.873972407686743,0.5,0.4,-0.47389860265222694,-0.003090158077569072,0.003090158077569072,0.0,2.2891740334790285,4.10444946430583,10.005673492336157,12.291757367737617,22.112303982927457,0.0,2.2891740334790285,4.10444946430583,10.002629126167307,6.590852357754173,12.291757367737617,6.267595807111178,14.106106569798897,11.02966672937491,11.03298981957748,16.269125147461153,16.5915467773288,"|0,0>","|1,0>","|2,0>","|0,1>","|4,0>","|1,1>","|3,0>","|2,1>","|5,0>",unlabeled,"|0,2>","|6,0>"
10.0,1.0,0.251983,15.873972407686743,0.5,0.41000000000000003,-0.5188492014123938,-0.0032054934613938713,0.0032054934613938713,0.0,2.164308694157967,3.80976818690354,10.005673492336157,12.16677669303273,22.112303982927457,0.0,2.164308694157967,3.80976818690354,10.002489958930909,6.20816826318449,12.16677669303273,5.975898700975037,13.811301347527177,10.736683258105131,10.738519368194034,15.977465870239087,16.209068806762474,"|0,0>","|1,0>","|2,0>","|0,1>","|4,0>","|1,1>","|3,0>","|2,1>","|5,0>",unlabeled,"|0,2>","|6,0>"
10.0,1.0,0.251983,15.873972407686743,0.5,0.42000000000000004,-0.572262438122749,-0.003313583836487055,0.003313583836487055,0.0,2.032862500402615,3.493462562682481,10.005673492336157,12.035222408902285,22.112303982927457,0.0,2.032862500402615,3.493462562682481,10.002345815992513,5.840299411217416,12.035222408902285,5.683255154822504,13.494880681398271,10.447843526108144,10.448797675350747,15.684863561297547,15.84139841624986,"|0,0>","|1,0>","|2,0>","|0,1>","|4,0>","|1,1>","|3,0>","|2,1>","|5,0>",unlabeled,"|0,2>","|6,0>"
10.0,1.0,0.251983,15.873972407686743,0.5,0.43000000000000005,-0.6333510796534938,-0.0034146044396550224,0.0034146044396550224,0.0,1.894537131648221,3.155723183642948,10.005673492336157,11.896796019544723,22.112303982927457,0.0,1.894537131648221,3.155723183642948,10.00216850954925,5.490268663362912,11.896796019544723,5.391828965735058,13.157043396999143,10.164454201824967,10.164957412528196,15.393480741050865,15.491551558984867,"|0,0>","|1,0>","|2,0>","|0,1>","|4,0>","|1,1>","|3,0>","|2,1>","|5,0>",unlabeled,"|0,2>","|6,0>"
10.0,1.0,0.251983,15.873972407686743,0.5,0.44000000000000006,-0.6999533930390953,-0.003507885867762184,0.003507885867762184,0.0,1.74927417583055,2.7985949586220045,10.005673492336157,11.751439782298945,22.112303982927457,0.0,1.74927417583055,2.7985949586220045,10.002206608954879,5.160369715425901,11.751439782298945,5.104348041083668,12.79984199605535,9.888161873964975,9.888245342950938,15.106043798310935,15.16181487658308,"|0,0>","|1,0>","|2,0>","|0,1>","|4,0>","|1,1>","|3,0>","|2,1>","|5,0>",unlabeled,"|0,2>","|6,0>"
10.0,1.0,0.251983,15.873972407686743,0.5,0.45000000000000007,-0.7685164217052289,-0.003592123368221678,0.003592123368221678,0.0,1.5975516364508167,2.4265868511964044,10.005673492336157,11.599633005418752,22.112303982927457,0.0,1.5975516364508167,2.4265868511964044,10.002008320787496,4.824351770710393,11.599633005418752,4.8523793582430415,12.427790370304493,9.621228411190202,9.621269405720412,14.853960117794898,14.826090335686843,"|0,0>","|1,0>","|2,0>","|0,1>","|4,0>","|1,1>","|3,0>","|2,1>","|5,0>",unlabeled,"|0,2>","|6,0>"
10.0,1.0,0.251983,15.873972407686743,0.5,0.45999999999999996,-0.8344328732897281,-0.0036655180787050767,0.0036655180787050767,0.0,1.4410026245209195,2.047572375752111,10.005673492336157,11.443010598778372,22.112303982927457,0.0,1.4410026245209195,2.047572375752111,10.001871972571365,4.556705626001985,11.443010598778372,4.568365827687572,12.048763174226309,9.367102561807485,9.367112459204918,14.570053574241498,14.55848377552202,unlabeled,unlabeled,unlabeled,unlabeled,unlabeled,unlabeled,unlabeled,unlabeled,unlabeled,unlabeled,unlabeled,unlabeled
10.0,1.0,0.251983,15.873972407686743,0.5,0.47,-0.8926372272458281,-0.003725942011882921,0.003725942011882921,0.0,1.283780069980324,1.6749229127148197,10.005673492336157,11.285727620304598,22.112303982927457,0.0,1.283780069980324,1.6749229127148197,10.001748951287325,4.308792878867635,11.285727620304598,4.312400575006606,11.676129098015892,9.131704058953659,9.131705220506504,14.314167518399216,14.310605156450293,unlabeled,unlabeled,unlabeled,unlabeled,unlabeled,unlabeled,unlabeled,unlabeled,unlabeled,unlabeled,unlabeled,unlabeled
10.0,1.0,0.251983,15.873972407686743,0.5,0.48,-0.9382924419012113,-0.0037711791776757764,0.0037711791776757764,0.0,1.1357030305576217,1.333113619214032,10.005673492336157,11.137605343716103,22.112303982927457,0.0,1.1357030305576217,1.333113619214032,10.00163905335421,4.093417149792174,11.137605343716103,4.0940363607004855,11.334356560454822,8.92645417228178,8.926454109810408,14.09585708530578,14.095255860466139,unlabeled,unlabeled,unlabeled,unlabeled,unlabeled,unlabeled,unlabeled,unlabeled,unlabeled,unlabeled,unlabeled,unlabeled
10.0,1.0,0.251983,15.873972407686743,0.5,0.49,-0.9674269598405374,-0.003799250873640858,0.003799250873640858,0.0,1.0187892294471226,1.0701514990537078,10.005673492336157,11.02066347090964,22.112303982927457,0.0,1.0187892294471226,1.0701514990537078,10.001552877002865,3.935041867280191,11.02066347090964,3.935046979020015,11.071438245299404,8.774667354681057,8.774667339163145,13.936898687757306,13.936897352502697,unlabeled,unlabeled,unlabeled,unlabeled,unlabeled,unlabeled,unlabeled,unlabeled,unlabeled,unlabeled,unlabeled,unlabeled
10.0,1.0,0.251983,15.873972407686743,0.5,0.5,-0.9774399834099938,-0.0038087741820049814,0.0038087741820049814,0.0,0.9714338831363563,0.9654277828627187,10.005673492336157,10.973298601290509,22.112303982927457,0.0,0.9714338831363563,0.9654277828627187,10.001517084335845,3.873677468017533,10.973298601290509,3.8736817481161125,10.966736456878678,8.715588795642418,8.715588793335513,13.875543555189381,13.875538707765315,unlabeled,unlabeled,unlabeled,unlabeled,unlabeled,unlabeled,unlabeled,unlabeled,unlabeled,unlabeled,unlabeled,unlabeled
